filename,model,samples_16k,input_sha256,P808_MOS,BAK,SIG,OVRL
ms_realrec_emotional_female_SNR_12.11dB_stationary_laptopmic_A3VBNWON5XOUVS_AC_near_sx61.wav,Noisy,177030,8b37c50a403b8b617f0434ab753f428e63b28a8d9ff52897e34fdec9f772f849,2.75288724899292,2.5569100578027415,3.586898920726934,2.4558133264906874
ms_realrec_emotional_female_SNR_12.11dB_stationary_laptopmic_A3VBNWON5XOUVS_AC_near_sx61.wav,RNNoise v0.2,177030,8b37c50a403b8b617f0434ab753f428e63b28a8d9ff52897e34fdec9f772f849,3.1305360794067383,4.069648107208113,3.3282439701770947,3.0372117241724195
ms_realrec_emotional_female_SNR_12.11dB_stationary_laptopmic_A3VBNWON5XOUVS_AC_near_sx61.wav,GTCRN,177030,8b37c50a403b8b617f0434ab753f428e63b28a8d9ff52897e34fdec9f772f849,3.515004873275757,4.049506284565356,3.258564647732694,2.964368088803009
ms_realrec_emotional_female_SNR_13.12dB_headset_A1EK8YNHZHTW1J_Water_far_Laughter_11.wav,Noisy,277707,8493495daf043696eb1fb5483369259109a79343f95fc07818338f00e5616780,2.224430799484253,1.297931780018679,3.167878531167926,1.584214062704903
ms_realrec_emotional_female_SNR_13.12dB_headset_A1EK8YNHZHTW1J_Water_far_Laughter_11.wav,RNNoise v0.2,277707,8493495daf043696eb1fb5483369259109a79343f95fc07818338f00e5616780,2.6714651584625244,3.6174962429318254,2.461168296536709,2.161707663828341
ms_realrec_emotional_female_SNR_13.12dB_headset_A1EK8YNHZHTW1J_Water_far_Laughter_11.wav,GTCRN,277707,8493495daf043696eb1fb5483369259109a79343f95fc07818338f00e5616780,2.9957082271575928,3.6478391006177553,2.802663958141554,2.419048235757278
ms_realrec_emotional_female_SNR_13.12dB_headset_A2AHXGFXPG6ZSR_Water_far_Laughter_11.wav,Noisy,277707,8493495daf043696eb1fb5483369259109a79343f95fc07818338f00e5616780,2.224430799484253,1.297931780018679,3.167878531167926,1.584214062704903
ms_realrec_emotional_female_SNR_13.12dB_headset_A2AHXGFXPG6ZSR_Water_far_Laughter_11.wav,RNNoise v0.2,277707,8493495daf043696eb1fb5483369259109a79343f95fc07818338f00e5616780,2.6714651584625244,3.6174962429318254,2.461168296536709,2.161707663828341
ms_realrec_emotional_female_SNR_13.12dB_headset_A2AHXGFXPG6ZSR_Water_far_Laughter_11.wav,GTCRN,277707,8493495daf043696eb1fb5483369259109a79343f95fc07818338f00e5616780,2.9957082271575928,3.6478391006177553,2.802663958141554,2.419048235757278
ms_realrec_emotional_female_SNR_14.16dB_stationary_laptopmic_A3VBNWON5XOUVS_fan_near_sx29.wav,Noisy,183680,d82cec62aba55115261fb427eaa7e9c77d251eeb766efc7f892701a3ce829c9e,2.6915464401245117,3.249591413793011,3.6646284099316437,2.8514914892888235
ms_realrec_emotional_female_SNR_14.16dB_stationary_laptopmic_A3VBNWON5XOUVS_fan_near_sx29.wav,RNNoise v0.2,183680,d82cec62aba55115261fb427eaa7e9c77d251eeb766efc7f892701a3ce829c9e,3.205779552459717,4.163834713678331,3.4234071965030823,3.156833433044598
ms_realrec_emotional_female_SNR_14.16dB_stationary_laptopmic_A3VBNWON5XOUVS_fan_near_sx29.wav,GTCRN,183680,d82cec62aba55115261fb427eaa7e9c77d251eeb766efc7f892701a3ce829c9e,3.2869515419006348,4.146150754702605,3.3834608008238156,3.1071880049327767
ms_realrec_emotional_female_SNR_14.33dB_stationary_headset_A2Y2RVQO2UVFV1_fan_far_laughter_1.wav,Noisy,215328,4770e0e69d488d56dd23cbe7bd5bcf970100084dfab388d1268fad1968b53b28,2.55410099029541,1.8027824713387093,3.366898866987752,1.9339949430462835
ms_realrec_emotional_female_SNR_14.33dB_stationary_headset_A2Y2RVQO2UVFV1_fan_far_laughter_1.wav,RNNoise v0.2,215328,4770e0e69d488d56dd23cbe7bd5bcf970100084dfab388d1268fad1968b53b28,3.258310079574585,4.15401400133868,3.2322138003583376,2.9806798228249853
ms_realrec_emotional_female_SNR_14.33dB_stationary_headset_A2Y2RVQO2UVFV1_fan_far_laughter_1.wav,GTCRN,215328,4770e0e69d488d56dd23cbe7bd5bcf970100084dfab388d1268fad1968b53b28,3.302358865737915,3.9338366772562825,2.7950034633003122,2.533391783740477
ms_realrec_emotional_female_SNR_16.59dB_stationary_headset_A2Y2RVQO2UVFV1_fan_far_laughter_2.wav,Noisy,205822,3dd9dce4c01c796ba6cd0e0c14eaa09c5d777462cce38ba61e0a08df63c0600b,2.5415520668029785,1.9264759758003207,3.3188151039065925,1.9838574746687059
ms_realrec_emotional_female_SNR_16.59dB_stationary_headset_A2Y2RVQO2UVFV1_fan_far_laughter_2.wav,RNNoise v0.2,205822,3dd9dce4c01c796ba6cd0e0c14eaa09c5d777462cce38ba61e0a08df63c0600b,3.1864349842071533,4.070540300080058,3.1010644383813712,2.8409512053603323
ms_realrec_emotional_female_SNR_16.59dB_stationary_headset_A2Y2RVQO2UVFV1_fan_far_laughter_2.wav,GTCRN,205822,3dd9dce4c01c796ba6cd0e0c14eaa09c5d777462cce38ba61e0a08df63c0600b,3.2590677738189697,3.7837541184818733,2.729782600920091,2.4186989603096305
ms_realrec_emotional_female_SNR_16.67dB_stationary_laptopmic_A3VBNWON5XOUVS_fan_near_si23.wav,Noisy,156160,03e47249cd0890c06428b06839a2b482cdb80a6d3c4f8ebc768aa36a8f58d832,2.961979866027832,3.3214481978423867,3.563573912742745,2.860869546893506
ms_realrec_emotional_female_SNR_16.67dB_stationary_laptopmic_A3VBNWON5XOUVS_fan_near_si23.wav,RNNoise v0.2,156160,03e47249cd0890c06428b06839a2b482cdb80a6d3c4f8ebc768aa36a8f58d832,3.3096861839294434,4.183171948080547,3.5633484872142187,3.278694263924885
ms_realrec_emotional_female_SNR_16.67dB_stationary_laptopmic_A3VBNWON5XOUVS_fan_near_si23.wav,GTCRN,156160,03e47249cd0890c06428b06839a2b482cdb80a6d3c4f8ebc768aa36a8f58d832,3.5233001708984375,4.027102100300315,3.357006280860517,3.0296880115026252
ms_realrec_emotional_female_SNR_16.76dB_laptopmic_A3VBNWON5XOUVS_typing_near_si1129_10.wav,Noisy,210971,2a088e68c35c5b513e7509f013c9d0a84f1b1172c3225d9b3e837c07c8fab6ee,3.1386830806732178,3.2692136599154447,3.561544377723301,2.793008405666469
ms_realrec_emotional_female_SNR_16.76dB_laptopmic_A3VBNWON5XOUVS_typing_near_si1129_10.wav,RNNoise v0.2,210971,2a088e68c35c5b513e7509f013c9d0a84f1b1172c3225d9b3e837c07c8fab6ee,3.6545522212982178,4.063985353726756,3.412732935922918,3.098490302645727
ms_realrec_emotional_female_SNR_16.76dB_laptopmic_A3VBNWON5XOUVS_typing_near_si1129_10.wav,GTCRN,210971,2a088e68c35c5b513e7509f013c9d0a84f1b1172c3225d9b3e837c07c8fab6ee,3.706993579864502,4.056368888486544,3.291449431473663,2.97507990667662
ms_realrec_emotional_female_SNR_16.78dB_stationary_laptopmic_A3VBNWON5XOUVS_AC_far_si115.wav,Noisy,162726,40302a1ec0eb6bac5d1c2af5015b0cf858ca8fd2944bec094e0764d1e127249a,2.3819406032562256,2.510419759616155,2.722961977831504,2.200111227768916
ms_realrec_emotional_female_SNR_16.78dB_stationary_laptopmic_A3VBNWON5XOUVS_AC_far_si115.wav,RNNoise v0.2,162726,40302a1ec0eb6bac5d1c2af5015b0cf858ca8fd2944bec094e0764d1e127249a,2.6685922145843506,4.067971042861435,3.183526510513951,2.891898862735293
ms_realrec_emotional_female_SNR_16.78dB_stationary_laptopmic_A3VBNWON5XOUVS_AC_far_si115.wav,GTCRN,162726,40302a1ec0eb6bac5d1c2af5015b0cf858ca8fd2944bec094e0764d1e127249a,2.3972787857055664,4.101917537473263,3.154271011369034,2.909981102898206
ms_realrec_emotional_female_SNR_17.4dB_laptopmic_A3VBNWON5XOUVS_clatter_far_sx31.wav,Noisy,167168,f3a715ca4885236b40d2c04702efa9eb22e7251e2ae5d166002835b4620dee5a,2.5273478031158447,2.362714440947566,3.324622300632057,2.3137614277862855
ms_realrec_emotional_female_SNR_17.4dB_laptopmic_A3VBNWON5XOUVS_clatter_far_sx31.wav,RNNoise v0.2,167168,f3a715ca4885236b40d2c04702efa9eb22e7251e2ae5d166002835b4620dee5a,2.769909381866455,3.7658947153008375,3.067720016519537,2.6618438075752637
ms_realrec_emotional_female_SNR_17.4dB_laptopmic_A3VBNWON5XOUVS_clatter_far_sx31.wav,GTCRN,167168,f3a715ca4885236b40d2c04702efa9eb22e7251e2ae5d166002835b4620dee5a,3.035776138305664,3.7909137042153063,3.0087546485126437,2.6569833468210486
ms_realrec_emotional_female_SNR_17.54dB_headset_A2Y2RVQO2UVFV1_Water_far_Laughter_12.wav,Noisy,221520,1ad59171f3ceb32d1050739afaff4754e41e292c9f530bbfe3cd84b1ab421cb0,2.529102325439453,1.4758645419990073,3.25183957099082,1.7268508661641675
ms_realrec_emotional_female_SNR_17.54dB_headset_A2Y2RVQO2UVFV1_Water_far_Laughter_12.wav,RNNoise v0.2,221520,1ad59171f3ceb32d1050739afaff4754e41e292c9f530bbfe3cd84b1ab421cb0,3.0565731525421143,4.046791626485259,3.0280321336485354,2.7545537921612833
ms_realrec_emotional_female_SNR_17.54dB_headset_A2Y2RVQO2UVFV1_Water_far_Laughter_12.wav,GTCRN,221520,1ad59171f3ceb32d1050739afaff4754e41e292c9f530bbfe3cd84b1ab421cb0,3.1158571243286133,3.8477542653723207,2.7506459170653574,2.449131047099782
ms_realrec_emotional_female_SNR_17.59dB_headset_A2Y2RVQO2UVFV1_Kitchen_far_Surprise_10.wav,Noisy,249728,8a3cdc225aa14bd5dda6d495fdd85455a6f60c6c230513b346d8b283c166c26e,2.6037237644195557,1.724626681594254,3.326380684025789,1.9066863268843839
ms_realrec_emotional_female_SNR_17.59dB_headset_A2Y2RVQO2UVFV1_Kitchen_far_Surprise_10.wav,RNNoise v0.2,249728,8a3cdc225aa14bd5dda6d495fdd85455a6f60c6c230513b346d8b283c166c26e,3.5775511264801025,4.039481013830719,3.2322950694004127,2.9461971028957765
ms_realrec_emotional_female_SNR_17.59dB_headset_A2Y2RVQO2UVFV1_Kitchen_far_Surprise_10.wav,GTCRN,249728,8a3cdc225aa14bd5dda6d495fdd85455a6f60c6c230513b346d8b283c166c26e,3.5963451862335205,3.8636483965535233,2.8608890222693297,2.572324471989929
ms_realrec_emotional_female_SNR_17.74dB_headset_A1EK8YNHZHTW1J_Water_far_Laughter_12.wav,Noisy,249040,58ac6bb3cff324ad946c5835e2222ddc85d7799b8f9b55ded95bfcdabad12e44,2.1729676723480225,1.4847627015210652,3.0411644628244985,1.6416158313764777
ms_realrec_emotional_female_SNR_17.74dB_headset_A1EK8YNHZHTW1J_Water_far_Laughter_12.wav,RNNoise v0.2,249040,58ac6bb3cff324ad946c5835e2222ddc85d7799b8f9b55ded95bfcdabad12e44,3.066801071166992,4.052363553777691,2.7801248506141083,2.5720815953651077
ms_realrec_emotional_female_SNR_17.74dB_headset_A1EK8YNHZHTW1J_Water_far_Laughter_12.wav,GTCRN,249040,58ac6bb3cff324ad946c5835e2222ddc85d7799b8f9b55ded95bfcdabad12e44,3.1758716106414795,3.943170444505754,2.7185627504681436,2.471891489165673
ms_realrec_emotional_female_SNR_17.74dB_headset_A2AHXGFXPG6ZSR_Water_far_Laughter_12.wav,Noisy,249040,58ac6bb3cff324ad946c5835e2222ddc85d7799b8f9b55ded95bfcdabad12e44,2.1729676723480225,1.4847627015210652,3.0411644628244985,1.6416158313764777
ms_realrec_emotional_female_SNR_17.74dB_headset_A2AHXGFXPG6ZSR_Water_far_Laughter_12.wav,RNNoise v0.2,249040,58ac6bb3cff324ad946c5835e2222ddc85d7799b8f9b55ded95bfcdabad12e44,3.066801071166992,4.052363553777691,2.7801248506141083,2.5720815953651077
ms_realrec_emotional_female_SNR_17.74dB_headset_A2AHXGFXPG6ZSR_Water_far_Laughter_12.wav,GTCRN,249040,58ac6bb3cff324ad946c5835e2222ddc85d7799b8f9b55ded95bfcdabad12e44,3.1758716106414795,3.943170444505754,2.7185627504681436,2.471891489165673
ms_realrec_emotional_female_SNR_17.88dB_headset_A2Y2RVQO2UVFV1_Water_far_Crying_12.wav,Noisy,260048,ed611ee1562ecd3253d934a97679318620c76e92f0cd06470bd4ff0e88c3c4d3,2.378441333770752,1.695376798410809,3.281093727231746,1.8968963839491633
ms_realrec_emotional_female_SNR_17.88dB_headset_A2Y2RVQO2UVFV1_Water_far_Crying_12.wav,RNNoise v0.2,260048,ed611ee1562ecd3253d934a97679318620c76e92f0cd06470bd4ff0e88c3c4d3,3.276707172393799,4.103065273923657,3.017670962576883,2.7666235083316186
ms_realrec_emotional_female_SNR_17.88dB_headset_A2Y2RVQO2UVFV1_Water_far_Crying_12.wav,GTCRN,260048,ed611ee1562ecd3253d934a97679318620c76e92f0cd06470bd4ff0e88c3c4d3,3.4710307121276855,3.8556417979958733,2.823889208288647,2.5173548788506994
ms_realrec_emotional_female_SNR_18.13dB_headset_A2Y2RVQO2UVFV1_Water_far_Laughter_11.wav,Noisy,221520,2674410d393cea54895e85f3e6bd0e125d26702404f62a68f0ff174c50b3b737,2.4138050079345703,1.436804986698995,3.3004077649745787,1.7786036261011882
ms_realrec_emotional_female_SNR_18.13dB_headset_A2Y2RVQO2UVFV1_Water_far_Laughter_11.wav,RNNoise v0.2,221520,2674410d393cea54895e85f3e6bd0e125d26702404f62a68f0ff174c50b3b737,2.8941900730133057,4.065322518838637,3.1326080428640095,2.8551658644281943
ms_realrec_emotional_female_SNR_18.13dB_headset_A2Y2RVQO2UVFV1_Water_far_Laughter_11.wav,GTCRN,221520,2674410d393cea54895e85f3e6bd0e125d26702404f62a68f0ff174c50b3b737,3.183962106704712,3.9239784054848608,3.0187674835715828,2.7105596806847383
ms_realrec_emotional_female_SNR_18.28dB_laptopmic_A3VBNWON5XOUVS_typing_near_si1805_2.wav,Noisy,166255,52c38207d3c3905e9cbb2455b4450bc469101054448b669ee3b8285f7601e50c,3.2075819969177246,3.351782176959506,3.5962513871639694,2.861186816883492
ms_realrec_emotional_female_SNR_18.28dB_laptopmic_A3VBNWON5XOUVS_typing_near_si1805_2.wav,RNNoise v0.2,166255,52c38207d3c3905e9cbb2455b4450bc469101054448b669ee3b8285f7601e50c,3.931983232498169,4.202127885808624,3.576961192183019,3.330942005648324
ms_realrec_emotional_female_SNR_18.28dB_laptopmic_A3VBNWON5XOUVS_typing_near_si1805_2.wav,GTCRN,166255,52c38207d3c3905e9cbb2455b4450bc469101054448b669ee3b8285f7601e50c,3.9724960327148438,4.153639011224717,3.4871022426324223,3.207195183601982
ms_realrec_emotional_female_SNR_19.0dB_headset_A1EK8YNHZHTW1J_typing_far_Shouting_3.wav,Noisy,212347,b030e2adbde1ee03dea13dbbaca0f670eb478c5f02ba9b50e105992816380f05,2.385316848754883,1.8960686969126699,3.412618853827218,2.024375189790692
ms_realrec_emotional_female_SNR_19.0dB_headset_A1EK8YNHZHTW1J_typing_far_Shouting_3.wav,RNNoise v0.2,212347,b030e2adbde1ee03dea13dbbaca0f670eb478c5f02ba9b50e105992816380f05,3.1383817195892334,3.921386981747568,3.117987010837541,2.8079868903660867
ms_realrec_emotional_female_SNR_19.0dB_headset_A1EK8YNHZHTW1J_typing_far_Shouting_3.wav,GTCRN,212347,b030e2adbde1ee03dea13dbbaca0f670eb478c5f02ba9b50e105992816380f05,3.065420389175415,3.7308413910653613,2.8977426984410424,2.5487705235614393
ms_realrec_emotional_female_SNR_19.0dB_headset_A2AHXGFXPG6ZSR_typing_far_Shouting_3.wav,Noisy,212347,b030e2adbde1ee03dea13dbbaca0f670eb478c5f02ba9b50e105992816380f05,2.385316848754883,1.8960686969126699,3.412618853827218,2.024375189790692
ms_realrec_emotional_female_SNR_19.0dB_headset_A2AHXGFXPG6ZSR_typing_far_Shouting_3.wav,RNNoise v0.2,212347,b030e2adbde1ee03dea13dbbaca0f670eb478c5f02ba9b50e105992816380f05,3.1383817195892334,3.921386981747568,3.117987010837541,2.8079868903660867
ms_realrec_emotional_female_SNR_19.0dB_headset_A2AHXGFXPG6ZSR_typing_far_Shouting_3.wav,GTCRN,212347,b030e2adbde1ee03dea13dbbaca0f670eb478c5f02ba9b50e105992816380f05,3.065420389175415,3.7308413910653613,2.8977426984410424,2.5487705235614393
ms_realrec_emotional_female_SNR_19.31dB_headset_A1EK8YNHZHTW1J_Doorshut_far_Yelling_6.wav,Noisy,240326,b44769bf9f30c6ead8fb546c547403effcc54f064ad708c3f24e59afa973b291,2.591724157333374,2.1072148688090597,3.4296942720199746,2.165078269207475
ms_realrec_emotional_female_SNR_19.31dB_headset_A1EK8YNHZHTW1J_Doorshut_far_Yelling_6.wav,RNNoise v0.2,240326,b44769bf9f30c6ead8fb546c547403effcc54f064ad708c3f24e59afa973b291,3.174833297729492,4.120155763080156,3.260221923491778,3.0181875094479946
ms_realrec_emotional_female_SNR_19.31dB_headset_A1EK8YNHZHTW1J_Doorshut_far_Yelling_6.wav,GTCRN,240326,b44769bf9f30c6ead8fb546c547403effcc54f064ad708c3f24e59afa973b291,3.467993974685669,4.012819129805833,3.041915603540749,2.7792402021696283
ms_realrec_emotional_female_SNR_19.31dB_headset_A2AHXGFXPG6ZSR_doorshut_far_Yelling_6.wav,Noisy,240326,b44769bf9f30c6ead8fb546c547403effcc54f064ad708c3f24e59afa973b291,2.591724157333374,2.1072148688090597,3.4296942720199746,2.165078269207475
ms_realrec_emotional_female_SNR_19.31dB_headset_A2AHXGFXPG6ZSR_doorshut_far_Yelling_6.wav,RNNoise v0.2,240326,b44769bf9f30c6ead8fb546c547403effcc54f064ad708c3f24e59afa973b291,3.174833297729492,4.120155763080156,3.260221923491778,3.0181875094479946
ms_realrec_emotional_female_SNR_19.31dB_headset_A2AHXGFXPG6ZSR_doorshut_far_Yelling_6.wav,GTCRN,240326,b44769bf9f30c6ead8fb546c547403effcc54f064ad708c3f24e59afa973b291,3.467993974685669,4.012819129805833,3.041915603540749,2.7792402021696283
ms_realrec_emotional_female_SNR_19.39dB_headset_A1EK8YNHZHTW1J_Clatter_far_Crying_7.wav,Noisy,226795,0169778074e4f6882e5711ef6eff13562aa98b7e456530260651c3009c467b4a,2.3414998054504395,1.7372012809356547,3.167007977940609,1.8150610094693058
ms_realrec_emotional_female_SNR_19.39dB_headset_A1EK8YNHZHTW1J_Clatter_far_Crying_7.wav,RNNoise v0.2,226795,0169778074e4f6882e5711ef6eff13562aa98b7e456530260651c3009c467b4a,3.122533082962036,3.964298945371444,2.9544622472780895,2.6780570702970694
ms_realrec_emotional_female_SNR_19.39dB_headset_A1EK8YNHZHTW1J_Clatter_far_Crying_7.wav,GTCRN,226795,0169778074e4f6882e5711ef6eff13562aa98b7e456530260651c3009c467b4a,3.030010223388672,3.8688645585825823,2.833117752546703,2.5186782647574932
ms_realrec_emotional_female_SNR_19.39dB_headset_A2AHXGFXPG6ZSR_Clatter_far_Crying_7.wav,Noisy,226795,0169778074e4f6882e5711ef6eff13562aa98b7e456530260651c3009c467b4a,2.3414998054504395,1.7372012809356547,3.167007977940609,1.8150610094693058
ms_realrec_emotional_female_SNR_19.39dB_headset_A2AHXGFXPG6ZSR_Clatter_far_Crying_7.wav,RNNoise v0.2,226795,0169778074e4f6882e5711ef6eff13562aa98b7e456530260651c3009c467b4a,3.122533082962036,3.964298945371444,2.9544622472780895,2.6780570702970694
ms_realrec_emotional_female_SNR_19.39dB_headset_A2AHXGFXPG6ZSR_Clatter_far_Crying_7.wav,GTCRN,226795,0169778074e4f6882e5711ef6eff13562aa98b7e456530260651c3009c467b4a,3.030010223388672,3.8688645585825823,2.833117752546703,2.5186782647574932
ms_realrec_emotional_female_SNR_19.49dB_headset_A1EK8YNHZHTW1J_fan_far_laughter_2.wav,Noisy,244912,0e57dbe85d5a2d363ae5f93dcb8696744ae456ba50268db9e9ab9e6f27de52a4,2.5719025135040283,2.3374458126992947,3.531231869992336,2.344939473682205
ms_realrec_emotional_female_SNR_19.49dB_headset_A1EK8YNHZHTW1J_fan_far_laughter_2.wav,RNNoise v0.2,244912,0e57dbe85d5a2d363ae5f93dcb8696744ae456ba50268db9e9ab9e6f27de52a4,3.325227975845337,4.180867434749959,3.482059880463131,3.229385211090776
ms_realrec_emotional_female_SNR_19.49dB_headset_A1EK8YNHZHTW1J_fan_far_laughter_2.wav,GTCRN,244912,0e57dbe85d5a2d363ae5f93dcb8696744ae456ba50268db9e9ab9e6f27de52a4,3.557666063308716,4.100785160961942,3.3155382519597656,3.033268839085011
ms_realrec_emotional_female_SNR_19.49dB_stationary_headset_A2AHXGFXPG6ZSR_fan_far_laughter_2.wav,Noisy,244912,0e57dbe85d5a2d363ae5f93dcb8696744ae456ba50268db9e9ab9e6f27de52a4,2.5719025135040283,2.3374458126992947,3.531231869992336,2.344939473682205
ms_realrec_emotional_female_SNR_19.49dB_stationary_headset_A2AHXGFXPG6ZSR_fan_far_laughter_2.wav,RNNoise v0.2,244912,0e57dbe85d5a2d363ae5f93dcb8696744ae456ba50268db9e9ab9e6f27de52a4,3.325227975845337,4.180867434749959,3.482059880463131,3.229385211090776
ms_realrec_emotional_female_SNR_19.49dB_stationary_headset_A2AHXGFXPG6ZSR_fan_far_laughter_2.wav,GTCRN,244912,0e57dbe85d5a2d363ae5f93dcb8696744ae456ba50268db9e9ab9e6f27de52a4,3.557666063308716,4.100785160961942,3.3155382519597656,3.033268839085011
ms_realrec_emotional_female_SNR_19.51dB_speaker_ASEW6NZHLI41K_water_near_shouting_6.wav,Noisy,224212,f0e298ab065d48d6b0eb6dc21e5b09b03a90e30bfe32756ccfae4d3c4010eec5,2.5455899238586426,1.8336566673855863,3.2527972490426174,1.9426646049069052
ms_realrec_emotional_female_SNR_19.51dB_speaker_ASEW6NZHLI41K_water_near_shouting_6.wav,RNNoise v0.2,224212,f0e298ab065d48d6b0eb6dc21e5b09b03a90e30bfe32756ccfae4d3c4010eec5,2.876995325088501,3.0796240549334923,3.065535099461748,2.3491577981280676
ms_realrec_emotional_female_SNR_19.51dB_speaker_ASEW6NZHLI41K_water_near_shouting_6.wav,GTCRN,224212,f0e298ab065d48d6b0eb6dc21e5b09b03a90e30bfe32756ccfae4d3c4010eec5,3.3122246265411377,3.5014917587163525,3.0392533687134904,2.5749290806604774
ms_realrec_emotional_female_SNR_19.63dB_headset_A1EK8YNHZHTW1J_Doorshut_far_Yelling_5.wav,Noisy,193542,a817509556846a15b0ec4e2ef625cdc78002535b0272ccc5a48e10c355680b8b,2.411250114440918,2.2059145963176987,3.4456897265774757,2.233122964800214
ms_realrec_emotional_female_SNR_19.63dB_headset_A1EK8YNHZHTW1J_Doorshut_far_Yelling_5.wav,RNNoise v0.2,193542,a817509556846a15b0ec4e2ef625cdc78002535b0272ccc5a48e10c355680b8b,3.115048408508301,4.118240221674342,3.1652937544429824,2.942124221527637
ms_realrec_emotional_female_SNR_19.63dB_headset_A1EK8YNHZHTW1J_Doorshut_far_Yelling_5.wav,GTCRN,193542,a817509556846a15b0ec4e2ef625cdc78002535b0272ccc5a48e10c355680b8b,3.44290828704834,4.05031355160444,2.921363378992581,2.691248283027866
ms_realrec_emotional_female_SNR_19.63dB_headset_A2AHXGFXPG6ZSR_Doorshut_far_Yelling_5.wav,Noisy,193542,a817509556846a15b0ec4e2ef625cdc78002535b0272ccc5a48e10c355680b8b,2.411250114440918,2.2059145963176987,3.4456897265774757,2.233122964800214
ms_realrec_emotional_female_SNR_19.63dB_headset_A2AHXGFXPG6ZSR_Doorshut_far_Yelling_5.wav,RNNoise v0.2,193542,a817509556846a15b0ec4e2ef625cdc78002535b0272ccc5a48e10c355680b8b,3.115048408508301,4.118240221674342,3.1652937544429824,2.942124221527637
ms_realrec_emotional_female_SNR_19.63dB_headset_A2AHXGFXPG6ZSR_Doorshut_far_Yelling_5.wav,GTCRN,193542,a817509556846a15b0ec4e2ef625cdc78002535b0272ccc5a48e10c355680b8b,3.44290828704834,4.05031355160444,2.921363378992581,2.691248283027866
ms_realrec_emotional_female_SNR_19.74dB_headset_A1EK8YNHZHTW1J_car_far_Amazed_9.wav,Noisy,214411,4a3d08e6b496968d1a7e615ab20f4ce89d7dd4b64800739278c895d0bfdeaa97,2.4206950664520264,1.554647021727893,3.349701654551705,1.8172549125852986
ms_realrec_emotional_female_SNR_19.74dB_headset_A1EK8YNHZHTW1J_car_far_Amazed_9.wav,RNNoise v0.2,214411,4a3d08e6b496968d1a7e615ab20f4ce89d7dd4b64800739278c895d0bfdeaa97,3.2111709117889404,3.8851747831086594,3.0844314429497985,2.7626189031932054
ms_realrec_emotional_female_SNR_19.74dB_headset_A1EK8YNHZHTW1J_car_far_Amazed_9.wav,GTCRN,214411,4a3d08e6b496968d1a7e615ab20f4ce89d7dd4b64800739278c895d0bfdeaa97,3.171302318572998,3.7442868638048896,3.0034147843651438,2.635942392692778
ms_realrec_emotional_female_SNR_19.74dB_headset_A2AHXGFXPG6ZSR_car_far_Amazed_9.wav,Noisy,214411,4a3d08e6b496968d1a7e615ab20f4ce89d7dd4b64800739278c895d0bfdeaa97,2.4206950664520264,1.554647021727893,3.349701654551705,1.8172549125852986
ms_realrec_emotional_female_SNR_19.74dB_headset_A2AHXGFXPG6ZSR_car_far_Amazed_9.wav,RNNoise v0.2,214411,4a3d08e6b496968d1a7e615ab20f4ce89d7dd4b64800739278c895d0bfdeaa97,3.2111709117889404,3.8851747831086594,3.0844314429497985,2.7626189031932054
ms_realrec_emotional_female_SNR_19.74dB_headset_A2AHXGFXPG6ZSR_car_far_Amazed_9.wav,GTCRN,214411,4a3d08e6b496968d1a7e615ab20f4ce89d7dd4b64800739278c895d0bfdeaa97,3.171302318572998,3.7442868638048896,3.0034147843651438,2.635942392692778
ms_realrec_emotional_female_SNR_19.77dB_laptopmic_A3VBNWON5XOUVS_breathing_near_si2322.wav,Noisy,172443,8898b80f5812d761cf53040859bdacb4431f26f00d72791fbbb9c65e56bef4f8,2.9017674922943115,2.828455083390007,3.4214579272941847,2.5627267587578335
ms_realrec_emotional_female_SNR_19.77dB_laptopmic_A3VBNWON5XOUVS_breathing_near_si2322.wav,RNNoise v0.2,172443,8898b80f5812d761cf53040859bdacb4431f26f00d72791fbbb9c65e56bef4f8,3.109621286392212,3.6125912844442283,3.4076376677225158,2.832748912481055
ms_realrec_emotional_female_SNR_19.77dB_laptopmic_A3VBNWON5XOUVS_breathing_near_si2322.wav,GTCRN,172443,8898b80f5812d761cf53040859bdacb4431f26f00d72791fbbb9c65e56bef4f8,3.176828384399414,3.8433608212350343,3.1741808542128327,2.8045119662200646
ms_realrec_emotional_female_SNR_19.78dB_headset_A1EK8YNHZHTW1J_car_far_amaze.wav,Noisy,298576,3ae894481767737fc61507c40cbdaf64190231095ca4545f330801e5122500a0,2.224264621734619,1.6739257011223694,2.997518252987068,1.77323581215501
ms_realrec_emotional_female_SNR_19.78dB_headset_A1EK8YNHZHTW1J_car_far_amaze.wav,RNNoise v0.2,298576,3ae894481767737fc61507c40cbdaf64190231095ca4545f330801e5122500a0,2.697627544403076,3.348930905937653,2.5086300339110603,2.1086001373702024
ms_realrec_emotional_female_SNR_19.78dB_headset_A1EK8YNHZHTW1J_car_far_amaze.wav,GTCRN,298576,3ae894481767737fc61507c40cbdaf64190231095ca4545f330801e5122500a0,3.1635704040527344,3.4340002493777426,2.6502536200207514,2.2589884187165916
ms_realrec_emotional_female_SNR_19.78dB_headset_A2AHXGFXPG6ZSR_car_far_Amazed_8.wav,Noisy,298576,3ae894481767737fc61507c40cbdaf64190231095ca4545f330801e5122500a0,2.224264621734619,1.6739257011223694,2.997518252987068,1.77323581215501
ms_realrec_emotional_female_SNR_19.78dB_headset_A2AHXGFXPG6ZSR_car_far_Amazed_8.wav,RNNoise v0.2,298576,3ae894481767737fc61507c40cbdaf64190231095ca4545f330801e5122500a0,2.697627544403076,3.348930905937653,2.5086300339110603,2.1086001373702024
ms_realrec_emotional_female_SNR_19.78dB_headset_A2AHXGFXPG6ZSR_car_far_Amazed_8.wav,GTCRN,298576,3ae894481767737fc61507c40cbdaf64190231095ca4545f330801e5122500a0,3.1635704040527344,3.4340002493777426,2.6502536200207514,2.2589884187165916
ms_realrec_emotional_female_SNR_19.84dB_laptopmic_A3VBNWON5XOUVS_openpacket_far_si223.wav,Noisy,194230,1566295fb68be446e5ef5b767ec7029c04b35e6280549d6126a1711f07a5b504,2.569007635116577,1.8910191106531198,2.411433260486312,1.6792225058890329
ms_realrec_emotional_female_SNR_19.84dB_laptopmic_A3VBNWON5XOUVS_openpacket_far_si223.wav,RNNoise v0.2,194230,1566295fb68be446e5ef5b767ec7029c04b35e6280549d6126a1711f07a5b504,2.7374789714813232,3.9391777129080885,2.496630244083935,2.282816448201524
ms_realrec_emotional_female_SNR_19.84dB_laptopmic_A3VBNWON5XOUVS_openpacket_far_si223.wav,GTCRN,194230,1566295fb68be446e5ef5b767ec7029c04b35e6280549d6126a1711f07a5b504,2.7081029415130615,3.8829583637887013,2.511990477575843,2.251229024814028
ms_realrec_emotional_female_SNR_19.97dB_headset_A1EK8YNHZHTW1J_fan_far_laughter_1.wav,Noisy,233446,8bd4d497d288fed1e4a63257a9b531ce490f56f0ca14f15e7f93ad77d576e034,2.507685422897339,2.455150146879048,3.553894218196137,2.4195538252182733
ms_realrec_emotional_female_SNR_19.97dB_headset_A1EK8YNHZHTW1J_fan_far_laughter_1.wav,RNNoise v0.2,233446,8bd4d497d288fed1e4a63257a9b531ce490f56f0ca14f15e7f93ad77d576e034,3.3887012004852295,4.191757040823833,3.4981979314974025,3.2557324687923397
ms_realrec_emotional_female_SNR_19.97dB_headset_A1EK8YNHZHTW1J_fan_far_laughter_1.wav,GTCRN,233446,8bd4d497d288fed1e4a63257a9b531ce490f56f0ca14f15e7f93ad77d576e034,3.5304932594299316,4.079905892033473,3.257519685617376,2.986693260241487
ms_realrec_emotional_female_SNR_19.97dB_stationary_headset_A2AHXGFXPG6ZSR_fan_far_laughter_1.wav,Noisy,233446,8bd4d497d288fed1e4a63257a9b531ce490f56f0ca14f15e7f93ad77d576e034,2.507685422897339,2.455150146879048,3.553894218196137,2.4195538252182733
ms_realrec_emotional_female_SNR_19.97dB_stationary_headset_A2AHXGFXPG6ZSR_fan_far_laughter_1.wav,RNNoise v0.2,233446,8bd4d497d288fed1e4a63257a9b531ce490f56f0ca14f15e7f93ad77d576e034,3.3887012004852295,4.191757040823833,3.4981979314974025,3.2557324687923397
ms_realrec_emotional_female_SNR_19.97dB_stationary_headset_A2AHXGFXPG6ZSR_fan_far_laughter_1.wav,GTCRN,233446,8bd4d497d288fed1e4a63257a9b531ce490f56f0ca14f15e7f93ad77d576e034,3.5304932594299316,4.079905892033473,3.257519685617376,2.986693260241487
ms_realrec_emotional_female_SNR_20.1dB_headset_A2Y2RVQO2UVFV1_Clatter_far_Crying_7.wav,Noisy,212806,60006ab151dadd439b657200461b55030d7eb9a43f5cdba7f1a718d333b1231e,2.5176355838775635,1.6701137946702183,3.3077711839402997,1.8457037179558098
ms_realrec_emotional_female_SNR_20.1dB_headset_A2Y2RVQO2UVFV1_Clatter_far_Crying_7.wav,RNNoise v0.2,212806,60006ab151dadd439b657200461b55030d7eb9a43f5cdba7f1a718d333b1231e,3.2779669761657715,4.041273183653048,3.1018702662042563,2.834079877358638
ms_realrec_emotional_female_SNR_20.1dB_headset_A2Y2RVQO2UVFV1_Clatter_far_Crying_7.wav,GTCRN,212806,60006ab151dadd439b657200461b55030d7eb9a43f5cdba7f1a718d333b1231e,3.5012173652648926,3.845511691517811,2.9738034717796067,2.6511552894580612
ms_realrec_emotional_female_SNR_20.3dB_headset_A1EK8YNHZHTW1J_typing_far_Shouting_4.wav,Noisy,223814,6c296beebbc408347052f5826e9c47c7c01f3d52b8444979503814d019708c64,2.5078046321868896,1.8254500776653808,3.4299358069187975,2.0316500913670437
ms_realrec_emotional_female_SNR_20.3dB_headset_A1EK8YNHZHTW1J_typing_far_Shouting_4.wav,RNNoise v0.2,223814,6c296beebbc408347052f5826e9c47c7c01f3d52b8444979503814d019708c64,3.1969785690307617,4.099469941716324,3.2501228055504683,2.9924497781179937
ms_realrec_emotional_female_SNR_20.3dB_headset_A1EK8YNHZHTW1J_typing_far_Shouting_4.wav,GTCRN,223814,6c296beebbc408347052f5826e9c47c7c01f3d52b8444979503814d019708c64,3.342043399810791,3.9682655326802365,3.049587660920399,2.7580904671499074
ms_realrec_emotional_female_SNR_20.3dB_headset_A2AHXGFXPG6ZSR_typing_far_Shouting_4.wav,Noisy,223814,6c296beebbc408347052f5826e9c47c7c01f3d52b8444979503814d019708c64,2.5078046321868896,1.8254500776653808,3.4299358069187975,2.0316500913670437
ms_realrec_emotional_female_SNR_20.3dB_headset_A2AHXGFXPG6ZSR_typing_far_Shouting_4.wav,RNNoise v0.2,223814,6c296beebbc408347052f5826e9c47c7c01f3d52b8444979503814d019708c64,3.1969785690307617,4.099469941716324,3.2501228055504683,2.9924497781179937
ms_realrec_emotional_female_SNR_20.3dB_headset_A2AHXGFXPG6ZSR_typing_far_Shouting_4.wav,GTCRN,223814,6c296beebbc408347052f5826e9c47c7c01f3d52b8444979503814d019708c64,3.342043399810791,3.9682655326802365,3.049587660920399,2.7580904671499074
ms_realrec_emotional_female_SNR_20.64dB_headset_A1EK8YNHZHTW1J_Kitchen_far_Surprise_10.wav,Noisy,236656,9c4df06e14d5c930a14309d6b56b6c5ae3ff604fb140b9907130c8a7d5fef67e,2.635028839111328,2.0477119677858404,3.372194149565228,2.1333025248825703
ms_realrec_emotional_female_SNR_20.64dB_headset_A1EK8YNHZHTW1J_Kitchen_far_Surprise_10.wav,RNNoise v0.2,236656,9c4df06e14d5c930a14309d6b56b6c5ae3ff604fb140b9907130c8a7d5fef67e,3.169670820236206,4.027348042745905,3.237789001879058,2.9215376773242587
ms_realrec_emotional_female_SNR_20.64dB_headset_A1EK8YNHZHTW1J_Kitchen_far_Surprise_10.wav,GTCRN,236656,9c4df06e14d5c930a14309d6b56b6c5ae3ff604fb140b9907130c8a7d5fef67e,3.4191386699676514,4.02124629585351,3.016529753520603,2.747452253894383
ms_realrec_emotional_female_SNR_20.64dB_headset_A2AHXGFXPG6ZSR_Kitchen_far_Surprise_10.wav,Noisy,236656,9c4df06e14d5c930a14309d6b56b6c5ae3ff604fb140b9907130c8a7d5fef67e,2.635028839111328,2.0477119677858404,3.372194149565228,2.1333025248825703
ms_realrec_emotional_female_SNR_20.64dB_headset_A2AHXGFXPG6ZSR_Kitchen_far_Surprise_10.wav,RNNoise v0.2,236656,9c4df06e14d5c930a14309d6b56b6c5ae3ff604fb140b9907130c8a7d5fef67e,3.169670820236206,4.027348042745905,3.237789001879058,2.9215376773242587
ms_realrec_emotional_female_SNR_20.64dB_headset_A2AHXGFXPG6ZSR_Kitchen_far_Surprise_10.wav,GTCRN,236656,9c4df06e14d5c930a14309d6b56b6c5ae3ff604fb140b9907130c8a7d5fef67e,3.4191386699676514,4.02124629585351,3.016529753520603,2.747452253894383
ms_realrec_emotional_female_SNR_20.68dB_speaker_ASEW6NZHLI41K_breathing_near_surprise_2.wav,Noisy,280497,91284717d4589ff8946e202cf548cf2e082aebb847198d40629cc4a7a259dd06,2.8846495151519775,2.0349056341320955,3.2248860688190293,2.0306803938921236
ms_realrec_emotional_female_SNR_20.68dB_speaker_ASEW6NZHLI41K_breathing_near_surprise_2.wav,RNNoise v0.2,280497,91284717d4589ff8946e202cf548cf2e082aebb847198d40629cc4a7a259dd06,3.4127118587493896,3.3453434270539755,3.2751259755500106,2.6916801055230777
ms_realrec_emotional_female_SNR_20.68dB_speaker_ASEW6NZHLI41K_breathing_near_surprise_2.wav,GTCRN,280497,91284717d4589ff8946e202cf548cf2e082aebb847198d40629cc4a7a259dd06,3.3445582389831543,3.865903465903483,2.8356734045094503,2.556201565006891
ms_realrec_emotional_female_SNR_20.84dB_headset_A2Y2RVQO2UVFV1_car_far_Amazed_9.wav,Noisy,214411,e0d377fb6f1fb7edc88051615bba2ada65144746de5559f9c4ef5d732e8fd672,2.4490103721618652,1.6287245549083083,3.303636076452136,1.8651451673413986
ms_realrec_emotional_female_SNR_20.84dB_headset_A2Y2RVQO2UVFV1_car_far_Amazed_9.wav,RNNoise v0.2,214411,e0d377fb6f1fb7edc88051615bba2ada65144746de5559f9c4ef5d732e8fd672,2.97482967376709,4.017395156567902,3.08563198637371,2.785088910677929
ms_realrec_emotional_female_SNR_20.84dB_headset_A2Y2RVQO2UVFV1_car_far_Amazed_9.wav,GTCRN,214411,e0d377fb6f1fb7edc88051615bba2ada65144746de5559f9c4ef5d732e8fd672,2.9887733459472656,3.7945834408643577,2.8653654565901108,2.5258311718025546
ms_realrec_emotional_female_SNR_20.98dB_headset_A2Y2RVQO2UVFV1_fan_far_laughter_2.wav,Noisy,196752,d4b1bb822df15249352ada516bdd7857c855cd2a80bf6234ba21c6e8c7876676,2.7636878490448,1.7993386853082054,3.3916394846734925,2.005313884121623
ms_realrec_emotional_female_SNR_20.98dB_headset_A2Y2RVQO2UVFV1_fan_far_laughter_2.wav,RNNoise v0.2,196752,d4b1bb822df15249352ada516bdd7857c855cd2a80bf6234ba21c6e8c7876676,3.512510299682617,4.068549356496354,3.247787821377385,2.979226591552236
ms_realrec_emotional_female_SNR_20.98dB_headset_A2Y2RVQO2UVFV1_fan_far_laughter_2.wav,GTCRN,196752,d4b1bb822df15249352ada516bdd7857c855cd2a80bf6234ba21c6e8c7876676,3.705186605453491,3.9645519379698086,3.1199311841340176,2.8211492208889495
ms_realrec_emotional_female_SNR_21.0dB_speaker_ASEW6NZHLI41K_typing_far_shouting_9.wav,Noisy,304646,ff7621a85e3136884070c673f4346818c36ee85b7312d25436da2cf2ca13c410,2.7109477519989014,2.0768678524146713,3.3466354925046597,2.0921084280481015
ms_realrec_emotional_female_SNR_21.0dB_speaker_ASEW6NZHLI41K_typing_far_shouting_9.wav,RNNoise v0.2,304646,ff7621a85e3136884070c673f4346818c36ee85b7312d25436da2cf2ca13c410,2.957927703857422,3.9070915885383544,2.940078241928163,2.649780395794063
ms_realrec_emotional_female_SNR_21.0dB_speaker_ASEW6NZHLI41K_typing_far_shouting_9.wav,GTCRN,304646,ff7621a85e3136884070c673f4346818c36ee85b7312d25436da2cf2ca13c410,3.130763292312622,4.076079568114586,2.9601067504883933,2.7261074207684683
ms_realrec_emotional_female_SNR_21.26dB_headset_A2Y2RVQO2UVFV1_typing_far_Shouting_4.wav,Noisy,204320,d3158724583d7079c67bb0b5e43e5222f30e1460f8125e81cc5492225ada5410,2.707810401916504,1.8301294616012476,3.385230151261249,2.019803470435789
ms_realrec_emotional_female_SNR_21.26dB_headset_A2Y2RVQO2UVFV1_typing_far_Shouting_4.wav,RNNoise v0.2,204320,d3158724583d7079c67bb0b5e43e5222f30e1460f8125e81cc5492225ada5410,3.2405550479888916,4.030422330352958,3.1558976871772746,2.8771112064504702
ms_realrec_emotional_female_SNR_21.26dB_headset_A2Y2RVQO2UVFV1_typing_far_Shouting_4.wav,GTCRN,204320,d3158724583d7079c67bb0b5e43e5222f30e1460f8125e81cc5492225ada5410,3.262767791748047,3.826883002112486,3.049302139695197,2.70294109461944
ms_realrec_emotional_female_SNR_21.41dB_speaker_ASEW6NZHLI41K_breathing_far_surprise_1.wav,Noisy,227712,bd4ed247f4cb476b15f1bf26e7588929634d872891f91c3b9dff3d30e98a49b0,2.6972060203552246,2.4359748940069172,2.994642366384422,2.0565490821148003
ms_realrec_emotional_female_SNR_21.41dB_speaker_ASEW6NZHLI41K_breathing_far_surprise_1.wav,RNNoise v0.2,227712,bd4ed247f4cb476b15f1bf26e7588929634d872891f91c3b9dff3d30e98a49b0,3.088343620300293,3.6346777902014886,3.0119731038728075,2.5649834029863547
ms_realrec_emotional_female_SNR_21.41dB_speaker_ASEW6NZHLI41K_breathing_far_surprise_1.wav,GTCRN,227712,bd4ed247f4cb476b15f1bf26e7588929634d872891f91c3b9dff3d30e98a49b0,3.2770705223083496,3.9286425102830913,2.753473996138504,2.492267651832793
ms_realrec_emotional_female_SNR_21.45dB_headset_A2Y2RVQO2UVFV1_typing_far_Shouting_3.wav,Noisy,199963,c66c4efb84266ff54935293cb734e00dd667e0193d3fe98c826deb2f847889cf,2.66292405128479,1.8191425960745462,3.301068069595057,1.9673997048695606
ms_realrec_emotional_female_SNR_21.45dB_headset_A2Y2RVQO2UVFV1_typing_far_Shouting_3.wav,RNNoise v0.2,199963,c66c4efb84266ff54935293cb734e00dd667e0193d3fe98c826deb2f847889cf,2.9953839778900146,4.051309204432342,3.1918917261280186,2.9036769692136613
ms_realrec_emotional_female_SNR_21.45dB_headset_A2Y2RVQO2UVFV1_typing_far_Shouting_3.wav,GTCRN,199963,c66c4efb84266ff54935293cb734e00dd667e0193d3fe98c826deb2f847889cf,3.129692316055298,3.7935189219916907,3.0436923141940153,2.685227530275789
ms_realrec_emotional_female_SNR_21.46dB_laptopmic_A3VBNWON5XOUVS_doorclosing_far_si820.wav,Noisy,164416,c258f1564c0eab9228e74d19cd3c40bc52663061a1e7312fb01bdb67184b75fd,2.811386823654175,2.535208124286399,3.0605369978690358,2.1796933196588504
ms_realrec_emotional_female_SNR_21.46dB_laptopmic_A3VBNWON5XOUVS_doorclosing_far_si820.wav,RNNoise v0.2,164416,c258f1564c0eab9228e74d19cd3c40bc52663061a1e7312fb01bdb67184b75fd,3.097377061843872,3.986367925785582,2.7845454017119424,2.4800311213673045
ms_realrec_emotional_female_SNR_21.46dB_laptopmic_A3VBNWON5XOUVS_doorclosing_far_si820.wav,GTCRN,164416,c258f1564c0eab9228e74d19cd3c40bc52663061a1e7312fb01bdb67184b75fd,3.551302433013916,3.717204301446828,2.656008588287742,2.3089960595976993
ms_realrec_emotional_female_SNR_21.73dB_headset_A2Y2RVQO2UVFV1_fan_far_laughter_1.wav,Noisy,243307,0dfed813edc8f862061a2fa731e5d9d31c03ea67fa9bcf5ebc077d2ff7beb26c,2.579775810241699,1.9515205722333173,3.3818928997738564,2.0481765787508377
ms_realrec_emotional_female_SNR_21.73dB_headset_A2Y2RVQO2UVFV1_fan_far_laughter_1.wav,RNNoise v0.2,243307,0dfed813edc8f862061a2fa731e5d9d31c03ea67fa9bcf5ebc077d2ff7beb26c,3.394045114517212,4.110100872134493,3.2990011222954014,3.0351683847268833
ms_realrec_emotional_female_SNR_21.73dB_headset_A2Y2RVQO2UVFV1_fan_far_laughter_1.wav,GTCRN,243307,0dfed813edc8f862061a2fa731e5d9d31c03ea67fa9bcf5ebc077d2ff7beb26c,3.329092264175415,3.9437107056865166,3.1886303944887264,2.8723002689948074
ms_realrec_emotional_female_SNR_21.99dB_speaker_ASEW6NZHLI41K_chipspacket_near_laugh_4.wav,Noisy,320436,d53596f498902d8917b9ee3d6279b31657792d12866dd9f34c238e916b80161a,2.5925886631011963,2.003566293395702,3.2321977908566266,2.067145880329575
ms_realrec_emotional_female_SNR_21.99dB_speaker_ASEW6NZHLI41K_chipspacket_near_laugh_4.wav,RNNoise v0.2,320436,d53596f498902d8917b9ee3d6279b31657792d12866dd9f34c238e916b80161a,3.0550856590270996,3.6923580323761707,2.54460891521329,2.2569185105665555
ms_realrec_emotional_female_SNR_21.99dB_speaker_ASEW6NZHLI41K_chipspacket_near_laugh_4.wav,GTCRN,320436,d53596f498902d8917b9ee3d6279b31657792d12866dd9f34c238e916b80161a,3.0779154300689697,3.865338111595191,2.6349383914721316,2.362531792596527
ms_realrec_emotional_female_SNR_21.99dB_stationary_speaker_ASEW6NZHLI41K_fan_near_cry_8.wav,Noisy,258672,6502fac0ae75319755bb1bd7b37ff82f60dc9320b8152bca44557b559585cfcc,2.575233221054077,1.8522711697790222,3.2867974219486187,1.8906618819109737
ms_realrec_emotional_female_SNR_21.99dB_stationary_speaker_ASEW6NZHLI41K_fan_near_cry_8.wav,RNNoise v0.2,258672,6502fac0ae75319755bb1bd7b37ff82f60dc9320b8152bca44557b559585cfcc,2.8121073246002197,3.4381525314321206,2.9652852650264845,2.453053175253889
ms_realrec_emotional_female_SNR_21.99dB_stationary_speaker_ASEW6NZHLI41K_fan_near_cry_8.wav,GTCRN,258672,6502fac0ae75319755bb1bd7b37ff82f60dc9320b8152bca44557b559585cfcc,2.804279088973999,3.7285150514064713,2.682457556575654,2.3784475261915086
ms_realrec_emotional_female_SNR_22.05dB_headset_A2Y2RVQO2UVFV1_car_far_Amazed_8.wav,Noisy,212347,40c63bece81f632da89f3e243c96a0d01d258881911380e5b37a2bd0f970b35b,2.4484448432922363,1.3992778109514328,3.196597189654088,1.7086893159745817
ms_realrec_emotional_female_SNR_22.05dB_headset_A2Y2RVQO2UVFV1_car_far_Amazed_8.wav,RNNoise v0.2,212347,40c63bece81f632da89f3e243c96a0d01d258881911380e5b37a2bd0f970b35b,3.0167839527130127,3.896835037487298,3.009590693217164,2.6831270252527157
ms_realrec_emotional_female_SNR_22.05dB_headset_A2Y2RVQO2UVFV1_car_far_Amazed_8.wav,GTCRN,212347,40c63bece81f632da89f3e243c96a0d01d258881911380e5b37a2bd0f970b35b,3.2634968757629395,3.7820001707861675,2.8970779935736175,2.554467015053584
ms_realrec_emotional_female_SNR_22.46dB_laptopmic_A3VBNWON5XOUVS_clatter_near_si1753.wav,Noisy,175195,ab1f5e098d42c23f81419fb8ed47cbc41e1ccc06740c95816dd16f7ad3a052c4,2.6451516151428223,2.754732181521667,3.321750506491975,2.42433914927815
ms_realrec_emotional_female_SNR_22.46dB_laptopmic_A3VBNWON5XOUVS_clatter_near_si1753.wav,RNNoise v0.2,175195,ab1f5e098d42c23f81419fb8ed47cbc41e1ccc06740c95816dd16f7ad3a052c4,2.9112448692321777,3.892900083777157,2.94366195254355,2.643865738682215
ms_realrec_emotional_female_SNR_22.46dB_laptopmic_A3VBNWON5XOUVS_clatter_near_si1753.wav,GTCRN,175195,ab1f5e098d42c23f81419fb8ed47cbc41e1ccc06740c95816dd16f7ad3a052c4,3.24338436126709,3.8141715686545785,2.888360705958761,2.551777689332343
ms_realrec_emotional_female_SNR_22.65dB_headset_A2Y2RVQO2UVFV1_doorshut_far_Yelling_6.wav,Noisy,245600,24198c726d25f28ac297e9420f362c8cce1c7a08ead8e8952b4ed9c8c7476d05,2.9059765338897705,1.939198971607694,3.3938655101960915,2.0749715937976934
ms_realrec_emotional_female_SNR_22.65dB_headset_A2Y2RVQO2UVFV1_doorshut_far_Yelling_6.wav,RNNoise v0.2,245600,24198c726d25f28ac297e9420f362c8cce1c7a08ead8e8952b4ed9c8c7476d05,3.3009369373321533,4.019829367908263,3.2912884827174733,2.9904921545347123
ms_realrec_emotional_female_SNR_22.65dB_headset_A2Y2RVQO2UVFV1_doorshut_far_Yelling_6.wav,GTCRN,245600,24198c726d25f28ac297e9420f362c8cce1c7a08ead8e8952b4ed9c8c7476d05,3.407447099685669,3.7291919442018986,2.831446553691601,2.486439215150632
ms_realrec_emotional_female_SNR_23.54dB_speaker_ASEW6NZHLI41K_typing_near_shouting_10.wav,Noisy,299494,76f35996a4fe2a455fe0315224a9ead3cdaeed2a3e6f501b6df6d6cac4d8c5ff,3.114396572113037,2.307599940551699,3.472724042104749,2.3621915441372097
ms_realrec_emotional_female_SNR_23.54dB_speaker_ASEW6NZHLI41K_typing_near_shouting_10.wav,RNNoise v0.2,299494,76f35996a4fe2a455fe0315224a9ead3cdaeed2a3e6f501b6df6d6cac4d8c5ff,3.2842633724212646,3.742900163020426,3.164791011037512,2.7765005220262498
ms_realrec_emotional_female_SNR_23.54dB_speaker_ASEW6NZHLI41K_typing_near_shouting_10.wav,GTCRN,299494,76f35996a4fe2a455fe0315224a9ead3cdaeed2a3e6f501b6df6d6cac4d8c5ff,3.457545757293701,4.0764837446809095,3.258230792088596,3.0151352390564474
ms_realrec_emotional_female_SNR_24.26dB_headset_A2Y2RVQO2UVFV1_doorshut_far_Yelling_5.wav,Noisy,186203,4f514936297b84d3bdd25ce559e687e52aecd452da30d4d4f7fcf72242de187c,2.6404199600219727,2.0382017023099275,3.42547096416514,2.1402182072694376
ms_realrec_emotional_female_SNR_24.26dB_headset_A2Y2RVQO2UVFV1_doorshut_far_Yelling_5.wav,RNNoise v0.2,186203,4f514936297b84d3bdd25ce559e687e52aecd452da30d4d4f7fcf72242de187c,2.994269847869873,3.9491614584346544,3.2720564861276173,2.935358580547761
ms_realrec_emotional_female_SNR_24.26dB_headset_A2Y2RVQO2UVFV1_doorshut_far_Yelling_5.wav,GTCRN,186203,4f514936297b84d3bdd25ce559e687e52aecd452da30d4d4f7fcf72242de187c,3.274787664413452,3.973622486941985,3.222823963059866,2.920055813298576
ms_realrec_emotional_female_SNR_24.43dB_laptopmic_A3VBNWON5XOUVS_typing_far_si2192_8.wav,Noisy,173819,a0b3a22637fd1cd6207f4f1c81d831cbe4ae834940558b9fe128afd4bfab890b,2.600956916809082,3.262534979345038,3.3500265420615287,2.6199928173117706
ms_realrec_emotional_female_SNR_24.43dB_laptopmic_A3VBNWON5XOUVS_typing_far_si2192_8.wav,RNNoise v0.2,173819,a0b3a22637fd1cd6207f4f1c81d831cbe4ae834940558b9fe128afd4bfab890b,2.6689178943634033,4.090790013217666,3.399165313907547,3.0992277266745316
ms_realrec_emotional_female_SNR_24.43dB_laptopmic_A3VBNWON5XOUVS_typing_far_si2192_8.wav,GTCRN,173819,a0b3a22637fd1cd6207f4f1c81d831cbe4ae834940558b9fe128afd4bfab890b,2.6338658332824707,4.017890017407143,3.1373186722183597,2.827775604625971
ms_realrec_emotional_female_SNR_25.37dB_speaker_ASEW6NZHLI41K_fan_far_cry_7.wav,Noisy,221062,285f43452a39c5f79fb3cec2e5e1e6ae38b10b4bb7b91c5e3f054a205190b13e,2.4345505237579346,1.7744587928010043,2.4731292520583144,1.6054393924507009
ms_realrec_emotional_female_SNR_25.37dB_speaker_ASEW6NZHLI41K_fan_far_cry_7.wav,RNNoise v0.2,221062,285f43452a39c5f79fb3cec2e5e1e6ae38b10b4bb7b91c5e3f054a205190b13e,2.772045135498047,3.8492940081615328,2.8540023540734056,2.5507123462322707
ms_realrec_emotional_female_SNR_25.37dB_speaker_ASEW6NZHLI41K_fan_far_cry_7.wav,GTCRN,221062,285f43452a39c5f79fb3cec2e5e1e6ae38b10b4bb7b91c5e3f054a205190b13e,2.8449835777282715,3.84950838685905,2.3992423419286935,2.177680057204238
ms_realrec_emotional_female_SNR_26.66dB_speaker_ASEW6NZHLI41K_chipspacket_far_laugh_3.wav,Noisy,304460,4f976390c80fc73576155c2ec948335eb586bcad18b41e25a519a18fb39aec5d,2.4861104488372803,1.7237426151391602,2.9085422306618858,1.6197565691290265
ms_realrec_emotional_female_SNR_26.66dB_speaker_ASEW6NZHLI41K_chipspacket_far_laugh_3.wav,RNNoise v0.2,304460,4f976390c80fc73576155c2ec948335eb586bcad18b41e25a519a18fb39aec5d,2.8309898376464844,3.8417983050648075,2.269068191664052,2.0497832589050105
ms_realrec_emotional_female_SNR_26.66dB_speaker_ASEW6NZHLI41K_chipspacket_far_laugh_3.wav,GTCRN,304460,4f976390c80fc73576155c2ec948335eb586bcad18b41e25a519a18fb39aec5d,2.8296070098876953,3.860483540278859,2.2521829216138074,2.0336993766904112
ms_realrec_emotional_female_SNR_26.75dB_speaker_ASEW6NZHLI41K_doorshut_near_cry_5.wav,Noisy,287556,e1b1d0f9834ad0002252d1bb8dd535c529bea2e29d037491e3c0759d2c706e2f,2.7731130123138428,1.5465998690980347,3.3300299911593214,1.8502145475553984
ms_realrec_emotional_female_SNR_26.75dB_speaker_ASEW6NZHLI41K_doorshut_near_cry_5.wav,RNNoise v0.2,287556,e1b1d0f9834ad0002252d1bb8dd535c529bea2e29d037491e3c0759d2c706e2f,3.150578737258911,2.2780898164531025,3.047600825563514,2.0139533785425514
ms_realrec_emotional_female_SNR_26.75dB_speaker_ASEW6NZHLI41K_doorshut_near_cry_5.wav,GTCRN,287556,e1b1d0f9834ad0002252d1bb8dd535c529bea2e29d037491e3c0759d2c706e2f,3.0067620277404785,3.414584282614713,2.8668236048553175,2.440057806340167
ms_realrec_emotional_female_SNR_27.24dB_speaker_ASEW6NZHLI41K_kitchen_far_shouting_11.wav,Noisy,256163,1d59b02357e128127a254adae97f6ef0363a52c0fbb3b8c6f0d11bad0bad0c45,2.4204864501953125,1.5934788772286252,2.073944894785386,1.3951789358873168
ms_realrec_emotional_female_SNR_27.24dB_speaker_ASEW6NZHLI41K_kitchen_far_shouting_11.wav,RNNoise v0.2,256163,1d59b02357e128127a254adae97f6ef0363a52c0fbb3b8c6f0d11bad0bad0c45,2.719491720199585,3.565791955430884,2.41305003914085,2.1008063347649344
ms_realrec_emotional_female_SNR_27.24dB_speaker_ASEW6NZHLI41K_kitchen_far_shouting_11.wav,GTCRN,256163,1d59b02357e128127a254adae97f6ef0363a52c0fbb3b8c6f0d11bad0bad0c45,2.875000238418579,3.490726179777499,1.7169061650305886,1.5733420195670047
ms_realrec_emotional_female_SNR_28.26dB_speaker_ASEW6NZHLI41K_kitchen_near_shouting_12.wav,Noisy,320250,4127d73b9e21472e38898f912be44e1a73c3b3bb78480d184de7574415f287b8,2.5087056159973145,1.4029640197135467,1.8657797838965706,1.2798548261209715
ms_realrec_emotional_female_SNR_28.26dB_speaker_ASEW6NZHLI41K_kitchen_near_shouting_12.wav,RNNoise v0.2,320250,4127d73b9e21472e38898f912be44e1a73c3b3bb78480d184de7574415f287b8,2.9276864528656006,3.5038708932347298,2.0979283579214916,1.8470541875233246
ms_realrec_emotional_female_SNR_28.26dB_speaker_ASEW6NZHLI41K_kitchen_near_shouting_12.wav,GTCRN,320250,4127d73b9e21472e38898f912be44e1a73c3b3bb78480d184de7574415f287b8,3.0045764446258545,3.543867833707227,2.1571144924143915,1.889214813864961
ms_realrec_emotional_male_SNR_12.08dB_stationary_headset_A1EK8YNHZHTW1J_fan_far_laughter_2.wav,Noisy,251563,999519f9ce0b45dc60f0e883284081d2d8451e56ae8e9473d64f3bf5e6aba593,2.763317108154297,1.9185123258515546,3.0457843163984,1.8397920511771437
ms_realrec_emotional_male_SNR_12.08dB_stationary_headset_A1EK8YNHZHTW1J_fan_far_laughter_2.wav,RNNoise v0.2,251563,999519f9ce0b45dc60f0e883284081d2d8451e56ae8e9473d64f3bf5e6aba593,3.6285111904144287,3.92350647105127,2.7937567948863413,2.5659099198510833
ms_realrec_emotional_male_SNR_12.08dB_stationary_headset_A1EK8YNHZHTW1J_fan_far_laughter_2.wav,GTCRN,251563,999519f9ce0b45dc60f0e883284081d2d8451e56ae8e9473d64f3bf5e6aba593,3.7592971324920654,3.843905684011542,2.3979547865972815,2.2139690940391574
ms_realrec_emotional_male_SNR_12.75dB_stationary_headset_A3KSAP865D3L7D_fan_far_surprise_12.wav,Noisy,209156,c42350198acb55a1aed644133a9e70361b2dfe284b5277075a6a9f4ba25e4056,2.599125385284424,1.6118230937269025,1.8424067318742883,1.3862963456653519
ms_realrec_emotional_male_SNR_12.75dB_stationary_headset_A3KSAP865D3L7D_fan_far_surprise_12.wav,RNNoise v0.2,209156,c42350198acb55a1aed644133a9e70361b2dfe284b5277075a6a9f4ba25e4056,2.997988224029541,3.8598005059545892,2.1945849095253553,2.0124530345922618
ms_realrec_emotional_male_SNR_12.75dB_stationary_headset_A3KSAP865D3L7D_fan_far_surprise_12.wav,GTCRN,209156,c42350198acb55a1aed644133a9e70361b2dfe284b5277075a6a9f4ba25e4056,3.0204315185546875,3.895977909602154,1.8738902869361902,1.74047717038154
ms_realrec_emotional_male_SNR_15.31dB_stationary_headset_A1EK8YNHZHTW1J_fan_far_laughter_1.wav,Noisy,192854,facf0b39879531b5b0ebce0722e62e4412e1f2469d95b2e885bbe5ee114c41c1,2.718764066696167,1.7240516881079573,3.3476050547827136,1.9195136971090403
ms_realrec_emotional_male_SNR_15.31dB_stationary_headset_A1EK8YNHZHTW1J_fan_far_laughter_1.wav,RNNoise v0.2,192854,facf0b39879531b5b0ebce0722e62e4412e1f2469d95b2e885bbe5ee114c41c1,3.3797500133514404,4.088378359341956,3.104159461181219,2.854117468416406
ms_realrec_emotional_male_SNR_15.31dB_stationary_headset_A1EK8YNHZHTW1J_fan_far_laughter_1.wav,GTCRN,192854,facf0b39879531b5b0ebce0722e62e4412e1f2469d95b2e885bbe5ee114c41c1,3.609238862991333,3.9992600767978073,2.8884137137573127,2.6373532335140233
ms_realrec_emotional_male_SNR_15.43dB_stationary_headset_A3KSAP865D3L7D_AC_near_laughter_4.wav,Noisy,194380,d6a6bc6f4fb1a4f04b8a228103f8e685c6ce68968c53a24712cf6bb3d37781ec,2.436239242553711,1.5900595237781647,3.1310213652081402,1.7149094428549783
ms_realrec_emotional_male_SNR_15.43dB_stationary_headset_A3KSAP865D3L7D_AC_near_laughter_4.wav,RNNoise v0.2,194380,d6a6bc6f4fb1a4f04b8a228103f8e685c6ce68968c53a24712cf6bb3d37781ec,3.159776449203491,3.9666910818547607,2.2483573639172447,2.093334667849399
ms_realrec_emotional_male_SNR_15.43dB_stationary_headset_A3KSAP865D3L7D_AC_near_laughter_4.wav,GTCRN,194380,d6a6bc6f4fb1a4f04b8a228103f8e685c6ce68968c53a24712cf6bb3d37781ec,3.4814107418060303,3.801662136328662,2.268002201426149,2.04826241777478
ms_realrec_emotional_male_SNR_15.59dB_headset_A3KSAP865D3L7D_water_far_laughter_9.wav,Noisy,222691,6bbb1facb0a6dc2d23e25e2a1b4326af0a2b43325c2a4bf1f12a85c213833262,2.390334129333496,1.904874284676818,2.8257637544300094,1.731056488127975
ms_realrec_emotional_male_SNR_15.59dB_headset_A3KSAP865D3L7D_water_far_laughter_9.wav,RNNoise v0.2,222691,6bbb1facb0a6dc2d23e25e2a1b4326af0a2b43325c2a4bf1f12a85c213833262,2.853994846343994,3.778542121795672,1.7478896768342862,1.674656494500581
ms_realrec_emotional_male_SNR_15.59dB_headset_A3KSAP865D3L7D_water_far_laughter_9.wav,GTCRN,222691,6bbb1facb0a6dc2d23e25e2a1b4326af0a2b43325c2a4bf1f12a85c213833262,2.9656145572662354,3.8747880378151986,1.794540327183069,1.6799611059244839
ms_realrec_emotional_male_SNR_15.85dB_stationary_headset_A3KSAP865D3L7D_AC_near_crying_5.wav,Noisy,173663,3cd0ff69fb601da494cf6ff45ff812b9ce7975b8a487fb5c9f1d0c9104fd46b9,2.4519290924072266,2.0721420829961312,3.016661270685298,1.9029972654131955
ms_realrec_emotional_male_SNR_15.85dB_stationary_headset_A3KSAP865D3L7D_AC_near_crying_5.wav,RNNoise v0.2,173663,3cd0ff69fb601da494cf6ff45ff812b9ce7975b8a487fb5c9f1d0c9104fd46b9,2.9671499729156494,3.9717990109744417,2.5262879759100714,2.310936395823297
ms_realrec_emotional_male_SNR_15.85dB_stationary_headset_A3KSAP865D3L7D_AC_near_crying_5.wav,GTCRN,173663,3cd0ff69fb601da494cf6ff45ff812b9ce7975b8a487fb5c9f1d0c9104fd46b9,2.9401485919952393,3.9064614403875355,2.4008655976447484,2.176820299078001
ms_realrec_emotional_male_SNR_16.78dB_headset_A3KSAP865D3L7D_water_far_crying_10.wav,Noisy,194321,3fcbb0de0a3cf6c66fe18cbbfcd6111d287f5eb9c6c5defb786f32d47d7780d9,2.379286766052246,2.620201907351468,2.2456720850306704,1.6873922308180853
ms_realrec_emotional_male_SNR_16.78dB_headset_A3KSAP865D3L7D_water_far_crying_10.wav,RNNoise v0.2,194321,3fcbb0de0a3cf6c66fe18cbbfcd6111d287f5eb9c6c5defb786f32d47d7780d9,2.5234453678131104,3.71996376321415,1.8846962674758636,1.7489509379871624
ms_realrec_emotional_male_SNR_16.78dB_headset_A3KSAP865D3L7D_water_far_crying_10.wav,GTCRN,194321,3fcbb0de0a3cf6c66fe18cbbfcd6111d287f5eb9c6c5defb786f32d47d7780d9,2.7281970977783203,3.795246041005022,1.7744334530668835,1.5943213139615589
ms_realrec_emotional_male_SNR_18.33dB_headset_A3KSAP865D3L7D_car_near_surprise_7.wav,Noisy,181555,48befdfba2f7da8cdc1a12a6484d6fc04b1b9f712e3ca604152353f745da1bc1,2.7654037475585938,2.1622721893720493,3.2648601001043485,2.0979239042558726
ms_realrec_emotional_male_SNR_18.33dB_headset_A3KSAP865D3L7D_car_near_surprise_7.wav,RNNoise v0.2,181555,48befdfba2f7da8cdc1a12a6484d6fc04b1b9f712e3ca604152353f745da1bc1,3.1920340061187744,3.972652975455444,2.6317003905503555,2.42391267911085
ms_realrec_emotional_male_SNR_18.33dB_headset_A3KSAP865D3L7D_car_near_surprise_7.wav,GTCRN,181555,48befdfba2f7da8cdc1a12a6484d6fc04b1b9f712e3ca604152353f745da1bc1,3.3190999031066895,4.0673639935139505,2.8324007869292904,2.6317385494829306
ms_realrec_emotional_male_SNR_19.84dB_stationary_headset_A3KSAP865D3L7D_fan_far_surprise_11.wav,Noisy,231304,4674fe8bf21eb7af64073f31b3d5854d4580eabd8611a1bacd65c8f3d13748a4,2.495814800262451,1.8219584674257026,2.2351454916766533,1.509835790470817
ms_realrec_emotional_male_SNR_19.84dB_stationary_headset_A3KSAP865D3L7D_fan_far_surprise_11.wav,RNNoise v0.2,231304,4674fe8bf21eb7af64073f31b3d5854d4580eabd8611a1bacd65c8f3d13748a4,3.198200225830078,3.9497268546882554,2.220292649905013,2.02638607847747
ms_realrec_emotional_male_SNR_19.84dB_stationary_headset_A3KSAP865D3L7D_fan_far_surprise_11.wav,GTCRN,231304,4674fe8bf21eb7af64073f31b3d5854d4580eabd8611a1bacd65c8f3d13748a4,2.947528123855591,3.875845671494281,1.9500957679624622,1.774480783779517
ms_realrec_emotional_male_SNR_20.99dB_stationary_speaker_A25UMKJS7PC293_fan_far_surprise_12.wav,Noisy,205822,8f20e6e311a1520938d22f978bf70af7d183c3e0588a707c0385eea4d9d5a1e2,3.163315773010254,2.59247366761369,3.210200898605256,2.312061674611265
ms_realrec_emotional_male_SNR_20.99dB_stationary_speaker_A25UMKJS7PC293_fan_far_surprise_12.wav,RNNoise v0.2,205822,8f20e6e311a1520938d22f978bf70af7d183c3e0588a707c0385eea4d9d5a1e2,3.3279943466186523,4.0547907304279365,3.224605006365136,2.9589250204569155
ms_realrec_emotional_male_SNR_20.99dB_stationary_speaker_A25UMKJS7PC293_fan_far_surprise_12.wav,GTCRN,205822,8f20e6e311a1520938d22f978bf70af7d183c3e0588a707c0385eea4d9d5a1e2,3.4405276775360107,3.962595121766307,3.0198788263971132,2.739173026508246
ms_realrec_emotional_male_SNR_21.39dB_headset_A3KSAP865D3L7D_car_near_crying_6.wav,Noisy,319718,6f856ae86b270d79fd86b27ea51de7d4ba4663109af6006e01e9c0e8896d9b6b,2.594399929046631,2.1856971241480023,2.7947552357461705,1.7637109151031007
ms_realrec_emotional_male_SNR_21.39dB_headset_A3KSAP865D3L7D_car_near_crying_6.wav,RNNoise v0.2,319718,6f856ae86b270d79fd86b27ea51de7d4ba4663109af6006e01e9c0e8896d9b6b,3.153303623199463,3.971381261552619,2.585815330566313,2.3731235079128714
ms_realrec_emotional_male_SNR_21.39dB_headset_A3KSAP865D3L7D_car_near_crying_6.wav,GTCRN,319718,6f856ae86b270d79fd86b27ea51de7d4ba4663109af6006e01e9c0e8896d9b6b,3.2641656398773193,3.8554048032653054,2.3970192183060726,2.145846643319403
ms_realrec_emotional_male_SNR_21.41dB_headset_A3KSAP865D3L7D_dog_far_shouting_8.wav,Noisy,184586,c8371a15af611884e73a70872db4f800be4a2fe1ec87b44bcf466e442aff436e,2.9789772033691406,2.057435336373399,2.1822097622953973,1.5283367604979552
ms_realrec_emotional_male_SNR_21.41dB_headset_A3KSAP865D3L7D_dog_far_shouting_8.wav,RNNoise v0.2,184586,c8371a15af611884e73a70872db4f800be4a2fe1ec87b44bcf466e442aff436e,3.05637264251709,2.5941110446994653,1.9312653143421763,1.4752806820549038
ms_realrec_emotional_male_SNR_21.41dB_headset_A3KSAP865D3L7D_dog_far_shouting_8.wav,GTCRN,184586,c8371a15af611884e73a70872db4f800be4a2fe1ec87b44bcf466e442aff436e,2.876208782196045,3.5426462659210296,1.5801937249921894,1.4465927508234047
ms_realrec_emotional_male_SNR_22.1dB_stationary_speaker_A25UMKJS7PC293_fan_near_laughter_1.wav,Noisy,190404,b14cbabb440f995cc3b64334b3cb90aeec237019b87f788134d56462cb7faf59,3.006485939025879,2.230499400881717,3.3370862767942135,2.2071067713634234
ms_realrec_emotional_male_SNR_22.1dB_stationary_speaker_A25UMKJS7PC293_fan_near_laughter_1.wav,RNNoise v0.2,190404,b14cbabb440f995cc3b64334b3cb90aeec237019b87f788134d56462cb7faf59,3.2800445556640625,3.531064693061828,2.8511628694446802,2.442069271303292
ms_realrec_emotional_male_SNR_22.1dB_stationary_speaker_A25UMKJS7PC293_fan_near_laughter_1.wav,GTCRN,190404,b14cbabb440f995cc3b64334b3cb90aeec237019b87f788134d56462cb7faf59,3.2655274868011475,3.728230466667151,2.8627605069550985,2.505839652435422
ms_realrec_emotional_male_SNR_22.92dB_speaker_A25UMKJS7PC293_chips_near_shouting_5.wav,Noisy,168856,e00bf8df72a4e72a6ad4c05ca532d85bec6fa5afa0e2c2f967cdb199f5c17127,2.8223705291748047,1.9389709302148426,3.2840633566752984,2.1118849864548617
ms_realrec_emotional_male_SNR_22.92dB_speaker_A25UMKJS7PC293_chips_near_shouting_5.wav,RNNoise v0.2,168856,e00bf8df72a4e72a6ad4c05ca532d85bec6fa5afa0e2c2f967cdb199f5c17127,3.4502177238464355,3.9448747308776424,3.2993709673285276,2.9869805389581106
ms_realrec_emotional_male_SNR_22.92dB_speaker_A25UMKJS7PC293_chips_near_shouting_5.wav,GTCRN,168856,e00bf8df72a4e72a6ad4c05ca532d85bec6fa5afa0e2c2f967cdb199f5c17127,3.6042423248291016,3.9000438483840467,3.1895792679903923,2.8822454300614595
ms_realrec_emotional_male_SNR_23.26dB_earphone_A25UMKJS7PC293_clatter_near_amazed_6.wav,Noisy,228485,0db5a774a3c83dcbe76df3639529fd8063229ead36298f01b46b64bc200e771a,3.27514386177063,2.6799500471185107,2.97345596483037,2.2367428959487485
ms_realrec_emotional_male_SNR_23.26dB_earphone_A25UMKJS7PC293_clatter_near_amazed_6.wav,RNNoise v0.2,228485,0db5a774a3c83dcbe76df3639529fd8063229ead36298f01b46b64bc200e771a,3.482762575149536,3.5114773363670073,2.535701651343935,2.2098947524263997
ms_realrec_emotional_male_SNR_23.26dB_earphone_A25UMKJS7PC293_clatter_near_amazed_6.wav,GTCRN,228485,0db5a774a3c83dcbe76df3639529fd8063229ead36298f01b46b64bc200e771a,3.4985969066619873,3.4683467223134565,2.503149003771518,2.185623599181837
ms_realrec_emotional_male_SNR_23.31dB_headset_A3KSAP865D3L7D_dog_near_shouting_1.wav,Noisy,182420,d7b40af4b90769ad9e814c70032ca41ea27031c7e750be55aad916986f3b67a6,3.383432388305664,2.3393387633765323,3.334126466516853,2.288702798624511
ms_realrec_emotional_male_SNR_23.31dB_headset_A3KSAP865D3L7D_dog_near_shouting_1.wav,RNNoise v0.2,182420,d7b40af4b90769ad9e814c70032ca41ea27031c7e750be55aad916986f3b67a6,3.44206166267395,2.0786177343222016,3.2455933734551374,2.0725084453542157
ms_realrec_emotional_male_SNR_23.31dB_headset_A3KSAP865D3L7D_dog_near_shouting_1.wav,GTCRN,182420,d7b40af4b90769ad9e814c70032ca41ea27031c7e750be55aad916986f3b67a6,3.359191417694092,3.430240808383779,2.889447096556734,2.4285183379965134
ms_realrec_emotional_male_SNR_23.82dB_earphone_A25UMKJS7PC293_kitchen_near_surprise_7.wav,Noisy,179630,ac8c8af9563d5397afc326c21afc689b65535b0cbaa5930bd3f18c44f71feecd,2.9958534240722656,2.9409095426343947,3.4524307809294283,2.632165319045881
ms_realrec_emotional_male_SNR_23.82dB_earphone_A25UMKJS7PC293_kitchen_near_surprise_7.wav,RNNoise v0.2,179630,ac8c8af9563d5397afc326c21afc689b65535b0cbaa5930bd3f18c44f71feecd,3.331899404525757,3.830887431681089,3.2221339904889024,2.8845814425979057
ms_realrec_emotional_male_SNR_23.82dB_earphone_A25UMKJS7PC293_kitchen_near_surprise_7.wav,GTCRN,179630,ac8c8af9563d5397afc326c21afc689b65535b0cbaa5930bd3f18c44f71feecd,3.538341999053955,3.9918849744280522,3.2499664235985826,2.957337682192957
ms_realrec_emotional_male_SNR_24.3dB_earphone_A25UMKJS7PC293_clatter_near_crying_3.wav,Noisy,184831,5b4d135ec6ba54ed91aca8f712be2f7757ec460ebc07e17c76669912dea760a3,3.194809675216675,2.6239989652401245,3.2224690495800408,2.3659161446975085
ms_realrec_emotional_male_SNR_24.3dB_earphone_A25UMKJS7PC293_clatter_near_crying_3.wav,RNNoise v0.2,184831,5b4d135ec6ba54ed91aca8f712be2f7757ec460ebc07e17c76669912dea760a3,3.4380452632904053,3.751095418239937,3.063444050086426,2.7010299922257675
ms_realrec_emotional_male_SNR_24.3dB_earphone_A25UMKJS7PC293_clatter_near_crying_3.wav,GTCRN,184831,5b4d135ec6ba54ed91aca8f712be2f7757ec460ebc07e17c76669912dea760a3,3.3807172775268555,3.835907138598429,2.9657715360189787,2.6557158530111415
ms_realrec_emotional_male_SNR_24.71dB_speaker_A25UMKJS7PC293_typing_far_laughter_11.wav,Noisy,261065,ee21d745845ede19294c3e675eb1a900017797db9cdbe98439445fefe02506c3,3.000483989715576,2.4798010613837715,3.184938635153625,2.2534039273051105
ms_realrec_emotional_male_SNR_24.71dB_speaker_A25UMKJS7PC293_typing_far_laughter_11.wav,RNNoise v0.2,261065,ee21d745845ede19294c3e675eb1a900017797db9cdbe98439445fefe02506c3,3.337996244430542,3.7313319690561833,3.03377097460974,2.6780103444891585
ms_realrec_emotional_male_SNR_24.71dB_speaker_A25UMKJS7PC293_typing_far_laughter_11.wav,GTCRN,261065,ee21d745845ede19294c3e675eb1a900017797db9cdbe98439445fefe02506c3,3.294884204864502,3.708496189233757,3.000012805699857,2.626141199123213
ms_realrec_emotional_male_SNR_26.35dB_speaker_A25UMKJS7PC293_kitchen_far_shouting_10.wav,Noisy,177029,26220d13d284c0e0862fadef5be6eaecbcbf4bb3e9d87ea97e21be067b8c43b3,3.443134307861328,2.9198285624163187,3.404377548460321,2.6024835162347086
ms_realrec_emotional_male_SNR_26.35dB_speaker_A25UMKJS7PC293_kitchen_far_shouting_10.wav,RNNoise v0.2,177029,26220d13d284c0e0862fadef5be6eaecbcbf4bb3e9d87ea97e21be067b8c43b3,3.3803553581237793,3.4591865452358848,3.1346115411789572,2.629092803990601
ms_realrec_emotional_male_SNR_26.35dB_speaker_A25UMKJS7PC293_kitchen_far_shouting_10.wav,GTCRN,177029,26220d13d284c0e0862fadef5be6eaecbcbf4bb3e9d87ea97e21be067b8c43b3,3.3811235427856445,3.8943829696940098,3.0412451768530553,2.7361010848533502
ms_realrec_emotional_male_SNR_26.76dB_speaker_A25UMKJS7PC293_doorclosing_far_amazed_9.wav,Noisy,176100,47f8a3e80b409812960dd854a1d57f91d242462803d4e207f5698e97c9f45fd6,2.922084331512451,2.8624902088896516,3.316826016231899,2.53415694535441
ms_realrec_emotional_male_SNR_26.76dB_speaker_A25UMKJS7PC293_doorclosing_far_amazed_9.wav,RNNoise v0.2,176100,47f8a3e80b409812960dd854a1d57f91d242462803d4e207f5698e97c9f45fd6,3.2523770332336426,3.63581504338512,2.9285267309576852,2.5539156898004034
ms_realrec_emotional_male_SNR_26.76dB_speaker_A25UMKJS7PC293_doorclosing_far_amazed_9.wav,GTCRN,176100,47f8a3e80b409812960dd854a1d57f91d242462803d4e207f5698e97c9f45fd6,3.388833522796631,3.9673080766617836,2.981104014098519,2.7155080863664116
ms_realrec_emotional_male_SNR_27.76dB_earphone_A25UMKJS7PC293_chips_near_yelling_4.wav,Noisy,168544,73a834a87eb4dbdd9ba0318f23cef87189034b21846aa70dc37c4861e9ea430d,2.916227102279663,1.9789078525001014,3.257419697126617,2.0863687343387687
ms_realrec_emotional_male_SNR_27.76dB_earphone_A25UMKJS7PC293_chips_near_yelling_4.wav,RNNoise v0.2,168544,73a834a87eb4dbdd9ba0318f23cef87189034b21846aa70dc37c4861e9ea430d,3.3564460277557373,3.7841509110963916,3.092245908722973,2.733890218819174
ms_realrec_emotional_male_SNR_27.76dB_earphone_A25UMKJS7PC293_chips_near_yelling_4.wav,GTCRN,168544,73a834a87eb4dbdd9ba0318f23cef87189034b21846aa70dc37c4861e9ea430d,3.5908262729644775,3.809002766210204,2.9970373891682884,2.666510324237782
ms_realrec_emotional_male_SNR_28.73dB_earphones_A25UMKJS7PC293_typing_near_laughter_2.wav,Noisy,217153,884f513b1a06d0aa1d1174c8d2bf72c991c0be50acf37ab33a8df06076ab2487,3.357431173324585,2.900774865706537,3.306240072678074,2.527602739724758
ms_realrec_emotional_male_SNR_28.73dB_earphones_A25UMKJS7PC293_typing_near_laughter_2.wav,RNNoise v0.2,217153,884f513b1a06d0aa1d1174c8d2bf72c991c0be50acf37ab33a8df06076ab2487,3.611008644104004,3.8811602430873897,3.3011865033056083,2.9549621612154695
ms_realrec_emotional_male_SNR_28.73dB_earphones_A25UMKJS7PC293_typing_near_laughter_2.wav,GTCRN,217153,884f513b1a06d0aa1d1174c8d2bf72c991c0be50acf37ab33a8df06076ab2487,3.608354330062866,3.891349909378153,3.0112127907415047,2.7164525974910507
ms_realrec_emotional_male_SNR_29.63dB_speaker_A25UMKJS7PC293_water_far_surprise_8.wav,Noisy,166812,6b81eb9333b3a043b435e9d27376755a8cb6bb70418700b0c84622f241cd477f,2.6590325832366943,2.788778798151727,2.42991379154826,2.0009575355549427
ms_realrec_emotional_male_SNR_29.63dB_speaker_A25UMKJS7PC293_water_far_surprise_8.wav,RNNoise v0.2,166812,6b81eb9333b3a043b435e9d27376755a8cb6bb70418700b0c84622f241cd477f,2.8372538089752197,3.891863587260512,2.63302091050991,2.3690732510410712
ms_realrec_emotional_male_SNR_29.63dB_speaker_A25UMKJS7PC293_water_far_surprise_8.wav,GTCRN,166812,6b81eb9333b3a043b435e9d27376755a8cb6bb70418700b0c84622f241cd477f,3.107820510864258,3.967084750181808,2.7681565004617235,2.5380695718933346
ms_realrec_english_female_SNR_14.53dB_windows_ASQ82PJ9L4O3R_water_near_5.wav,Noisy,243959,f12a3e5e63265b02c7f0cf2644b0b4ef520facabbca71fa47ec15893c1dfe3bf,2.7115848064422607,1.5174136041594608,2.855714287093799,1.6192405082254793
ms_realrec_english_female_SNR_14.53dB_windows_ASQ82PJ9L4O3R_water_near_5.wav,RNNoise v0.2,243959,f12a3e5e63265b02c7f0cf2644b0b4ef520facabbca71fa47ec15893c1dfe3bf,2.9359378814697266,3.4457876989921528,2.570687464844618,2.152605599450397
ms_realrec_english_female_SNR_14.53dB_windows_ASQ82PJ9L4O3R_water_near_5.wav,GTCRN,243959,f12a3e5e63265b02c7f0cf2644b0b4ef520facabbca71fa47ec15893c1dfe3bf,2.899075508117676,3.8248107504003475,2.568708617903407,2.2921317513057407
ms_realrec_english_female_SNR_14.75dB_stationary_headset_A2H95JVPEKRUWA_AC_2.wav,Noisy,243078,c85492b27d5d9761b5ad24aec5b9a76149f3e0e86b9997557f80d50723417609,2.5946385860443115,1.2457487415893391,1.190155019678577,1.0895328637533306
ms_realrec_english_female_SNR_14.75dB_stationary_headset_A2H95JVPEKRUWA_AC_2.wav,RNNoise v0.2,243078,c85492b27d5d9761b5ad24aec5b9a76149f3e0e86b9997557f80d50723417609,2.7179672718048096,2.8812962077157636,1.5567525541895806,1.4823238424941891
ms_realrec_english_female_SNR_14.75dB_stationary_headset_A2H95JVPEKRUWA_AC_2.wav,GTCRN,243078,c85492b27d5d9761b5ad24aec5b9a76149f3e0e86b9997557f80d50723417609,2.698942184448242,3.8449665098309667,1.6152762494606658,1.5225350467130958
ms_realrec_english_female_SNR_16.66dB_windows_ASQ82PJ9L4O3R_typing_near_2.wav,Noisy,214693,113ebdfaab197a0f75d7d97c02b794825c105e4690a19c14f87b066af5b3455f,2.872683048248291,2.3429229041661386,3.2164352056885086,2.2031082778311895
ms_realrec_english_female_SNR_16.66dB_windows_ASQ82PJ9L4O3R_typing_near_2.wav,RNNoise v0.2,214693,113ebdfaab197a0f75d7d97c02b794825c105e4690a19c14f87b066af5b3455f,3.2434115409851074,3.0630992022744272,3.260202123691607,2.541385698993058
ms_realrec_english_female_SNR_16.66dB_windows_ASQ82PJ9L4O3R_typing_near_2.wav,GTCRN,214693,113ebdfaab197a0f75d7d97c02b794825c105e4690a19c14f87b066af5b3455f,3.2234156131744385,3.7683191395837707,3.040424494586822,2.665086951054453
ms_realrec_english_female_SNR_17.03dB_windows_ASQ82PJ9L4O3R_water_far_10.wav,Noisy,197443,4415ceb241360bf6b19a6cb8c9b22c35c8f02a6655c082fb538913879a9967a6,2.620615005493164,1.8544884232134005,2.92560752691015,1.7489106730460555
ms_realrec_english_female_SNR_17.03dB_windows_ASQ82PJ9L4O3R_water_far_10.wav,RNNoise v0.2,197443,4415ceb241360bf6b19a6cb8c9b22c35c8f02a6655c082fb538913879a9967a6,2.6742656230926514,3.7583491896363945,2.4162763215198377,2.1698493470081206
ms_realrec_english_female_SNR_17.03dB_windows_ASQ82PJ9L4O3R_water_far_10.wav,GTCRN,197443,4415ceb241360bf6b19a6cb8c9b22c35c8f02a6655c082fb538913879a9967a6,3.0339622497558594,3.918148403806411,2.4321558994801253,2.2240858407756634
ms_realrec_english_female_SNR_18.49dB_stationary_headset_A2H95JVPEKRUWA_fan_far_7.wav,Noisy,199046,276dea14c62f70f92700a4459999ac270ea56b0b16ba4aae28b8534a3c7330f5,2.5403101444244385,2.0683721450856054,1.410271635548843,1.2879827460853226
ms_realrec_english_female_SNR_18.49dB_stationary_headset_A2H95JVPEKRUWA_fan_far_7.wav,RNNoise v0.2,199046,276dea14c62f70f92700a4459999ac270ea56b0b16ba4aae28b8534a3c7330f5,2.644207239151001,2.5543246829492996,1.431915696763079,1.3402782899222785
ms_realrec_english_female_SNR_18.49dB_stationary_headset_A2H95JVPEKRUWA_fan_far_7.wav,GTCRN,199046,276dea14c62f70f92700a4459999ac270ea56b0b16ba4aae28b8534a3c7330f5,2.516282081604004,3.952005099728988,1.627738466941066,1.5491353255843183
ms_realrec_english_female_SNR_18.84dB_laptop_A3P4XZJM2DEATZ_Fan_far_10.wav,Noisy,292155,3ba145cd81437a3eff9a924ca5c90f8c201012665fb5db4879fb161fd2828534,3.204721212387085,3.360213542482659,3.559930216756307,2.9410000432212047
ms_realrec_english_female_SNR_18.84dB_laptop_A3P4XZJM2DEATZ_Fan_far_10.wav,RNNoise v0.2,292155,3ba145cd81437a3eff9a924ca5c90f8c201012665fb5db4879fb161fd2828534,3.5916037559509277,4.160783478013358,3.2592496698403166,3.038251394360273
ms_realrec_english_female_SNR_18.84dB_laptop_A3P4XZJM2DEATZ_Fan_far_10.wav,GTCRN,292155,3ba145cd81437a3eff9a924ca5c90f8c201012665fb5db4879fb161fd2828534,3.66015362739563,4.105780145538135,3.329326722028514,3.0833238611783775
ms_realrec_english_female_SNR_19.28dB_stationary_laptop_A3P4XZJM2DEATZ_Fan_far_9.wav,Noisy,234294,341c0c7feabdeba7c5dcb5502b0776cebb43a181da0468ce43be6f04b0b2c4f2,3.584698438644409,3.186155979094564,3.6051513912456,2.913954987013368
ms_realrec_english_female_SNR_19.28dB_stationary_laptop_A3P4XZJM2DEATZ_Fan_far_9.wav,RNNoise v0.2,234294,341c0c7feabdeba7c5dcb5502b0776cebb43a181da0468ce43be6f04b0b2c4f2,3.763030529022217,4.116745873024328,3.312599171061558,3.068246647219172
ms_realrec_english_female_SNR_19.28dB_stationary_laptop_A3P4XZJM2DEATZ_Fan_far_9.wav,GTCRN,234294,341c0c7feabdeba7c5dcb5502b0776cebb43a181da0468ce43be6f04b0b2c4f2,3.819742202758789,4.056627579538519,3.3637516489898367,3.0955368895473967
ms_realrec_english_female_SNR_19.3dB_laptop_A3P4XZJM2DEATZ_Water_near_12.wav,Noisy,238491,915c9ccba64fc4b96289fd274fcaec2488e6543f295441bcd3be4efa354528d9,3.1854755878448486,2.7792705508298114,3.5718903495715706,2.63209567069656
ms_realrec_english_female_SNR_19.3dB_laptop_A3P4XZJM2DEATZ_Water_near_12.wav,RNNoise v0.2,238491,915c9ccba64fc4b96289fd274fcaec2488e6543f295441bcd3be4efa354528d9,3.6703743934631348,3.965112207658121,3.26605770819031,2.9860983863936297
ms_realrec_english_female_SNR_19.3dB_laptop_A3P4XZJM2DEATZ_Water_near_12.wav,GTCRN,238491,915c9ccba64fc4b96289fd274fcaec2488e6543f295441bcd3be4efa354528d9,3.713987350463867,3.956203155567766,3.3304006619623343,3.042000643388151
ms_realrec_english_female_SNR_19.46dB_laptop_A3P4XZJM2DEATZ_ChipsPacket_near_6.wav,Noisy,287798,21671d0e2fd5aa944e8c40aa38bd303618aab82bc91b8862b20e066945d310c0,3.398193836212158,2.3454348774739207,3.455735809194277,2.3629342018796424
ms_realrec_english_female_SNR_19.46dB_laptop_A3P4XZJM2DEATZ_ChipsPacket_near_6.wav,RNNoise v0.2,287798,21671d0e2fd5aa944e8c40aa38bd303618aab82bc91b8862b20e066945d310c0,3.759936809539795,3.781482812963867,3.228216674184815,2.8739665207484855
ms_realrec_english_female_SNR_19.46dB_laptop_A3P4XZJM2DEATZ_ChipsPacket_near_6.wav,GTCRN,287798,21671d0e2fd5aa944e8c40aa38bd303618aab82bc91b8862b20e066945d310c0,3.808800220489502,3.52261687271992,3.085068825340155,2.6499931838039044
ms_realrec_english_female_SNR_20.35dB_laptop_A3P4XZJM2DEATZ_Kitchen_far_8.wav,Noisy,282126,768e600d59072b855f6dadc3f0ddce1ddceb3748e06693e912979f7567c088ce,3.350898504257202,2.2577252035112507,3.321093455178077,2.2245226292575224
ms_realrec_english_female_SNR_20.35dB_laptop_A3P4XZJM2DEATZ_Kitchen_far_8.wav,RNNoise v0.2,282126,768e600d59072b855f6dadc3f0ddce1ddceb3748e06693e912979f7567c088ce,3.5751895904541016,3.781226421810102,3.0069889719078895,2.6676877433477926
ms_realrec_english_female_SNR_20.35dB_laptop_A3P4XZJM2DEATZ_Kitchen_far_8.wav,GTCRN,282126,768e600d59072b855f6dadc3f0ddce1ddceb3748e06693e912979f7567c088ce,3.6961991786956787,3.679238503847708,2.9834731387738382,2.613154264433966
ms_realrec_english_female_SNR_21.01dB_laptop_A3P4XZJM2DEATZ_Clatter_near_4.wav,Noisy,262342,be386773ed4f2bea2a3b881511a337e838a0a9be6ec4bbfdd37aea202137dbb0,3.631375551223755,2.772670478752952,3.4509191179594443,2.6035465595961673
ms_realrec_english_female_SNR_21.01dB_laptop_A3P4XZJM2DEATZ_Clatter_near_4.wav,RNNoise v0.2,262342,be386773ed4f2bea2a3b881511a337e838a0a9be6ec4bbfdd37aea202137dbb0,3.688253402709961,2.598132716377555,3.42248294829119,2.504588101559313
ms_realrec_english_female_SNR_21.01dB_laptop_A3P4XZJM2DEATZ_Clatter_near_4.wav,GTCRN,262342,be386773ed4f2bea2a3b881511a337e838a0a9be6ec4bbfdd37aea202137dbb0,3.9287736415863037,3.5264345353408,3.4148705448182874,2.9246754512868947
ms_realrec_english_female_SNR_21.94dB_windows_ASQ82PJ9L4O3R_baby_crying_far_11.wav,Noisy,180223,bd37662b0ee07efaec5808cd00338ce760d34afcf0aa064387b0214b5cbaeef2,3.012040853500366,1.3294130910277193,3.168622661194389,1.6142187978378706
ms_realrec_english_female_SNR_21.94dB_windows_ASQ82PJ9L4O3R_baby_crying_far_11.wav,RNNoise v0.2,180223,bd37662b0ee07efaec5808cd00338ce760d34afcf0aa064387b0214b5cbaeef2,3.068488597869873,1.4836787530734727,2.6649859236150815,1.4961605231835056
ms_realrec_english_female_SNR_21.94dB_windows_ASQ82PJ9L4O3R_baby_crying_far_11.wav,GTCRN,180223,bd37662b0ee07efaec5808cd00338ce760d34afcf0aa064387b0214b5cbaeef2,2.4234070777893066,3.6332838637557634,2.6004504758992315,2.2360172999206203
ms_realrec_english_female_SNR_21.96dB_headset_A2H95JVPEKRUWA_CAR_far_3.wav,Noisy,198358,7912b1cdccb6357ead0944900181a6dd05cd5ed4b1ab896481728d42a001d3c4,2.8244330883026123,2.324277032041774,1.4887542305487662,1.36499067969417
ms_realrec_english_female_SNR_21.96dB_headset_A2H95JVPEKRUWA_CAR_far_3.wav,RNNoise v0.2,198358,7912b1cdccb6357ead0944900181a6dd05cd5ed4b1ab896481728d42a001d3c4,2.779750108718872,2.32893169167037,1.3426717578161658,1.31062814046906
ms_realrec_english_female_SNR_21.96dB_headset_A2H95JVPEKRUWA_CAR_far_3.wav,GTCRN,198358,7912b1cdccb6357ead0944900181a6dd05cd5ed4b1ab896481728d42a001d3c4,2.6352643966674805,3.9473530593561788,1.5958362774565151,1.5844839926218397
ms_realrec_english_female_SNR_22.12dB_windows_ASQ82PJ9L4O3R_creaking_chair_far_7.wav,Noisy,331172,638e2b47f10f0f82690e5112de53f35be5202be020145ef810c5c0dd53780f78,2.580862045288086,1.2566963295048235,1.5879696329071804,1.227235674757674
ms_realrec_english_female_SNR_22.12dB_windows_ASQ82PJ9L4O3R_creaking_chair_far_7.wav,RNNoise v0.2,331172,638e2b47f10f0f82690e5112de53f35be5202be020145ef810c5c0dd53780f78,2.555377721786499,2.6103532300523393,2.24399402503573,1.6810025962099637
ms_realrec_english_female_SNR_22.12dB_windows_ASQ82PJ9L4O3R_creaking_chair_far_7.wav,GTCRN,331172,638e2b47f10f0f82690e5112de53f35be5202be020145ef810c5c0dd53780f78,2.698626756668091,3.7286489422860325,2.202200466141296,1.9274996172607237
ms_realrec_english_female_SNR_22.21dB_headset_A2H95JVPEKRUWA_dog_far_5.wav,Noisy,202256,3c590f2371e59fe97b33ecab56a3ba80eb47a903412205ec753f2bd9c392c74d,3.1614787578582764,2.2930375557953258,3.2478242495071137,2.2113065354607344
ms_realrec_english_female_SNR_22.21dB_headset_A2H95JVPEKRUWA_dog_far_5.wav,RNNoise v0.2,202256,3c590f2371e59fe97b33ecab56a3ba80eb47a903412205ec753f2bd9c392c74d,3.4453952312469482,3.203005325994622,2.9275970397893603,2.3875767943054353
ms_realrec_english_female_SNR_22.21dB_headset_A2H95JVPEKRUWA_dog_far_5.wav,GTCRN,202256,3c590f2371e59fe97b33ecab56a3ba80eb47a903412205ec753f2bd9c392c74d,3.464434862136841,3.5462790874685943,2.91430777912572,2.5348250742903677
ms_realrec_english_female_SNR_22.34dB_windows_ASQ82PJ9L4O3R_door_shutting_near_1.wav,Noisy,226336,5ab49cb717c754208ebc2ece38151790ee975c066183edd7e2ac89ad454efad2,3.052799701690674,2.1547668625193337,3.2980324286522076,2.1749746042624647
ms_realrec_english_female_SNR_22.34dB_windows_ASQ82PJ9L4O3R_door_shutting_near_1.wav,RNNoise v0.2,226336,5ab49cb717c754208ebc2ece38151790ee975c066183edd7e2ac89ad454efad2,3.159360885620117,3.8102113451854764,2.9989576014345003,2.6719744973869823
ms_realrec_english_female_SNR_22.34dB_windows_ASQ82PJ9L4O3R_door_shutting_near_1.wav,GTCRN,226336,5ab49cb717c754208ebc2ece38151790ee975c066183edd7e2ac89ad454efad2,3.6025938987731934,3.5244858855260306,3.113035381195426,2.645981226497053
ms_realrec_english_female_SNR_23.06dB_laptop_A3P4XZJM2DEATZ_typing_near_2.wav,Noisy,220105,9ad054a1dea9eb92293cdd9362b380d38fe1fa567f102a86eace83b633dbb537,2.914121150970459,2.447668728129151,3.420552609056096,2.373326412932207
ms_realrec_english_female_SNR_23.06dB_laptop_A3P4XZJM2DEATZ_typing_near_2.wav,RNNoise v0.2,220105,9ad054a1dea9eb92293cdd9362b380d38fe1fa567f102a86eace83b633dbb537,3.266643762588501,3.459231149111772,3.0629946728532804,2.626270174350719
ms_realrec_english_female_SNR_23.06dB_laptop_A3P4XZJM2DEATZ_typing_near_2.wav,GTCRN,220105,9ad054a1dea9eb92293cdd9362b380d38fe1fa567f102a86eace83b633dbb537,3.3241689205169678,3.2121701318865994,3.162792481054199,2.564741218465241
ms_realrec_english_female_SNR_23.41dB_windows_ASQ82PJ9L4O3R_typing_far_9.wav,Noisy,176347,f288b944ca86785f724c9ab506bc39a28c8e96e3355f7e416d739b8f975b7a12,2.556295871734619,1.609234873864458,3.127047416153994,1.8268146720784149
ms_realrec_english_female_SNR_23.41dB_windows_ASQ82PJ9L4O3R_typing_far_9.wav,RNNoise v0.2,176347,f288b944ca86785f724c9ab506bc39a28c8e96e3355f7e416d739b8f975b7a12,2.713778495788574,2.594326454155854,2.9076339365101522,2.0837658499598186
ms_realrec_english_female_SNR_23.41dB_windows_ASQ82PJ9L4O3R_typing_far_9.wav,GTCRN,176347,f288b944ca86785f724c9ab506bc39a28c8e96e3355f7e416d739b8f975b7a12,2.63024640083313,3.8144160150173088,2.9350137869674686,2.558708824491407
ms_realrec_english_female_SNR_23.69dB_headset_A2H95JVPEKRUWA_water_far_9.wav,Noisy,242848,3e90877f4541ecd478a437c3ab5e5d9f736afc289fd83cf8f0d8b80f7eeeb2cb,2.6811046600341797,2.5089455206575177,2.269023059812012,1.6239377992188337
ms_realrec_english_female_SNR_23.69dB_headset_A2H95JVPEKRUWA_water_far_9.wav,RNNoise v0.2,242848,3e90877f4541ecd478a437c3ab5e5d9f736afc289fd83cf8f0d8b80f7eeeb2cb,2.704922914505005,2.634030754594559,2.2627118696283324,1.7059245370941725
ms_realrec_english_female_SNR_23.69dB_headset_A2H95JVPEKRUWA_water_far_9.wav,GTCRN,242848,3e90877f4541ecd478a437c3ab5e5d9f736afc289fd83cf8f0d8b80f7eeeb2cb,2.8525497913360596,3.8237189303100894,1.8247877096630185,1.6931180159748633
ms_realrec_english_female_SNR_23.78dB_laptop_A3P4XZJM2DEATZ_ChipsPacket_near_5.wav,Noisy,256608,f430e0220e5cf09ad29a5f0f25dbfe67595845575240368c5ad68b001a8bce73,3.464113712310791,2.1781742840775435,3.394180878009038,2.2187554110993513
ms_realrec_english_female_SNR_23.78dB_laptop_A3P4XZJM2DEATZ_ChipsPacket_near_5.wav,RNNoise v0.2,256608,f430e0220e5cf09ad29a5f0f25dbfe67595845575240368c5ad68b001a8bce73,3.7838168144226074,3.577304051359795,3.0980477661090653,2.6790494251637194
ms_realrec_english_female_SNR_23.78dB_laptop_A3P4XZJM2DEATZ_ChipsPacket_near_5.wav,GTCRN,256608,f430e0220e5cf09ad29a5f0f25dbfe67595845575240368c5ad68b001a8bce73,3.965059757232666,3.873701556531874,3.1056359885818487,2.8004713725933015
ms_realrec_english_female_SNR_24.47dB_windows_ASQ82PJ9L4O3R_dog_near_6.wav,Noisy,168778,9bae9f6ae933af87d157c04241a79790bf9e58aeff7580ec60f9171d7601f72f,3.164052724838257,1.8725089419350731,3.4687683203213204,2.118043751941733
ms_realrec_english_female_SNR_24.47dB_windows_ASQ82PJ9L4O3R_dog_near_6.wav,RNNoise v0.2,168778,9bae9f6ae933af87d157c04241a79790bf9e58aeff7580ec60f9171d7601f72f,3.4915125370025635,2.7890251478400065,3.3810301729182695,2.51532091783149
ms_realrec_english_female_SNR_24.47dB_windows_ASQ82PJ9L4O3R_dog_near_6.wav,GTCRN,168778,9bae9f6ae933af87d157c04241a79790bf9e58aeff7580ec60f9171d7601f72f,3.422208547592163,3.402673325625179,3.227584817517603,2.6487907548664795
ms_realrec_english_female_SNR_24.49dB_windows_ASQ82PJ9L4O3R_dog_far_12.wav,Noisy,196709,f2471cb5fc8d7c6ad12a5fad667032e17c2a5b20dfee31c1827fab8088ee6c60,2.702580451965332,1.5547591501853766,2.8222540211849645,1.6769886572834212
ms_realrec_english_female_SNR_24.49dB_windows_ASQ82PJ9L4O3R_dog_far_12.wav,RNNoise v0.2,196709,f2471cb5fc8d7c6ad12a5fad667032e17c2a5b20dfee31c1827fab8088ee6c60,2.948622941970825,2.1061698575165804,2.7499640079203815,1.7249995885549019
ms_realrec_english_female_SNR_24.49dB_windows_ASQ82PJ9L4O3R_dog_far_12.wav,GTCRN,196709,f2471cb5fc8d7c6ad12a5fad667032e17c2a5b20dfee31c1827fab8088ee6c60,3.3594510555267334,3.3886909655724984,2.730804595775865,2.2302991943711903
ms_realrec_english_female_SNR_24.5dB_laptop_A3P4XZJM2DEATZ_Kitchen_far_7.wav,Noisy,200651,f60802cb8dda1e843df65e4a9d38ffb91d3ecd26d773023ef5a9daa1aa6d01d4,3.3951423168182373,2.311689820454822,2.9346860507744297,2.0069655041570322
ms_realrec_english_female_SNR_24.5dB_laptop_A3P4XZJM2DEATZ_Kitchen_far_7.wav,RNNoise v0.2,200651,f60802cb8dda1e843df65e4a9d38ffb91d3ecd26d773023ef5a9daa1aa6d01d4,3.3740313053131104,2.261309109653801,2.9367504482375284,1.9831591459527056
ms_realrec_english_female_SNR_24.5dB_laptop_A3P4XZJM2DEATZ_Kitchen_far_7.wav,GTCRN,200651,f60802cb8dda1e843df65e4a9d38ffb91d3ecd26d773023ef5a9daa1aa6d01d4,3.608030319213867,3.5340841123476108,2.766307852159439,2.3956034306212213
ms_realrec_english_female_SNR_24.71dB_laptop_A3P4XZJM2DEATZ_typing_near_1.wav,Noisy,244454,67b7b85e25e4926e8e75df44e53ec5f37e2d54a7f35f3682ac21ab55decfc223,3.4859018325805664,2.4586304119701574,3.418707860452569,2.4107494623312715
ms_realrec_english_female_SNR_24.71dB_laptop_A3P4XZJM2DEATZ_typing_near_1.wav,RNNoise v0.2,244454,67b7b85e25e4926e8e75df44e53ec5f37e2d54a7f35f3682ac21ab55decfc223,3.6792688369750977,3.151871499390456,3.270730631672086,2.6318908538297996
ms_realrec_english_female_SNR_24.71dB_laptop_A3P4XZJM2DEATZ_typing_near_1.wav,GTCRN,244454,67b7b85e25e4926e8e75df44e53ec5f37e2d54a7f35f3682ac21ab55decfc223,3.7643368244171143,3.78185850399552,3.254338237611041,2.877229393605766
ms_realrec_english_female_SNR_25.95dB_headset_A2H95JVPEKRUWA_creaking_chair_far_12.wav,Noisy,297888,64d00f4f517523cd4ed709ca38475a4243391297fec153d152cc7c2e89dd183a,2.826726198196411,2.758165057708598,2.8896356708632056,2.1877169171937414
ms_realrec_english_female_SNR_25.95dB_headset_A2H95JVPEKRUWA_creaking_chair_far_12.wav,RNNoise v0.2,297888,64d00f4f517523cd4ed709ca38475a4243391297fec153d152cc7c2e89dd183a,2.905296564102173,3.4061730280850417,2.800619826202414,2.3331827903883804
ms_realrec_english_female_SNR_25.95dB_headset_A2H95JVPEKRUWA_creaking_chair_far_12.wav,GTCRN,297888,64d00f4f517523cd4ed709ca38475a4243391297fec153d152cc7c2e89dd183a,3.2219576835632324,3.835799204845476,2.689489688822653,2.4103763104309524
ms_realrec_english_female_SNR_26.47dB_windows_ASQ82PJ9L4O3R_car_near_4.wav,Noisy,120514,9bdb0df4ec7c758588c44857faed893915a5c9ef1bf4763bb28a28fc48a56ded,2.870157241821289,3.116210202278317,3.6608353031086978,2.8672149788556234
ms_realrec_english_female_SNR_26.47dB_windows_ASQ82PJ9L4O3R_car_near_4.wav,RNNoise v0.2,120514,9bdb0df4ec7c758588c44857faed893915a5c9ef1bf4763bb28a28fc48a56ded,2.9262826442718506,3.513579133271739,3.431182620879396,2.883704848894564
ms_realrec_english_female_SNR_26.47dB_windows_ASQ82PJ9L4O3R_car_near_4.wav,GTCRN,120514,9bdb0df4ec7c758588c44857faed893915a5c9ef1bf4763bb28a28fc48a56ded,3.034160852432251,4.045211946409921,3.4510978229209752,3.1519508429080623
ms_realrec_english_female_SNR_27.58dB_headset_A2H95JVPEKRUWA_clatter_noise_far_4.wav,Noisy,205696,551d6df3fcf0565bfec996e05e3ea9aed180d6f393af6d49e14d8f6a7be3695c,3.1739490032196045,2.6865149613858974,2.7872292112955477,2.1319144154516665
ms_realrec_english_female_SNR_27.58dB_headset_A2H95JVPEKRUWA_clatter_noise_far_4.wav,RNNoise v0.2,205696,551d6df3fcf0565bfec996e05e3ea9aed180d6f393af6d49e14d8f6a7be3695c,3.212869882583618,2.6542382990742737,2.7993093808073137,2.1179237240993722
ms_realrec_english_female_SNR_27.58dB_headset_A2H95JVPEKRUWA_clatter_noise_far_4.wav,GTCRN,205696,551d6df3fcf0565bfec996e05e3ea9aed180d6f393af6d49e14d8f6a7be3695c,3.336198091506958,3.840113937570352,2.803645977151566,2.5418494884991545
ms_realrec_english_female_SNR_27.83dB_laptop_A3P4XZJM2DEATZ_Clatter_near_3.wav,Noisy,237296,68b0296dfe9a9af3b5dc3e824ed4ea0262f811e4679d4a7a1815fb48b175858b,3.6187973022460938,2.5983737964589317,3.571690296220363,2.573415510478582
ms_realrec_english_female_SNR_27.83dB_laptop_A3P4XZJM2DEATZ_Clatter_near_3.wav,RNNoise v0.2,237296,68b0296dfe9a9af3b5dc3e824ed4ea0262f811e4679d4a7a1815fb48b175858b,3.9047844409942627,2.6109312297410696,3.457814762826333,2.503580219752604
ms_realrec_english_female_SNR_27.83dB_laptop_A3P4XZJM2DEATZ_Clatter_near_3.wav,GTCRN,237296,68b0296dfe9a9af3b5dc3e824ed4ea0262f811e4679d4a7a1815fb48b175858b,4.013047695159912,3.959496759113013,3.4061137168439095,3.104420328833643
ms_realrec_english_female_SNR_27.91dB_headset_A2H95JVPEKRUWA_typing_far_1.wav,Noisy,199504,c74fb3eab1514628a7beaf16d8d9a5a12c137bca0343c88a25261a7c87789e80,2.822542905807495,1.925630450133479,2.8258751626453003,1.7819680051538809
ms_realrec_english_female_SNR_27.91dB_headset_A2H95JVPEKRUWA_typing_far_1.wav,RNNoise v0.2,199504,c74fb3eab1514628a7beaf16d8d9a5a12c137bca0343c88a25261a7c87789e80,2.90012264251709,2.1945444664959286,2.6684803740945884,1.8142161822452068
ms_realrec_english_female_SNR_27.91dB_headset_A2H95JVPEKRUWA_typing_far_1.wav,GTCRN,199504,c74fb3eab1514628a7beaf16d8d9a5a12c137bca0343c88a25261a7c87789e80,3.2688732147216797,3.7908014705543587,2.532866725172531,2.292686620930931
ms_realrec_english_female_SNR_27.93dB_laptop_A3P4XZJM2DEATZ_DoorShut_far_11.wav,Noisy,312077,278dc897b248a0af7fdb5d0226a7e2de062be78122bd88ca0d1d212dd080a975,3.372891664505005,2.653248288444727,3.2000738953531425,2.3594345251849456
ms_realrec_english_female_SNR_27.93dB_laptop_A3P4XZJM2DEATZ_DoorShut_far_11.wav,RNNoise v0.2,312077,278dc897b248a0af7fdb5d0226a7e2de062be78122bd88ca0d1d212dd080a975,3.5440406799316406,3.813679713658343,2.9447056957587323,2.6312163117003347
ms_realrec_english_female_SNR_27.93dB_laptop_A3P4XZJM2DEATZ_DoorShut_far_11.wav,GTCRN,312077,278dc897b248a0af7fdb5d0226a7e2de062be78122bd88ca0d1d212dd080a975,3.65061616897583,3.7074200198280436,2.8483806431443535,2.5181314644426256
ms_realrec_english_female_SNR_28.74dB_headset_A2H95JVPEKRUWA_kitchen_far_8.wav,Noisy,235510,f3326b658a08c326c378c458f5b3183bf16effa842c8ef242e1d3651566d6838,2.9114387035369873,1.8718666508300905,2.9654156692605023,1.771030360504189
ms_realrec_english_female_SNR_28.74dB_headset_A2H95JVPEKRUWA_kitchen_far_8.wav,RNNoise v0.2,235510,f3326b658a08c326c378c458f5b3183bf16effa842c8ef242e1d3651566d6838,2.923694133758545,1.912192399220432,2.9255980706834914,1.7758246683753682
ms_realrec_english_female_SNR_28.74dB_headset_A2H95JVPEKRUWA_kitchen_far_8.wav,GTCRN,235510,f3326b658a08c326c378c458f5b3183bf16effa842c8ef242e1d3651566d6838,3.246258497238159,3.855741281213823,2.5781911973640255,2.3356630148691067
ms_realrec_english_female_SNR_29.01dB_windows_ASQ82PJ9L4O3R_creaking_chair_near_7.wav,Noisy,244748,7643e052463b5e573489c800a40b27054a90ecc8579ca7ae3301513e41533254,3.086855173110962,1.857681609068859,3.255122174299716,1.9561464759524503
ms_realrec_english_female_SNR_29.01dB_windows_ASQ82PJ9L4O3R_creaking_chair_near_7.wav,RNNoise v0.2,244748,7643e052463b5e573489c800a40b27054a90ecc8579ca7ae3301513e41533254,3.611285448074341,3.3661700100339154,3.0698467385360417,2.5437953911494304
ms_realrec_english_female_SNR_29.01dB_windows_ASQ82PJ9L4O3R_creaking_chair_near_7.wav,GTCRN,244748,7643e052463b5e573489c800a40b27054a90ecc8579ca7ae3301513e41533254,3.674933671951294,3.829157957067212,2.9935456514727097,2.6858987281453843
ms_realrec_english_female_SNR_29.56dB_headset_A2H95JVPEKRUWA_chips_packet_far_10.wav,Noisy,274496,eeafa7780f518a57226da4ff3f7280a0f005914647f14c135d94accb21ef2d15,3.0581512451171875,2.917813326019748,2.9687321851212176,2.238076980190554
ms_realrec_english_female_SNR_29.56dB_headset_A2H95JVPEKRUWA_chips_packet_far_10.wav,RNNoise v0.2,274496,eeafa7780f518a57226da4ff3f7280a0f005914647f14c135d94accb21ef2d15,3.3148045539855957,3.432834625822885,2.884930035887512,2.397205683766096
ms_realrec_english_female_SNR_29.56dB_headset_A2H95JVPEKRUWA_chips_packet_far_10.wav,GTCRN,274496,eeafa7780f518a57226da4ff3f7280a0f005914647f14c135d94accb21ef2d15,3.6527881622314453,3.981997185755251,2.8207065532467035,2.546847884460661
ms_realrec_english_female_SNR_31.68dB_windows_ASQ82PJ9L4O3R_baby_crying_near_3.wav,Noisy,159745,b6780829388be82c4f94096c77511f84ee5b2a7d4db7a62ea7b43b3a3eb97e78,2.786743402481079,1.4089559701003727,3.33436894002834,1.794290468017023
ms_realrec_english_female_SNR_31.68dB_windows_ASQ82PJ9L4O3R_baby_crying_near_3.wav,RNNoise v0.2,159745,b6780829388be82c4f94096c77511f84ee5b2a7d4db7a62ea7b43b3a3eb97e78,2.982102155685425,1.8386063599790503,3.0550036211604774,1.8232741338918999
ms_realrec_english_female_SNR_31.68dB_windows_ASQ82PJ9L4O3R_baby_crying_near_3.wav,GTCRN,159745,b6780829388be82c4f94096c77511f84ee5b2a7d4db7a62ea7b43b3a3eb97e78,3.181882858276367,3.72948211255133,3.10936640995894,2.7127400362697918
ms_realrec_english_female_SNR_32.0dB_headset_A2H95JVPEKRUWA_door_shutting_far_6.wav,Noisy,291467,a2a8ddf0dcf2500a8e4245cad615720d6f639e005a6e8534a50886fd41d76091,3.1674039363861084,2.563912148469462,3.225100974910895,2.335101539098169
ms_realrec_english_female_SNR_32.0dB_headset_A2H95JVPEKRUWA_door_shutting_far_6.wav,RNNoise v0.2,291467,a2a8ddf0dcf2500a8e4245cad615720d6f639e005a6e8534a50886fd41d76091,3.173521041870117,2.6975010082080066,3.129746005556048,2.323993343908711
ms_realrec_english_female_SNR_32.0dB_headset_A2H95JVPEKRUWA_door_shutting_far_6.wav,GTCRN,291467,a2a8ddf0dcf2500a8e4245cad615720d6f639e005a6e8534a50886fd41d76091,3.5823471546173096,3.723454410816434,2.8162561400462613,2.499538172780921
ms_realrec_english_female_SNR_32.35dB_headset_A2H95JVPEKRUWA_child_crying_far_11.wav,Noisy,231611,98348d8dfb7530c2420203de3615282bd84d4978ab15ac46429b47bf7579a5aa,3.215117931365967,2.6395755557809193,2.814471245597594,2.118661379529041
ms_realrec_english_female_SNR_32.35dB_headset_A2H95JVPEKRUWA_child_crying_far_11.wav,RNNoise v0.2,231611,98348d8dfb7530c2420203de3615282bd84d4978ab15ac46429b47bf7579a5aa,3.2192790508270264,2.6856085014070272,2.7249811158031374,2.054130968844013
ms_realrec_english_female_SNR_32.35dB_headset_A2H95JVPEKRUWA_child_crying_far_11.wav,GTCRN,231611,98348d8dfb7530c2420203de3615282bd84d4978ab15ac46429b47bf7579a5aa,3.3423995971679688,3.8830146700490453,2.67160716137463,2.4293843393611545
ms_realrec_english_male_SNR_11.21dB_stationary_headset_aircondtionar-02.wav,Noisy,173283,4fba8efa1bad29dfb7f78caa6176b2969df1e781499180f66f3f9ae2c49c7aa3,2.1693568229675293,1.4741851615570063,3.102466599075118,1.625354347239644
ms_realrec_english_male_SNR_11.21dB_stationary_headset_aircondtionar-02.wav,RNNoise v0.2,173283,4fba8efa1bad29dfb7f78caa6176b2969df1e781499180f66f3f9ae2c49c7aa3,3.1276094913482666,4.082442916594596,2.4950969305461177,2.351176929286804
ms_realrec_english_male_SNR_11.21dB_stationary_headset_aircondtionar-02.wav,GTCRN,173283,4fba8efa1bad29dfb7f78caa6176b2969df1e781499180f66f3f9ae2c49c7aa3,3.3253915309906006,3.8261406058467564,1.9415818660595996,1.805310949609165
ms_realrec_english_male_SNR_11.29dB_stationary_headset_aircondtionar-03.wav,Noisy,200130,fab355d21a00cf829559bb2d372a8defdd0fe53d0ead17b215260f111fd248e2,2.493601083755493,1.4067523377569753,2.995258080838387,1.5587632953788215
ms_realrec_english_male_SNR_11.29dB_stationary_headset_aircondtionar-03.wav,RNNoise v0.2,200130,fab355d21a00cf829559bb2d372a8defdd0fe53d0ead17b215260f111fd248e2,3.328960418701172,4.058406384363276,2.606014859638241,2.426380753996142
ms_realrec_english_male_SNR_11.29dB_stationary_headset_aircondtionar-03.wav,GTCRN,200130,fab355d21a00cf829559bb2d372a8defdd0fe53d0ead17b215260f111fd248e2,3.339895486831665,3.8941511904252004,2.1584639976584086,1.9881189437000153
ms_realrec_english_male_SNR_12.57dB_Mica_A1DCG37N0Y8BN0_car_far_6.wav,Noisy,262122,4ac3c0718b9eb8a9e409d464069f6ff500067f466c7c4f4460c17ddfcb1f028d,2.6712043285369873,2.1823117851808322,3.0355535321991924,2.009524570564465
ms_realrec_english_male_SNR_12.57dB_Mica_A1DCG37N0Y8BN0_car_far_6.wav,RNNoise v0.2,262122,4ac3c0718b9eb8a9e409d464069f6ff500067f466c7c4f4460c17ddfcb1f028d,3.424936532974243,4.123554242198303,3.0345423311786193,2.8033561479975817
ms_realrec_english_male_SNR_12.57dB_Mica_A1DCG37N0Y8BN0_car_far_6.wav,GTCRN,262122,4ac3c0718b9eb8a9e409d464069f6ff500067f466c7c4f4460c17ddfcb1f028d,3.5266401767730713,4.04011620222398,2.9080618541770167,2.6466639268271477
ms_realrec_english_male_SNR_13.92dB_headset_dishwasher_far.wav,Noisy,328864,b7baa8e2971a256baaa94e8cd5f017bd5f5a43476963e7f2ac6507a8292dd6df,2.422205686569214,1.5359685338453968,2.803269999263341,1.5670819664063613
ms_realrec_english_male_SNR_13.92dB_headset_dishwasher_far.wav,RNNoise v0.2,328864,b7baa8e2971a256baaa94e8cd5f017bd5f5a43476963e7f2ac6507a8292dd6df,3.1084160804748535,3.951592015382914,2.405836635168345,2.2152327718692564
ms_realrec_english_male_SNR_13.92dB_headset_dishwasher_far.wav,GTCRN,328864,b7baa8e2971a256baaa94e8cd5f017bd5f5a43476963e7f2ac6507a8292dd6df,3.2791857719421387,3.7686289371860795,1.9823301368871142,1.850713495714144
ms_realrec_english_male_SNR_14.29dB_stationary_headset_A1XUZFDVKP95VC_Fan_Near_4.wav,Noisy,272432,70d6acacf246a185c40e42421d8244f5e93bb24aba7bf48a76709874f73bacfd,2.3706626892089844,1.8727588255407794,2.573639581627129,1.7557846616822024
ms_realrec_english_male_SNR_14.29dB_stationary_headset_A1XUZFDVKP95VC_Fan_Near_4.wav,RNNoise v0.2,272432,70d6acacf246a185c40e42421d8244f5e93bb24aba7bf48a76709874f73bacfd,3.3404958248138428,4.0418844106144185,2.5144498654769323,2.2197640939612127
ms_realrec_english_male_SNR_14.29dB_stationary_headset_A1XUZFDVKP95VC_Fan_Near_4.wav,GTCRN,272432,70d6acacf246a185c40e42421d8244f5e93bb24aba7bf48a76709874f73bacfd,3.110459089279175,4.035582877287565,2.4815435941299144,2.186146673727164
ms_realrec_english_male_SNR_14.35dB_Laptop_A8PJHNOLEDTZI_Hammer_far_1.wav,Noisy,239408,afff19ef9ae3e674f08475edaaaa94f1505b768c04de4ab56bca4f217182156f,2.9054973125457764,3.0397586482472807,3.013574113132182,2.350075370420143
ms_realrec_english_male_SNR_14.35dB_Laptop_A8PJHNOLEDTZI_Hammer_far_1.wav,RNNoise v0.2,239408,afff19ef9ae3e674f08475edaaaa94f1505b768c04de4ab56bca4f217182156f,3.101135015487671,3.1938589311308547,2.973880088681291,2.385677143958233
ms_realrec_english_male_SNR_14.35dB_Laptop_A8PJHNOLEDTZI_Hammer_far_1.wav,GTCRN,239408,afff19ef9ae3e674f08475edaaaa94f1505b768c04de4ab56bca4f217182156f,3.7193737030029297,4.0189404815719785,2.731087465921921,2.4565299928094557
ms_realrec_english_male_SNR_14.71dB_stationary_headset_fan_neat-02.wav,Noisy,212732,2e1bd491ff9022273e7beeee47197c2e1ecc0716757fa9ff82d6d59123814126,2.383922576904297,1.4787929569173541,2.75040609421467,1.4581332379968979
ms_realrec_english_male_SNR_14.71dB_stationary_headset_fan_neat-02.wav,RNNoise v0.2,212732,2e1bd491ff9022273e7beeee47197c2e1ecc0716757fa9ff82d6d59123814126,3.1592729091644287,3.890966179113077,2.035995573978609,1.9201526081585172
ms_realrec_english_male_SNR_14.71dB_stationary_headset_fan_neat-02.wav,GTCRN,212732,2e1bd491ff9022273e7beeee47197c2e1ecc0716757fa9ff82d6d59123814126,3.4575915336608887,3.7865879267050104,2.254183848746694,2.055911196776819
ms_realrec_english_male_SNR_15.12dB_stationary_Mica_A1DCG37N0Y8BN0_fan_near_10.wav,Noisy,221750,fd5d1f2b1ccf18fbaa133ba07b5114f41e4e89801a303bc5c3ed131bf28e3456,3.0322163105010986,2.554990974288292,3.4975700295246215,2.4396883609040287
ms_realrec_english_male_SNR_15.12dB_stationary_Mica_A1DCG37N0Y8BN0_fan_near_10.wav,RNNoise v0.2,221750,fd5d1f2b1ccf18fbaa133ba07b5114f41e4e89801a303bc5c3ed131bf28e3456,3.7330164909362793,4.169133822894821,3.3938023298022375,3.163002798523932
ms_realrec_english_male_SNR_15.12dB_stationary_Mica_A1DCG37N0Y8BN0_fan_near_10.wav,GTCRN,221750,fd5d1f2b1ccf18fbaa133ba07b5114f41e4e89801a303bc5c3ed131bf28e3456,3.7316672801971436,4.1261388561010675,3.243143715343943,3.0137148584233815
ms_realrec_english_male_SNR_15.3dB_macbook_A1RK5KQQ320OH4_ChipsPacket_near.wav,Noisy,367926,f7cca9c814e28e9d54925525907ef8b53291a6457ba0c58c24dce43785fb073b,2.7030584812164307,1.8195203514959408,3.240600183221711,1.954053286666175
ms_realrec_english_male_SNR_15.3dB_macbook_A1RK5KQQ320OH4_ChipsPacket_near.wav,RNNoise v0.2,367926,f7cca9c814e28e9d54925525907ef8b53291a6457ba0c58c24dce43785fb073b,2.9636635780334473,3.689982692614626,2.998191375463684,2.6109403887681566
ms_realrec_english_male_SNR_15.3dB_macbook_A1RK5KQQ320OH4_ChipsPacket_near.wav,GTCRN,367926,f7cca9c814e28e9d54925525907ef8b53291a6457ba0c58c24dce43785fb073b,3.2719357013702393,4.06457974215522,2.878747477432249,2.620631167857863
ms_realrec_english_male_SNR_15.72dB_speaker_ASEW6NZHLI41K_breathing_far.wav,Noisy,227483,506988400ec3a3e9b050ebb07935d010c9d8469019ace3b6f8d4c0dc4c6d58da,2.9042892456054688,1.5609234877617155,2.92526865651745,1.5941986544613864
ms_realrec_english_male_SNR_15.72dB_speaker_ASEW6NZHLI41K_breathing_far.wav,RNNoise v0.2,227483,506988400ec3a3e9b050ebb07935d010c9d8469019ace3b6f8d4c0dc4c6d58da,3.2100701332092285,1.8392161711336676,3.17270989259068,1.8447590771261229
ms_realrec_english_male_SNR_15.72dB_speaker_ASEW6NZHLI41K_breathing_far.wav,GTCRN,227483,506988400ec3a3e9b050ebb07935d010c9d8469019ace3b6f8d4c0dc4c6d58da,3.218153476715088,3.7502584978519926,2.642316926604896,2.3205951154900406
ms_realrec_english_male_SNR_15.92dB_stationary_headset_fan_neat-01.wav,Noisy,168648,5499ef1f0a1943f08cf8581d03963c9ece76ad824fef0d3fb69d09b82d1a6ef3,2.3325445652008057,1.2863722509026685,2.946154140344827,1.4237454677744474
ms_realrec_english_male_SNR_15.92dB_stationary_headset_fan_neat-01.wav,RNNoise v0.2,168648,5499ef1f0a1943f08cf8581d03963c9ece76ad824fef0d3fb69d09b82d1a6ef3,3.0907649993896484,3.9519660224949495,2.1914137776359293,2.035505424452617
ms_realrec_english_male_SNR_15.92dB_stationary_headset_fan_neat-01.wav,GTCRN,168648,5499ef1f0a1943f08cf8581d03963c9ece76ad824fef0d3fb69d09b82d1a6ef3,3.290006160736084,3.9067101955457693,2.0459403737736688,1.9186700633223661
ms_realrec_english_male_SNR_15.93dB_webcam_A28O8I1SYFZO7A_breathing_near_12.wav,Noisy,249728,a420d48a54403ebcd406232ffcf267bdf4a14caee03965d4bb902aa5ba36c268,3.0951662063598633,1.7400568574742508,3.2801804984142495,1.9041963855400903
ms_realrec_english_male_SNR_15.93dB_webcam_A28O8I1SYFZO7A_breathing_near_12.wav,RNNoise v0.2,249728,a420d48a54403ebcd406232ffcf267bdf4a14caee03965d4bb902aa5ba36c268,3.746107816696167,3.7830277172824442,3.305246541850831,2.9444367118224277
ms_realrec_english_male_SNR_15.93dB_webcam_A28O8I1SYFZO7A_breathing_near_12.wav,GTCRN,249728,a420d48a54403ebcd406232ffcf267bdf4a14caee03965d4bb902aa5ba36c268,3.5596017837524414,3.9006165816039626,3.1665372567460834,2.8521330206035533
ms_realrec_english_male_SNR_16.24dB_macbook_A1RK5KQQ320OH4_Fan_Far_01.wav,Noisy,322870,94eaf2ca9f3f2b2e8f0baa1e0f221ca215e750ca6415d7645238f80d68cfe58e,2.5361711978912354,2.7136649466171208,2.8442815010016638,2.1041062287174097
ms_realrec_english_male_SNR_16.24dB_macbook_A1RK5KQQ320OH4_Fan_Far_01.wav,RNNoise v0.2,322870,94eaf2ca9f3f2b2e8f0baa1e0f221ca215e750ca6415d7645238f80d68cfe58e,2.963239908218384,3.944525988992889,2.4241362247449785,2.230395686889923
ms_realrec_english_male_SNR_16.24dB_macbook_A1RK5KQQ320OH4_Fan_Far_01.wav,GTCRN,322870,94eaf2ca9f3f2b2e8f0baa1e0f221ca215e750ca6415d7645238f80d68cfe58e,3.2107372283935547,3.9406978996094115,2.365680386528287,2.184314173507521
ms_realrec_english_male_SNR_16.27dB_stationary_Mica_A1DCG37N0Y8BN0_fan_near_12.wav,Noisy,242619,3a62261dfc954b1e2bb398845c2907a0dbb02f79f9c375337e8477e02ef550fa,2.918482542037964,2.3031602908403026,3.4595902497588273,2.2399419877040105
ms_realrec_english_male_SNR_16.27dB_stationary_Mica_A1DCG37N0Y8BN0_fan_near_12.wav,RNNoise v0.2,242619,3a62261dfc954b1e2bb398845c2907a0dbb02f79f9c375337e8477e02ef550fa,3.5905635356903076,4.121393920942348,3.2120003818089256,2.9684529562926625
ms_realrec_english_male_SNR_16.27dB_stationary_Mica_A1DCG37N0Y8BN0_fan_near_12.wav,GTCRN,242619,3a62261dfc954b1e2bb398845c2907a0dbb02f79f9c375337e8477e02ef550fa,3.5237033367156982,4.019970590947346,2.92653787604565,2.6797627374941464
ms_realrec_english_male_SNR_16.39dB_headset_waterfall-01.wav,Noisy,241818,01389789108bdf4e3650598fd480e44346de07273f141ff7b4f8353c2a0140d1,2.5614676475524902,1.423804404281119,3.241756865412313,1.6963926186774188
ms_realrec_english_male_SNR_16.39dB_headset_waterfall-01.wav,RNNoise v0.2,241818,01389789108bdf4e3650598fd480e44346de07273f141ff7b4f8353c2a0140d1,3.1890504360198975,4.016205567083093,2.7368326481700174,2.516597156487195
ms_realrec_english_male_SNR_16.39dB_headset_waterfall-01.wav,GTCRN,241818,01389789108bdf4e3650598fd480e44346de07273f141ff7b4f8353c2a0140d1,3.067936658859253,3.889127283785849,2.4548307932132474,2.2425254966980224
ms_realrec_english_male_SNR_16.84dB_Mica_A1DCG37N0Y8BN0_dogbark_far.wav,Noisy,196720,2fef74a66e742528571f45865857e0ca99956e73784d5ccd9c074e8f0283c92b,2.6934146881103516,2.360536046386767,3.457400719469813,2.3405185862386393
ms_realrec_english_male_SNR_16.84dB_Mica_A1DCG37N0Y8BN0_dogbark_far.wav,RNNoise v0.2,196720,2fef74a66e742528571f45865857e0ca99956e73784d5ccd9c074e8f0283c92b,3.387723207473755,3.3927672788658882,3.261810746796557,2.6694591635751834
ms_realrec_english_male_SNR_16.84dB_Mica_A1DCG37N0Y8BN0_dogbark_far.wav,GTCRN,196720,2fef74a66e742528571f45865857e0ca99956e73784d5ccd9c074e8f0283c92b,3.3538761138916016,3.9033192852603507,3.1048725086057556,2.7399948989804113
ms_realrec_english_male_SNR_16.94dB_laptop_A3ER6R66WYYS9R_vehicles_far_12.wav,Noisy,211023,58cb4ecdbc73baee119466bce35a028d8599c089f7f9035dacf13f71b811a040,2.549532413482666,3.0549966306051335,2.3073402823761158,1.868057613482039
ms_realrec_english_male_SNR_16.94dB_laptop_A3ER6R66WYYS9R_vehicles_far_12.wav,RNNoise v0.2,211023,58cb4ecdbc73baee119466bce35a028d8599c089f7f9035dacf13f71b811a040,2.727243423461914,3.81976686475858,1.9419565827218335,1.7232098010457868
ms_realrec_english_male_SNR_16.94dB_laptop_A3ER6R66WYYS9R_vehicles_far_12.wav,GTCRN,211023,58cb4ecdbc73baee119466bce35a028d8599c089f7f9035dacf13f71b811a040,2.886705160140991,3.8596790232795946,1.875024312844834,1.6992685066776383
ms_realrec_english_male_SNR_16.95dB_headset_A1XUZFDVKP95VC_Kitchen_Near.wav,Noisy,354244,ad561495c16be583eca61dee38610ea6bff0abecb06515369aa11cb6f43529c3,2.817472219467163,2.2157938910999135,3.169207131035446,2.124355482108324
ms_realrec_english_male_SNR_16.95dB_headset_A1XUZFDVKP95VC_Kitchen_Near.wav,RNNoise v0.2,354244,ad561495c16be583eca61dee38610ea6bff0abecb06515369aa11cb6f43529c3,3.5061843395233154,3.407526402413844,2.842423409479825,2.356330225164547
ms_realrec_english_male_SNR_16.95dB_headset_A1XUZFDVKP95VC_Kitchen_Near.wav,GTCRN,354244,ad561495c16be583eca61dee38610ea6bff0abecb06515369aa11cb6f43529c3,3.529559850692749,3.9480364582755607,2.7140629181770177,2.412866844469668
ms_realrec_english_male_SNR_16.96dB_laptop_A2JA19C4Y5JZD3_doorshut_far_7.wav,Noisy,309355,069bf4f0891d1725aada91ad126f258c353edd264beb74afb8348d891088c967,2.6586227416992188,2.5596487441445483,3.1635335069113353,2.215207526459678
ms_realrec_english_male_SNR_16.96dB_laptop_A2JA19C4Y5JZD3_doorshut_far_7.wav,RNNoise v0.2,309355,069bf4f0891d1725aada91ad126f258c353edd264beb74afb8348d891088c967,3.2685887813568115,3.865178117237899,3.0170861614303335,2.641880115401271
ms_realrec_english_male_SNR_16.96dB_laptop_A2JA19C4Y5JZD3_doorshut_far_7.wav,GTCRN,309355,069bf4f0891d1725aada91ad126f258c353edd264beb74afb8348d891088c967,3.247173309326172,3.7582862299733777,3.0611221386775513,2.6199474457890397
ms_realrec_english_male_SNR_17.02dB_stationary_headset_aircondtionar-01.wav,Noisy,238366,2cc94eed9f622a7bf263fc62db563fd581473cbe2dc2c69c961f04704d5e6b1b,2.480816602706909,1.4435665039716692,2.2826241897746806,1.4057414927943057
ms_realrec_english_male_SNR_17.02dB_stationary_headset_aircondtionar-01.wav,RNNoise v0.2,238366,2cc94eed9f622a7bf263fc62db563fd581473cbe2dc2c69c961f04704d5e6b1b,3.104646682739258,4.029914561533149,2.6771061219066814,2.473254559756585
ms_realrec_english_male_SNR_17.02dB_stationary_headset_aircondtionar-01.wav,GTCRN,238366,2cc94eed9f622a7bf263fc62db563fd581473cbe2dc2c69c961f04704d5e6b1b,3.3399837017059326,3.8813996397499246,2.1469474396519614,1.9822673987715973
ms_realrec_english_male_SNR_17.05dB_laptop_A2VMGYCS5VHQNZ_car_near_4.wav,Noisy,210884,c5a08377a3ada7b67b97de18c5de407913a5936ea470db9371e5114480b03e4b,3.546278953552246,2.6870610747567887,3.516257832864911,2.5421863175164754
ms_realrec_english_male_SNR_17.05dB_laptop_A2VMGYCS5VHQNZ_car_near_4.wav,RNNoise v0.2,210884,c5a08377a3ada7b67b97de18c5de407913a5936ea470db9371e5114480b03e4b,3.747554302215576,3.9324049412081106,3.2693941784463707,2.947984126664637
ms_realrec_english_male_SNR_17.05dB_laptop_A2VMGYCS5VHQNZ_car_near_4.wav,GTCRN,210884,c5a08377a3ada7b67b97de18c5de407913a5936ea470db9371e5114480b03e4b,3.8780860900878906,3.9293048258437757,3.283641075297676,2.959454472651025
ms_realrec_english_male_SNR_17.53dB_laptop_A2JA19C4Y5JZD3_DishWasher_near.wav,Noisy,337104,0cb654d81b55503a901bce6c8455ff35aa4dc1e161ac29e0f39da25cf3bb0933,3.1258692741394043,2.353850620443143,3.413504579760832,2.3913054943157093
ms_realrec_english_male_SNR_17.53dB_laptop_A2JA19C4Y5JZD3_DishWasher_near.wav,RNNoise v0.2,337104,0cb654d81b55503a901bce6c8455ff35aa4dc1e161ac29e0f39da25cf3bb0933,3.6164345741271973,3.9306598480031014,2.8561410660576256,2.6033647146832406
ms_realrec_english_male_SNR_17.53dB_laptop_A2JA19C4Y5JZD3_DishWasher_near.wav,GTCRN,337104,0cb654d81b55503a901bce6c8455ff35aa4dc1e161ac29e0f39da25cf3bb0933,3.652665376663208,3.9032460802015114,2.955687557561789,2.674377357860717
ms_realrec_english_male_SNR_17.55dB_stationary_Mica_A1DCG37N0Y8BN0_fan_near_11.wav,Noisy,230464,39c5cca4b279706c953cb6d6e935013dcfa2b3d1730562d31356c69a8a1b69a7,2.901940107345581,2.026183421291891,3.3191858505616194,2.069198023042642
ms_realrec_english_male_SNR_17.55dB_stationary_Mica_A1DCG37N0Y8BN0_fan_near_11.wav,RNNoise v0.2,230464,39c5cca4b279706c953cb6d6e935013dcfa2b3d1730562d31356c69a8a1b69a7,3.870180606842041,4.16481122812343,3.285281863917438,3.044677343714059
ms_realrec_english_male_SNR_17.55dB_stationary_Mica_A1DCG37N0Y8BN0_fan_near_11.wav,GTCRN,230464,39c5cca4b279706c953cb6d6e935013dcfa2b3d1730562d31356c69a8a1b69a7,3.805711030960083,4.1092469221696515,3.1090450083951233,2.883843819990022
ms_realrec_english_male_SNR_17.97dB_laptop_A2VMGYCS5VHQNZ_AC_far_12.wav,Noisy,232200,50b46be423d906ecde11de0937a4707513489cc9447d78a067422053faa1ccb1,3.1191208362579346,2.555297555489244,3.503073919202902,2.48786412605369
ms_realrec_english_male_SNR_17.97dB_laptop_A2VMGYCS5VHQNZ_AC_far_12.wav,RNNoise v0.2,232200,50b46be423d906ecde11de0937a4707513489cc9447d78a067422053faa1ccb1,3.599040985107422,4.0679408957599,3.3714064454578017,3.0992345682892894
ms_realrec_english_male_SNR_17.97dB_laptop_A2VMGYCS5VHQNZ_AC_far_12.wav,GTCRN,232200,50b46be423d906ecde11de0937a4707513489cc9447d78a067422053faa1ccb1,3.8835577964782715,4.0571246586410705,3.421833384139087,3.1401555891440758
ms_realrec_english_male_SNR_18.24dB_headset_A1XUZFDVKP95VC_Water_Near_6.wav,Noisy,180187,2f8087c56174fe43873cfdf2045bee6b597e87bc0f8501e056e98a9b53f4d529,2.666733503341675,1.7608389393530097,2.6324076345837875,1.6976048073591474
ms_realrec_english_male_SNR_18.24dB_headset_A1XUZFDVKP95VC_Water_Near_6.wav,RNNoise v0.2,180187,2f8087c56174fe43873cfdf2045bee6b597e87bc0f8501e056e98a9b53f4d529,3.1432342529296875,3.7823231769824233,2.8844079881475353,2.503936973707326
ms_realrec_english_male_SNR_18.24dB_headset_A1XUZFDVKP95VC_Water_Near_6.wav,GTCRN,180187,2f8087c56174fe43873cfdf2045bee6b597e87bc0f8501e056e98a9b53f4d529,3.063638210296631,3.84859614315501,2.5645295500233702,2.2619694588138484
ms_realrec_english_male_SNR_18.26dB_speaker_ASEW6NZHLI41K_breathing_near.wav,Noisy,240188,b7663ddaf3d4139deeba8503389338960e744d1d39e90015b075501fb061fe6c,3.4025440216064453,2.436168528614903,3.3887032471904983,2.3513282873116346
ms_realrec_english_male_SNR_18.26dB_speaker_ASEW6NZHLI41K_breathing_near.wav,RNNoise v0.2,240188,b7663ddaf3d4139deeba8503389338960e744d1d39e90015b075501fb061fe6c,3.7570228576660156,2.940985182691168,3.419573485229843,2.6339648547678007
ms_realrec_english_male_SNR_18.26dB_speaker_ASEW6NZHLI41K_breathing_near.wav,GTCRN,240188,b7663ddaf3d4139deeba8503389338960e744d1d39e90015b075501fb061fe6c,3.3031156063079834,3.811742135097356,2.99338703960815,2.647631247541265
ms_realrec_english_male_SNR_18.38dB_stationary_laptop_A2JA19C4Y5JZD3_AC_near_12.wav,Noisy,242390,5bcdc32cecd6adbe0129396c2f62064a263552446d9d726df6d2091d330ff9a6,3.5961973667144775,2.9939751681367675,3.675242505924493,2.821627804328971
ms_realrec_english_male_SNR_18.38dB_stationary_laptop_A2JA19C4Y5JZD3_AC_near_12.wav,RNNoise v0.2,242390,5bcdc32cecd6adbe0129396c2f62064a263552446d9d726df6d2091d330ff9a6,3.844843626022339,4.090294978459094,3.3901031088460525,3.128410452595812
ms_realrec_english_male_SNR_18.38dB_stationary_laptop_A2JA19C4Y5JZD3_AC_near_12.wav,GTCRN,242390,5bcdc32cecd6adbe0129396c2f62064a263552446d9d726df6d2091d330ff9a6,3.845571279525757,4.1003687963368,3.399656089599347,3.1444883695108783
ms_realrec_english_male_SNR_18.67dB_macbook_A1RK5KQQ320OH4_DogsBark_Near.wav,Noisy,378848,2350283b49b539d5e4f0b36819884755078d806957b3bbe543f88236a7aabc0f,3.367907762527466,2.593076350438754,3.4383098107852006,2.40347571215819
ms_realrec_english_male_SNR_18.67dB_macbook_A1RK5KQQ320OH4_DogsBark_Near.wav,RNNoise v0.2,378848,2350283b49b539d5e4f0b36819884755078d806957b3bbe543f88236a7aabc0f,3.7908902168273926,3.642605655851313,3.2357379289176103,2.7711218390122228
ms_realrec_english_male_SNR_18.67dB_macbook_A1RK5KQQ320OH4_DogsBark_Near.wav,GTCRN,378848,2350283b49b539d5e4f0b36819884755078d806957b3bbe543f88236a7aabc0f,3.9261810779571533,3.9572215629745857,3.2780894777840524,2.9458344817192734
ms_realrec_english_male_SNR_18.68dB_stationary_speaker_ASEW6NZHLI41K_fan_far_11.wav,Noisy,225878,4ea6da3b759305665f8403cd6eb6c7e2b29b27a26f63f9cf8487348a455946c3,2.580287218093872,2.7705501579328264,3.183323656312018,2.3340960281373895
ms_realrec_english_male_SNR_18.68dB_stationary_speaker_ASEW6NZHLI41K_fan_far_11.wav,RNNoise v0.2,225878,4ea6da3b759305665f8403cd6eb6c7e2b29b27a26f63f9cf8487348a455946c3,2.9194469451904297,4.108525769378406,2.9144204844368575,2.690852321984809
ms_realrec_english_male_SNR_18.68dB_stationary_speaker_ASEW6NZHLI41K_fan_far_11.wav,GTCRN,225878,4ea6da3b759305665f8403cd6eb6c7e2b29b27a26f63f9cf8487348a455946c3,3.3018131256103516,4.0947746568101335,2.7917128884736657,2.5830987195476487
ms_realrec_english_male_SNR_18.7dB_headset_waterfall-02.wav,Noisy,227594,ec50d274a8dcc0f45ef555ce4151d91cc2ce1638743b2d638b62a34a2c4ca8ac,2.6257035732269287,1.3435933148953105,2.85044196941685,1.5524961781953877
ms_realrec_english_male_SNR_18.7dB_headset_waterfall-02.wav,RNNoise v0.2,227594,ec50d274a8dcc0f45ef555ce4151d91cc2ce1638743b2d638b62a34a2c4ca8ac,3.2519195079803467,3.8804899560215644,2.8314317508463134,2.5644548907788716
ms_realrec_english_male_SNR_18.7dB_headset_waterfall-02.wav,GTCRN,227594,ec50d274a8dcc0f45ef555ce4151d91cc2ce1638743b2d638b62a34a2c4ca8ac,3.5002617835998535,3.949813053543552,2.5539485941445266,2.349849927267131
ms_realrec_english_male_SNR_18.89dB_webcam_A28O8I1SYFZO7A_chipbag_near_4.wav,Noisy,237574,77a324c472527d15427ddbe17b0e23154c6162f89e4b66448777792301b00933,2.920478105545044,2.1950619706167873,3.377737770634389,2.2479499923681727
ms_realrec_english_male_SNR_18.89dB_webcam_A28O8I1SYFZO7A_chipbag_near_4.wav,RNNoise v0.2,237574,77a324c472527d15427ddbe17b0e23154c6162f89e4b66448777792301b00933,3.4926772117614746,3.5485427698979146,3.1167389137883164,2.6701309428823428
ms_realrec_english_male_SNR_18.89dB_webcam_A28O8I1SYFZO7A_chipbag_near_4.wav,GTCRN,237574,77a324c472527d15427ddbe17b0e23154c6162f89e4b66448777792301b00933,3.3626837730407715,3.942248440795671,3.134889495580516,2.844651478931559
ms_realrec_english_male_SNR_19.07dB_Laptop_A8PJHNOLEDTZI_Crackers_far_8.wav,Noisy,264635,3274304f827f1f143cdd678bd864e9242e96ed82cbd55adcc21d947dc446fdbc,2.847259521484375,2.1398803851111405,2.1067651809335404,1.6173632832192981
ms_realrec_english_male_SNR_19.07dB_Laptop_A8PJHNOLEDTZI_Crackers_far_8.wav,RNNoise v0.2,264635,3274304f827f1f143cdd678bd864e9242e96ed82cbd55adcc21d947dc446fdbc,3.259612560272217,3.8159520308006134,2.537684226422012,2.2341014145935567
ms_realrec_english_male_SNR_19.07dB_Laptop_A8PJHNOLEDTZI_Crackers_far_8.wav,GTCRN,264635,3274304f827f1f143cdd678bd864e9242e96ed82cbd55adcc21d947dc446fdbc,3.487456798553467,3.9739162018445344,2.3835526169192596,2.1813785500656606
ms_realrec_english_male_SNR_19.12dB_laptop_A3ER6R66WYYS9R_vehicles_far_11.wav,Noisy,193933,b218ddbdce15509bdc5324dd008ecf60f653cc8ae987aefc7de8aed1d1cee623,2.6220686435699463,2.4615378177091345,1.9968398922984008,1.5179761692776976
ms_realrec_english_male_SNR_19.12dB_laptop_A3ER6R66WYYS9R_vehicles_far_11.wav,RNNoise v0.2,193933,b218ddbdce15509bdc5324dd008ecf60f653cc8ae987aefc7de8aed1d1cee623,2.9090802669525146,3.9159888311030735,2.117765091591061,1.9355754924645954
ms_realrec_english_male_SNR_19.12dB_laptop_A3ER6R66WYYS9R_vehicles_far_11.wav,GTCRN,193933,b218ddbdce15509bdc5324dd008ecf60f653cc8ae987aefc7de8aed1d1cee623,3.013901710510254,3.762981552061404,1.853624079859492,1.6903431258268438
ms_realrec_english_male_SNR_19.12dB_macbook_A1RK5KQQ320OH4_Typing_Far_03.wav,Noisy,453942,e788b7a0727adf3dc7877cb48c5666175233200940991553771daa72bba2c850,3.1812310218811035,3.1105840551898813,3.379488585604517,2.5942982838882025
ms_realrec_english_male_SNR_19.12dB_macbook_A1RK5KQQ320OH4_Typing_Far_03.wav,RNNoise v0.2,453942,e788b7a0727adf3dc7877cb48c5666175233200940991553771daa72bba2c850,3.6286208629608154,3.618766449903272,3.2321107516864367,2.703656553400336
ms_realrec_english_male_SNR_19.12dB_macbook_A1RK5KQQ320OH4_Typing_Far_03.wav,GTCRN,453942,e788b7a0727adf3dc7877cb48c5666175233200940991553771daa72bba2c850,3.808136463165283,3.915608006572441,3.213863249313275,2.844285977235145
ms_realrec_english_male_SNR_19.25dB_Mica_A1DCG37N0Y8BN0_babycry_far_7.wav,Noisy,212695,6d1c020eaaa64783fe17c86e6c59d220eaef932081391d18b901b4a141fb33c1,2.450852394104004,2.009647446706361,3.3314801915625054,2.138409999127086
ms_realrec_english_male_SNR_19.25dB_Mica_A1DCG37N0Y8BN0_babycry_far_7.wav,RNNoise v0.2,212695,6d1c020eaaa64783fe17c86e6c59d220eaef932081391d18b901b4a141fb33c1,3.0385611057281494,3.36809578054348,3.172090150091872,2.5848202728840333
ms_realrec_english_male_SNR_19.25dB_Mica_A1DCG37N0Y8BN0_babycry_far_7.wav,GTCRN,212695,6d1c020eaaa64783fe17c86e6c59d220eaef932081391d18b901b4a141fb33c1,3.5485618114471436,3.7799299396668538,3.019423034402358,2.6309358519397485
ms_realrec_english_male_SNR_19.58dB_headset_clatter.wav,Noisy,388176,f79267ff2264187ae9c4b9e8adc35ad198eec921fe1daaace64832b047b84163,2.8169350624084473,1.7113511612341246,3.0749522398217946,1.7353268740858752
ms_realrec_english_male_SNR_19.58dB_headset_clatter.wav,RNNoise v0.2,388176,f79267ff2264187ae9c4b9e8adc35ad198eec921fe1daaace64832b047b84163,3.299114465713501,3.4192323298157445,2.376539071495144,2.0392980216088357
ms_realrec_english_male_SNR_19.58dB_headset_clatter.wav,GTCRN,388176,f79267ff2264187ae9c4b9e8adc35ad198eec921fe1daaace64832b047b84163,3.2537057399749756,3.709761727264794,2.3243473536060497,2.0667348203640357
ms_realrec_english_male_SNR_19.62dB_speaker_ASEW6NZHLI41K_typing_near_3.wav,Noisy,237574,ad613cad32d4c6bb0f6cc35bbc6adaf2a02f8e1503b14fac0c004cf605462204,3.4027271270751953,2.4175615501577026,3.421816405000711,2.3886176752811297
ms_realrec_english_male_SNR_19.62dB_speaker_ASEW6NZHLI41K_typing_near_3.wav,RNNoise v0.2,237574,ad613cad32d4c6bb0f6cc35bbc6adaf2a02f8e1503b14fac0c004cf605462204,3.608109951019287,3.8783619165341934,3.114957749751828,2.7984381324294496
ms_realrec_english_male_SNR_19.62dB_speaker_ASEW6NZHLI41K_typing_near_3.wav,GTCRN,237574,ad613cad32d4c6bb0f6cc35bbc6adaf2a02f8e1503b14fac0c004cf605462204,3.7107081413269043,3.7921462992781714,2.9049301879785454,2.5990151919750284
ms_realrec_english_male_SNR_20.39dB_headset_A1XUZFDVKP95VC_Clatter_Near_10.wav,Noisy,317092,7784ab472c83fc3ffb818151b95b016183cb5aa47e29bcb2221beceb7908c61e,2.7062106132507324,2.252835719837337,2.7687593808162503,1.9281181391477384
ms_realrec_english_male_SNR_20.39dB_headset_A1XUZFDVKP95VC_Clatter_Near_10.wav,RNNoise v0.2,317092,7784ab472c83fc3ffb818151b95b016183cb5aa47e29bcb2221beceb7908c61e,3.670213460922241,4.045726234803446,3.2170449280286664,2.9139277823952994
ms_realrec_english_male_SNR_20.39dB_headset_A1XUZFDVKP95VC_Clatter_Near_10.wav,GTCRN,317092,7784ab472c83fc3ffb818151b95b016183cb5aa47e29bcb2221beceb7908c61e,3.3940060138702393,3.9162415089636338,2.964661445570077,2.6279542687874975
ms_realrec_english_male_SNR_20.43dB_laptop_A2JA19C4Y5JZD3_Babycry_near_11.wav,Noisy,307061,0467f087f010a57eb667a33c9e400a51f99cd5207911fd6957f8114d7b75c813,2.917092800140381,2.295368477142027,3.4691813529604905,2.3540858309270694
ms_realrec_english_male_SNR_20.43dB_laptop_A2JA19C4Y5JZD3_Babycry_near_11.wav,RNNoise v0.2,307061,0467f087f010a57eb667a33c9e400a51f99cd5207911fd6957f8114d7b75c813,3.5367228984832764,3.4864570706119506,3.362907351198654,2.7783535178309675
ms_realrec_english_male_SNR_20.43dB_laptop_A2JA19C4Y5JZD3_Babycry_near_11.wav,GTCRN,307061,0467f087f010a57eb667a33c9e400a51f99cd5207911fd6957f8114d7b75c813,3.7460904121398926,3.703565158606792,3.361516990828228,2.915935571300402
ms_realrec_english_male_SNR_20.59dB_laptop_A2JA19C4Y5JZD3_dogbark_far_6.wav,Noisy,344672,5e399f0714680a0835f5914ee345fc794de55516904a68fdbd73a234b894f449,2.6070284843444824,1.6818196898484643,2.5905668020631722,1.7053431816441018
ms_realrec_english_male_SNR_20.59dB_laptop_A2JA19C4Y5JZD3_dogbark_far_6.wav,RNNoise v0.2,344672,5e399f0714680a0835f5914ee345fc794de55516904a68fdbd73a234b894f449,2.7596828937530518,3.0540984852644,2.745891837824965,2.1521771382025876
ms_realrec_english_male_SNR_20.59dB_laptop_A2JA19C4Y5JZD3_dogbark_far_6.wav,GTCRN,344672,5e399f0714680a0835f5914ee345fc794de55516904a68fdbd73a234b894f449,2.9909274578094482,3.31431305473853,2.452905625468982,2.0284485247818873
ms_realrec_english_male_SNR_20.69dB_headset_A1XUZFDVKP95VC_Typing_Near.wav,Noisy,302475,d2482205c6fe9b2dbb0a585ad2a1407dff2a93a1e79e7c301cd33e060e391987,2.973731279373169,2.7148887008937805,3.2829844658142546,2.3298784543610833
ms_realrec_english_male_SNR_20.69dB_headset_A1XUZFDVKP95VC_Typing_Near.wav,RNNoise v0.2,302475,d2482205c6fe9b2dbb0a585ad2a1407dff2a93a1e79e7c301cd33e060e391987,3.6220669746398926,3.907162259195286,2.96476934873802,2.61338709476252
ms_realrec_english_male_SNR_20.69dB_headset_A1XUZFDVKP95VC_Typing_Near.wav,GTCRN,302475,d2482205c6fe9b2dbb0a585ad2a1407dff2a93a1e79e7c301cd33e060e391987,3.684934377670288,3.95681725382066,3.071648026785898,2.713088496497263
ms_realrec_english_male_SNR_20.75dB_laptop_A2JA19C4Y5JZD3_DishWasher_far.wav,Noisy,310043,e7edfac2ef61dfc173b7a5f27ace83213a89a03459af97a409ae3a3c290eb04a,2.730128049850464,2.1499746768586436,3.0332680155232206,1.9814107224143502
ms_realrec_english_male_SNR_20.75dB_laptop_A2JA19C4Y5JZD3_DishWasher_far.wav,RNNoise v0.2,310043,e7edfac2ef61dfc173b7a5f27ace83213a89a03459af97a409ae3a3c290eb04a,2.825510025024414,3.1999108977419435,3.358597019068004,2.670746227538203
ms_realrec_english_male_SNR_20.75dB_laptop_A2JA19C4Y5JZD3_DishWasher_far.wav,GTCRN,310043,e7edfac2ef61dfc173b7a5f27ace83213a89a03459af97a409ae3a3c290eb04a,2.9511826038360596,3.9145442511381128,1.989317809272524,1.8560338465318016
ms_realrec_english_male_SNR_20.77dB_headset_door_near.wav,Noisy,442345,cf6c3c2a224cf7ddfacb6a0b33d435955ed8bad3f10e7a4a8899b8a09121c09e,3.1339542865753174,2.0476556215946506,3.3719329044799946,2.1706780164222517
ms_realrec_english_male_SNR_20.77dB_headset_door_near.wav,RNNoise v0.2,442345,cf6c3c2a224cf7ddfacb6a0b33d435955ed8bad3f10e7a4a8899b8a09121c09e,3.6923422813415527,3.609888125546998,3.060721487331381,2.6502487825026644
ms_realrec_english_male_SNR_20.77dB_headset_door_near.wav,GTCRN,442345,cf6c3c2a224cf7ddfacb6a0b33d435955ed8bad3f10e7a4a8899b8a09121c09e,3.820495128631592,3.9633862436081446,3.009704971581818,2.7390120540898755
ms_realrec_english_male_SNR_20.96dB_laptop_A1Q7VWUBIJOK17_Typing_far.wav,Noisy,263593,ab28565b20ee51864cf2a20434ac0e01c02a9eafa4123854cee787aa40698547,3.0539908409118652,1.96170357975229,2.870700321762612,1.7581391371320516
ms_realrec_english_male_SNR_20.96dB_laptop_A1Q7VWUBIJOK17_Typing_far.wav,RNNoise v0.2,263593,ab28565b20ee51864cf2a20434ac0e01c02a9eafa4123854cee787aa40698547,2.963235855102539,3.286670364840979,2.5085678736474835,2.0771286241328304
ms_realrec_english_male_SNR_20.96dB_laptop_A1Q7VWUBIJOK17_Typing_far.wav,GTCRN,263593,ab28565b20ee51864cf2a20434ac0e01c02a9eafa4123854cee787aa40698547,3.4655277729034424,3.650162424083161,2.7573833577500375,2.4009007494132506
ms_realrec_english_male_SNR_21.02dB_headset_A1XUZFDVKP95VC_chips_packet_Near.wav,Noisy,321739,ef5310110f3f966355de76ee66de3a8a234c22734fe03eaece85265def15987e,2.27592396736145,1.5379051494494085,1.771007443726534,1.320988276902914
ms_realrec_english_male_SNR_21.02dB_headset_A1XUZFDVKP95VC_chips_packet_Near.wav,RNNoise v0.2,321739,ef5310110f3f966355de76ee66de3a8a234c22734fe03eaece85265def15987e,2.4434051513671875,4.007742837231944,2.1944522962830115,1.8747172507852539
ms_realrec_english_male_SNR_21.02dB_headset_A1XUZFDVKP95VC_chips_packet_Near.wav,GTCRN,321739,ef5310110f3f966355de76ee66de3a8a234c22734fe03eaece85265def15987e,2.4989285469055176,3.9468750976326197,2.0788807032556162,1.7624072238673574
ms_realrec_english_male_SNR_21.03dB_laptop_A2VMGYCS5VHQNZ_typing_far.wav,Noisy,273067,f29b6d0cc6efe822f6c4f03c4f331d25cd70cbffb1f4e23b89187fade91ced2e,3.2873361110687256,2.58154400166191,3.493006240046383,2.46250196839265
ms_realrec_english_male_SNR_21.03dB_laptop_A2VMGYCS5VHQNZ_typing_far.wav,RNNoise v0.2,273067,f29b6d0cc6efe822f6c4f03c4f331d25cd70cbffb1f4e23b89187fade91ced2e,3.7393431663513184,3.818997925896294,3.385671600814368,2.9903159577926037
ms_realrec_english_male_SNR_21.03dB_laptop_A2VMGYCS5VHQNZ_typing_far.wav,GTCRN,273067,f29b6d0cc6efe822f6c4f03c4f331d25cd70cbffb1f4e23b89187fade91ced2e,3.911210775375366,4.0709193470024285,3.518664270517035,3.232219216333353
ms_realrec_english_male_SNR_21.25dB_headset_typing.wav,Noisy,351649,87a67f42a46fd5fdb3c5afffcbc1917cd46722674d5946127f00dec79f96ce49,2.789111375808716,1.7789486037209703,3.1339507312807373,1.8667739794629579
ms_realrec_english_male_SNR_21.25dB_headset_typing.wav,RNNoise v0.2,351649,87a67f42a46fd5fdb3c5afffcbc1917cd46722674d5946127f00dec79f96ce49,3.251581907272339,3.115263358908957,2.7623278591792024,2.237875983498765
ms_realrec_english_male_SNR_21.25dB_headset_typing.wav,GTCRN,351649,87a67f42a46fd5fdb3c5afffcbc1917cd46722674d5946127f00dec79f96ce49,3.412278890609741,3.9791170035046712,2.861731913430776,2.628016508435588
ms_realrec_english_male_SNR_21.29dB_laptop_A2VMGYCS5VHQNZ_chipspacket_far.wav,Noisy,238330,cf4f20a435fbe30a49e59b01071a8e04cf60fadc0bcecdf8ebc8910b0d49ada4,3.0703582763671875,2.361397805508738,3.49142932061046,2.349907758641195
ms_realrec_english_male_SNR_21.29dB_laptop_A2VMGYCS5VHQNZ_chipspacket_far.wav,RNNoise v0.2,238330,cf4f20a435fbe30a49e59b01071a8e04cf60fadc0bcecdf8ebc8910b0d49ada4,3.4054386615753174,3.5920562910669362,3.412362839642752,2.910396846579366
ms_realrec_english_male_SNR_21.29dB_laptop_A2VMGYCS5VHQNZ_chipspacket_far.wav,GTCRN,238330,cf4f20a435fbe30a49e59b01071a8e04cf60fadc0bcecdf8ebc8910b0d49ada4,3.5872604846954346,4.078048636230234,3.490332402350478,3.21394612714869
ms_realrec_english_male_SNR_21.41dB_webcam_A28O8I1SYFZO7A_dishes_near_8.wav,Noisy,282523,006926286ec584f22ffc22e4de1a2f366ea4f22d908e78b882c50190bbda04d5,3.5470986366271973,1.9172364992700646,3.557962905002436,2.19862151970297
ms_realrec_english_male_SNR_21.41dB_webcam_A28O8I1SYFZO7A_dishes_near_8.wav,RNNoise v0.2,282523,006926286ec584f22ffc22e4de1a2f366ea4f22d908e78b882c50190bbda04d5,3.8017077445983887,3.0998306112379366,3.3905801179140505,2.6758178955880227
ms_realrec_english_male_SNR_21.41dB_webcam_A28O8I1SYFZO7A_dishes_near_8.wav,GTCRN,282523,006926286ec584f22ffc22e4de1a2f366ea4f22d908e78b882c50190bbda04d5,3.8380608558654785,3.8927613650801614,3.4944880782373606,3.1339049151896425
ms_realrec_english_male_SNR_21.42dB_laptop_A1Q7VWUBIJOK17_Water_far.wav,Noisy,232943,f8d67912339932da9e8cb06656a252814101fea8011ac7bf0f13a1a4a1649b23,2.715197801589966,2.520515678519179,3.1165745748134883,2.1746897956214304
ms_realrec_english_male_SNR_21.42dB_laptop_A1Q7VWUBIJOK17_Water_far.wav,RNNoise v0.2,232943,f8d67912339932da9e8cb06656a252814101fea8011ac7bf0f13a1a4a1649b23,3.0218050479888916,3.923691235378552,2.7780202673318994,2.5219740689354513
ms_realrec_english_male_SNR_21.42dB_laptop_A1Q7VWUBIJOK17_Water_far.wav,GTCRN,232943,f8d67912339932da9e8cb06656a252814101fea8011ac7bf0f13a1a4a1649b23,3.220877170562744,4.013469444847112,2.808230551419615,2.577530665934659
ms_realrec_english_male_SNR_21.42dB_speaker_ASEW6NZHLI41K_water_far_8.wav,Noisy,240002,03710184e090c8dec36a0c0f39e15872f4666c3d9605d48381d690d3714d4023,2.5546748638153076,2.1138954009203608,3.092397363983751,1.9581481470085542
ms_realrec_english_male_SNR_21.42dB_speaker_ASEW6NZHLI41K_water_far_8.wav,RNNoise v0.2,240002,03710184e090c8dec36a0c0f39e15872f4666c3d9605d48381d690d3714d4023,3.108584403991699,3.6559980965688736,2.3523784314151643,2.050753207211713
ms_realrec_english_male_SNR_21.42dB_speaker_ASEW6NZHLI41K_water_far_8.wav,GTCRN,240002,03710184e090c8dec36a0c0f39e15872f4666c3d9605d48381d690d3714d4023,2.9710893630981445,3.6964654102680137,2.1811509269856106,1.9334970864271224
ms_realrec_english_male_SNR_21.52dB_macbook_A1RK5KQQ320OH4_AC_far.wav,Noisy,389771,9aa534e4c9ada638c42ab8968c1b13a82c022e897eace264b79f1bfac12c2d57,2.8838791847229004,3.3071159198358275,3.067553839875512,2.468389497690339
ms_realrec_english_male_SNR_21.52dB_macbook_A1RK5KQQ320OH4_AC_far.wav,RNNoise v0.2,389771,9aa534e4c9ada638c42ab8968c1b13a82c022e897eace264b79f1bfac12c2d57,3.5279088020324707,3.976200863511991,2.718248454778696,2.4781773195493293
ms_realrec_english_male_SNR_21.52dB_macbook_A1RK5KQQ320OH4_AC_far.wav,GTCRN,389771,9aa534e4c9ada638c42ab8968c1b13a82c022e897eace264b79f1bfac12c2d57,3.571979284286499,4.030128050720228,2.913122579959546,2.642663642951979
ms_realrec_english_male_SNR_21.53dB_laptop_A2JA19C4Y5JZD3_Babycry_near_10.wav,Noisy,320436,f70ce8c4b760fd6d809680e14743e56b3889420243127d7d9488ae969564344d,2.649980306625366,2.117748420397416,3.509020682775906,2.28488094646305
ms_realrec_english_male_SNR_21.53dB_laptop_A2JA19C4Y5JZD3_Babycry_near_10.wav,RNNoise v0.2,320436,f70ce8c4b760fd6d809680e14743e56b3889420243127d7d9488ae969564344d,3.3686442375183105,3.8373577312783866,3.2543941711102593,2.859956428499029
ms_realrec_english_male_SNR_21.53dB_laptop_A2JA19C4Y5JZD3_Babycry_near_10.wav,GTCRN,320436,f70ce8c4b760fd6d809680e14743e56b3889420243127d7d9488ae969564344d,3.448058843612671,3.619254661612409,3.1664960845540984,2.7185949462547683
ms_realrec_english_male_SNR_21.55dB_webcam_A28O8I1SYFZO7A_typing_near_6.wav,Noisy,255588,1a6a7dcfa5b62325a40292fd8c53af46d2264bf056c65f0803bd75eb4163a454,3.2147629261016846,1.8629317525409483,3.369401543307502,2.030151149112814
ms_realrec_english_male_SNR_21.55dB_webcam_A28O8I1SYFZO7A_typing_near_6.wav,RNNoise v0.2,255588,1a6a7dcfa5b62325a40292fd8c53af46d2264bf056c65f0803bd75eb4163a454,3.5107784271240234,3.7858017051568074,3.2134151097729333,2.866180639133441
ms_realrec_english_male_SNR_21.55dB_webcam_A28O8I1SYFZO7A_typing_near_6.wav,GTCRN,255588,1a6a7dcfa5b62325a40292fd8c53af46d2264bf056c65f0803bd75eb4163a454,3.6475143432617188,4.040960255367213,3.3798724164164624,3.1197311441643776
ms_realrec_english_male_SNR_21.64dB_headset_car_sound_near.wav,Noisy,211209,e1d4f7dd80969e9645f94592b27c5efc69d9a6dc6e59e4550b801308f08db1de,2.48374080657959,1.2211818999896644,2.416620045357485,1.4104113671712355
ms_realrec_english_male_SNR_21.64dB_headset_car_sound_near.wav,RNNoise v0.2,211209,e1d4f7dd80969e9645f94592b27c5efc69d9a6dc6e59e4550b801308f08db1de,3.7152557373046875,3.9169069800016176,2.8208621876701208,2.542799495756369
ms_realrec_english_male_SNR_21.64dB_headset_car_sound_near.wav,GTCRN,211209,e1d4f7dd80969e9645f94592b27c5efc69d9a6dc6e59e4550b801308f08db1de,3.3301970958709717,3.6478807918310494,2.3752384220249647,2.108010345409282
ms_realrec_english_male_SNR_21.8dB_stationary_speaker_ASEW6NZHLI41K_fan_near.wav,Noisy,225648,3729f7a0294ef279aaea175e00719e90fe542c80ba874247b13498f01f81c6b6,2.892141580581665,2.7042831713442466,3.5260747209873173,2.5217898511568775
ms_realrec_english_male_SNR_21.8dB_stationary_speaker_ASEW6NZHLI41K_fan_near.wav,RNNoise v0.2,225648,3729f7a0294ef279aaea175e00719e90fe542c80ba874247b13498f01f81c6b6,3.3342270851135254,4.0985138570737965,3.1695137247466727,2.930950876419577
ms_realrec_english_male_SNR_21.8dB_stationary_speaker_ASEW6NZHLI41K_fan_near.wav,GTCRN,225648,3729f7a0294ef279aaea175e00719e90fe542c80ba874247b13498f01f81c6b6,3.3483529090881348,4.1544221854400645,3.1663017932629605,2.9590992301118533
ms_realrec_english_male_SNR_22.12dB_macbook_A1RK5KQQ320OH4_Water_Near_09.wav,Noisy,331062,4ed0402f209848aba4631cae3763c133f4d09edec07d2dc238a4ca2da1a0c77b,3.2551281452178955,3.4574669793896056,3.4272250852747095,2.837035601214347
ms_realrec_english_male_SNR_22.12dB_macbook_A1RK5KQQ320OH4_Water_Near_09.wav,RNNoise v0.2,331062,4ed0402f209848aba4631cae3763c133f4d09edec07d2dc238a4ca2da1a0c77b,3.7464985847473145,4.123915714249073,3.4071537651144532,3.117486872424687
ms_realrec_english_male_SNR_22.12dB_macbook_A1RK5KQQ320OH4_Water_Near_09.wav,GTCRN,331062,4ed0402f209848aba4631cae3763c133f4d09edec07d2dc238a4ca2da1a0c77b,3.7193760871887207,4.11480205916733,3.3542425565389804,3.067125765249225
ms_realrec_english_male_SNR_22.16dB_webcam_A28O8I1SYFZO7A_crunching_near_9.wav,Noisy,230235,3bd755b0ae36f1b3c3edfa43b0449075129d07b189b2b29f08547d2262a379cc,3.3339552879333496,2.895803730812738,3.343537760464135,2.5724201061819576
ms_realrec_english_male_SNR_22.16dB_webcam_A28O8I1SYFZO7A_crunching_near_9.wav,RNNoise v0.2,230235,3bd755b0ae36f1b3c3edfa43b0449075129d07b189b2b29f08547d2262a379cc,3.746695041656494,3.874685462987376,3.288402516670511,2.9702274175484007
ms_realrec_english_male_SNR_22.16dB_webcam_A28O8I1SYFZO7A_crunching_near_9.wav,GTCRN,230235,3bd755b0ae36f1b3c3edfa43b0449075129d07b189b2b29f08547d2262a379cc,3.768988847732544,3.9589527632528188,3.3815423601178183,3.0809789653548614
ms_realrec_english_male_SNR_22.29dB_speaker_ASEW6NZHLI41K_typing_far_9.wav,Noisy,271974,03b08bc601c933ea7ec56ce10e2219e9861c2bec7940b0bbd8dc18a476e94705,2.560807704925537,1.8748753920171524,3.201982727045205,1.913038668812718
ms_realrec_english_male_SNR_22.29dB_speaker_ASEW6NZHLI41K_typing_far_9.wav,RNNoise v0.2,271974,03b08bc601c933ea7ec56ce10e2219e9861c2bec7940b0bbd8dc18a476e94705,3.0249061584472656,3.978257879060966,2.943908959056327,2.6787191939946937
ms_realrec_english_male_SNR_22.29dB_speaker_ASEW6NZHLI41K_typing_far_9.wav,GTCRN,271974,03b08bc601c933ea7ec56ce10e2219e9861c2bec7940b0bbd8dc18a476e94705,3.2610554695129395,4.026054869999041,2.6934247407498333,2.4768615462921133
ms_realrec_english_male_SNR_22.45dB_laptop_A2VMGYCS5VHQNZ_water_far_7.wav,Noisy,227556,32cc1c45c12597b9ce2399e5256dac787cc8920b77e979aa72db7a9c1da4aec8,3.4075374603271484,2.743824490554977,3.411325357384998,2.461995482081554
ms_realrec_english_male_SNR_22.45dB_laptop_A2VMGYCS5VHQNZ_water_far_7.wav,RNNoise v0.2,227556,32cc1c45c12597b9ce2399e5256dac787cc8920b77e979aa72db7a9c1da4aec8,3.8408846855163574,4.088109170444157,3.39388674049341,3.131094414054878
ms_realrec_english_male_SNR_22.45dB_laptop_A2VMGYCS5VHQNZ_water_far_7.wav,GTCRN,227556,32cc1c45c12597b9ce2399e5256dac787cc8920b77e979aa72db7a9c1da4aec8,3.875669479370117,4.096085841682986,3.3949659017955005,3.126101645791342
ms_realrec_english_male_SNR_22.56dB_Mica_A1DCG37N0Y8BN0_typing_near.wav,Noisy,242974,f8929b4bd64d35939df1a8a2bb60a33ef0714431a792bf10297098117772053f,2.739992141723633,3.713656252712521,2.0968627620842515,1.8941269486266996
ms_realrec_english_male_SNR_22.56dB_Mica_A1DCG37N0Y8BN0_typing_near.wav,RNNoise v0.2,242974,f8929b4bd64d35939df1a8a2bb60a33ef0714431a792bf10297098117772053f,2.753506898880005,3.78231514584443,2.0922473777317854,1.8915218564851555
ms_realrec_english_male_SNR_22.56dB_Mica_A1DCG37N0Y8BN0_typing_near.wav,GTCRN,242974,f8929b4bd64d35939df1a8a2bb60a33ef0714431a792bf10297098117772053f,2.90838885307312,3.9994055353916216,2.278879727423464,2.09220822769607
ms_realrec_english_male_SNR_22.62dB_macbook_A1RK5KQQ320OH4_DoorClose_Far.wav,Noisy,410251,8c60f1587e6f11965a3614c6f8b6f7a3f1149e97e1a5eb998591c134ee1fcf00,3.0899922847747803,2.938973141747642,3.15676064722917,2.3728143736518974
ms_realrec_english_male_SNR_22.62dB_macbook_A1RK5KQQ320OH4_DoorClose_Far.wav,RNNoise v0.2,410251,8c60f1587e6f11965a3614c6f8b6f7a3f1149e97e1a5eb998591c134ee1fcf00,3.377948045730591,3.850240104006459,2.9337306976622632,2.59181329258556
ms_realrec_english_male_SNR_22.62dB_macbook_A1RK5KQQ320OH4_DoorClose_Far.wav,GTCRN,410251,8c60f1587e6f11965a3614c6f8b6f7a3f1149e97e1a5eb998591c134ee1fcf00,3.4737167358398438,3.6327456690747657,2.9073425617674578,2.480444266416566
ms_realrec_english_male_SNR_22.69dB_laptop_A2JA19C4Y5JZD3_chipspacket_near.wav,Noisy,320064,128c1ffff90738626229e0b3863ab0cdd32cab2ef096f274a4d822952422d9b0,3.412076473236084,2.9685915714414963,3.441506284321392,2.6154380931426893
ms_realrec_english_male_SNR_22.69dB_laptop_A2JA19C4Y5JZD3_chipspacket_near.wav,RNNoise v0.2,320064,128c1ffff90738626229e0b3863ab0cdd32cab2ef096f274a4d822952422d9b0,3.651060104370117,4.055669205948583,3.4070761937669656,3.122239644614197
ms_realrec_english_male_SNR_22.69dB_laptop_A2JA19C4Y5JZD3_chipspacket_near.wav,GTCRN,320064,128c1ffff90738626229e0b3863ab0cdd32cab2ef096f274a4d822952422d9b0,3.7866439819335938,3.8177650195921546,3.3071172835943465,2.929818901339306
ms_realrec_english_male_SNR_22.78dB_Laptop_A8PJHNOLEDTZI_talking_far_4.wav,Noisy,261883,2b4dbd9c58d88dd09301e6d0d6648d6f4eb2504ac7bb764bb52f506593e72de4,2.9817023277282715,3.600987322360011,2.961774991050926,2.530466751954022
ms_realrec_english_male_SNR_22.78dB_Laptop_A8PJHNOLEDTZI_talking_far_4.wav,RNNoise v0.2,261883,2b4dbd9c58d88dd09301e6d0d6648d6f4eb2504ac7bb764bb52f506593e72de4,3.2339370250701904,3.98977163987743,3.05259562305854,2.756180403739694
ms_realrec_english_male_SNR_22.78dB_Laptop_A8PJHNOLEDTZI_talking_far_4.wav,GTCRN,261883,2b4dbd9c58d88dd09301e6d0d6648d6f4eb2504ac7bb764bb52f506593e72de4,3.218034029006958,4.073966979635334,3.0608196908340597,2.7841255398797258
ms_realrec_english_male_SNR_22.89dB_laptop_A3ER6R66WYYS9R_vehicles_far.wav,Noisy,271209,c2195b006775d6e02da4cdccd0b64211894839ec04dd14514194eb1defe0ad6c,2.469395160675049,1.7542186672758393,1.9190167875006108,1.4831408149546728
ms_realrec_english_male_SNR_22.89dB_laptop_A3ER6R66WYYS9R_vehicles_far.wav,RNNoise v0.2,271209,c2195b006775d6e02da4cdccd0b64211894839ec04dd14514194eb1defe0ad6c,2.843590259552002,3.8991645924219087,2.1718390446731255,1.9718609783554604
ms_realrec_english_male_SNR_22.89dB_laptop_A3ER6R66WYYS9R_vehicles_far.wav,GTCRN,271209,c2195b006775d6e02da4cdccd0b64211894839ec04dd14514194eb1defe0ad6c,2.8286263942718506,3.8245122380194494,1.9718424236302023,1.8067713320422125
ms_realrec_english_male_SNR_22.8dB_webcam_A28O8I1SYFZO7A_typing_near_1.wav,Noisy,214186,21464c4f7c06f52fb19b3f14ebe51c920a5a5c15f4f1ef14b65c78947c30de71,2.931668519973755,1.937024407952697,3.4325777327498797,2.1532853247734236
ms_realrec_english_male_SNR_22.8dB_webcam_A28O8I1SYFZO7A_typing_near_1.wav,RNNoise v0.2,214186,21464c4f7c06f52fb19b3f14ebe51c920a5a5c15f4f1ef14b65c78947c30de71,3.339162588119507,3.9180148946914364,3.339562739756546,3.028508800754168
ms_realrec_english_male_SNR_22.8dB_webcam_A28O8I1SYFZO7A_typing_near_1.wav,GTCRN,214186,21464c4f7c06f52fb19b3f14ebe51c920a5a5c15f4f1ef14b65c78947c30de71,3.715474843978882,4.000538648652693,3.334253851758514,3.056393150552044
ms_realrec_english_male_SNR_23.11dB_laptop_A1Q7VWUBIJOK17_doorshut_far.wav,Noisy,250219,988a6204eed2e137014b195bbe106ccdf7a2beaf43b03392ae890523307dc0b2,2.620692491531372,1.9912438798079857,3.0564610855217076,1.8809192575300029
ms_realrec_english_male_SNR_23.11dB_laptop_A1Q7VWUBIJOK17_doorshut_far.wav,RNNoise v0.2,250219,988a6204eed2e137014b195bbe106ccdf7a2beaf43b03392ae890523307dc0b2,2.6172966957092285,1.976219131442712,3.021207521267414,1.8391191667384772
ms_realrec_english_male_SNR_23.11dB_laptop_A1Q7VWUBIJOK17_doorshut_far.wav,GTCRN,250219,988a6204eed2e137014b195bbe106ccdf7a2beaf43b03392ae890523307dc0b2,3.451181411743164,3.889411101100825,2.8652243662573973,2.5784745937885902
ms_realrec_english_male_SNR_23.31dB_speaker_ASEW6NZHLI41K_doorshut_near_7.wav,Noisy,295366,b2c1ffe7e44510360dfa067ca15c242050dd1427dcedda57f9d4ab5373d9e90b,3.267245054244995,2.204413767020107,3.489849093221825,2.3394926473106024
ms_realrec_english_male_SNR_23.31dB_speaker_ASEW6NZHLI41K_doorshut_near_7.wav,RNNoise v0.2,295366,b2c1ffe7e44510360dfa067ca15c242050dd1427dcedda57f9d4ab5373d9e90b,3.5600814819335938,3.985667872562107,3.0727594522092834,2.806597383076158
ms_realrec_english_male_SNR_23.31dB_speaker_ASEW6NZHLI41K_doorshut_near_7.wav,GTCRN,295366,b2c1ffe7e44510360dfa067ca15c242050dd1427dcedda57f9d4ab5373d9e90b,3.6357271671295166,3.836239827592545,3.075482786873497,2.749119160947636
ms_realrec_english_male_SNR_23.64dB_headset_A1XUZFDVKP95VC_DoorShut_Near.wav,Noisy,247804,93c1c4b72445d9386e30052807afe72b905063d96f1b18d38af15566be57f8e7,3.4436819553375244,3.434696875468955,3.1321977136137984,2.576338689127429
ms_realrec_english_male_SNR_23.64dB_headset_A1XUZFDVKP95VC_DoorShut_Near.wav,RNNoise v0.2,247804,93c1c4b72445d9386e30052807afe72b905063d96f1b18d38af15566be57f8e7,3.9240424633026123,4.109318251670045,3.3251015207215677,3.022432399190699
ms_realrec_english_male_SNR_23.64dB_headset_A1XUZFDVKP95VC_DoorShut_Near.wav,GTCRN,247804,93c1c4b72445d9386e30052807afe72b905063d96f1b18d38af15566be57f8e7,3.9992902278900146,4.085872891924599,3.183152224904145,2.8765901105569065
ms_realrec_english_male_SNR_23.75dB_headset_kitchen-02.wav,Noisy,289306,7c77188d623029ff0493847d9666e82b06d41b8049baa9a721ffba84feea49ca,2.9638733863830566,1.8909778137351565,2.966209843685109,1.8639361268281978
ms_realrec_english_male_SNR_23.75dB_headset_kitchen-02.wav,RNNoise v0.2,289306,7c77188d623029ff0493847d9666e82b06d41b8049baa9a721ffba84feea49ca,3.331568479537964,3.42644671921051,2.5635424068927604,2.227253926073773
ms_realrec_english_male_SNR_23.75dB_headset_kitchen-02.wav,GTCRN,289306,7c77188d623029ff0493847d9666e82b06d41b8049baa9a721ffba84feea49ca,3.6303210258483887,3.5895350922133624,2.425153119132309,2.138187132237182
ms_realrec_english_male_SNR_23.77dB_macbook_A1RK5KQQ320OH4_Car_Near.wav,Noisy,303755,577cfade8ebd63c115b3baa531b02ff2d37b4e596f59b8cc7fc8e3666c0f8f65,3.2136778831481934,3.030724164973553,3.4306996073675506,2.6305904358107894
ms_realrec_english_male_SNR_23.77dB_macbook_A1RK5KQQ320OH4_Car_Near.wav,RNNoise v0.2,303755,577cfade8ebd63c115b3baa531b02ff2d37b4e596f59b8cc7fc8e3666c0f8f65,3.70290207862854,4.104739834899084,3.3047027487909624,3.046381585361694
ms_realrec_english_male_SNR_23.77dB_macbook_A1RK5KQQ320OH4_Car_Near.wav,GTCRN,303755,577cfade8ebd63c115b3baa531b02ff2d37b4e596f59b8cc7fc8e3666c0f8f65,3.8512566089630127,4.116999295499014,3.301322924256483,3.0422483420130257
ms_realrec_english_male_SNR_23.78dB_laptop_A2JA19C4Y5JZD3_dogbark_far_5.wav,Noisy,292384,a8a030e88449af9013452e415afacbdcb4efa832ecc5e125ecc419dccb5e2ce9,2.764901638031006,2.511229002344649,3.3474009965156806,2.357840101519757
ms_realrec_english_male_SNR_23.78dB_laptop_A2JA19C4Y5JZD3_dogbark_far_5.wav,RNNoise v0.2,292384,a8a030e88449af9013452e415afacbdcb4efa832ecc5e125ecc419dccb5e2ce9,2.952636957168579,3.013021137408484,3.201959092544736,2.413540736036004
ms_realrec_english_male_SNR_23.78dB_laptop_A2JA19C4Y5JZD3_dogbark_far_5.wav,GTCRN,292384,a8a030e88449af9013452e415afacbdcb4efa832ecc5e125ecc419dccb5e2ce9,3.248729944229126,3.4686754134787234,2.7848165322502214,2.2871382667831517
ms_realrec_english_male_SNR_23.86dB_Mica_A1DCG37N0Y8BN0_doorshut_far.wav,Noisy,257835,9193ad5a180fdfda796ec0ff96ff59afb996dca26467c76436adbf44e83e154b,3.0341427326202393,3.1052090601749893,2.6300464755115343,2.1533739900124833
ms_realrec_english_male_SNR_23.86dB_Mica_A1DCG37N0Y8BN0_doorshut_far.wav,RNNoise v0.2,257835,9193ad5a180fdfda796ec0ff96ff59afb996dca26467c76436adbf44e83e154b,3.118377208709717,3.1929113992231426,2.3960072817764884,1.968617094082224
ms_realrec_english_male_SNR_23.86dB_Mica_A1DCG37N0Y8BN0_doorshut_far.wav,GTCRN,257835,9193ad5a180fdfda796ec0ff96ff59afb996dca26467c76436adbf44e83e154b,2.758563995361328,3.7602829599134884,2.229147274826961,1.9549643745518355
ms_realrec_english_male_SNR_23.95dB_speaker_A1XUZFDVKP95VC_Typing_Far.wav,Noisy,258902,2fffd6de3095b8d7d8990ecbda166adc54aedebe6dd7cbce35b48777500bb965,2.637141704559326,3.002978258256448,3.368668333487375,2.5190905506008257
ms_realrec_english_male_SNR_23.95dB_speaker_A1XUZFDVKP95VC_Typing_Far.wav,RNNoise v0.2,258902,2fffd6de3095b8d7d8990ecbda166adc54aedebe6dd7cbce35b48777500bb965,3.4338443279266357,4.027326402388118,3.070990136769045,2.716424979286141
ms_realrec_english_male_SNR_23.95dB_speaker_A1XUZFDVKP95VC_Typing_Far.wav,GTCRN,258902,2fffd6de3095b8d7d8990ecbda166adc54aedebe6dd7cbce35b48777500bb965,3.2658374309539795,4.056969713348257,2.9942333887663244,2.6363900219850294
ms_realrec_english_male_SNR_24.17dB_speaker_ASEW6NZHLI41K_water_near_5.wav,Noisy,255791,79ebbf71a52759212cf56b69810f24a397adfcc09d6288826e6dc5da6b9b582c,2.836817741394043,2.403060322715541,3.4478727442075834,2.346986239749086
ms_realrec_english_male_SNR_24.17dB_speaker_ASEW6NZHLI41K_water_near_5.wav,RNNoise v0.2,255791,79ebbf71a52759212cf56b69810f24a397adfcc09d6288826e6dc5da6b9b582c,3.4809951782226562,4.0190943611886345,3.2634589144212574,2.9809500226257772
ms_realrec_english_male_SNR_24.17dB_speaker_ASEW6NZHLI41K_water_near_5.wav,GTCRN,255791,79ebbf71a52759212cf56b69810f24a397adfcc09d6288826e6dc5da6b9b582c,3.4662437438964844,3.9623429256396747,3.1881398264832437,2.892168523136131
ms_realrec_english_male_SNR_24.28dB_speaker_A1XUZFDVKP95VC_Clatter_Far.wav,Noisy,218998,7891040d115e9aeb3dd3657973c0cd3343d779008432f9e4ea14100c73bc46dd,2.4602317810058594,1.7812038817560891,2.463225112726777,1.6333453598075391
ms_realrec_english_male_SNR_24.28dB_speaker_A1XUZFDVKP95VC_Clatter_Far.wav,RNNoise v0.2,218998,7891040d115e9aeb3dd3657973c0cd3343d779008432f9e4ea14100c73bc46dd,2.955411672592163,3.9794387047973467,2.3406696746496873,2.0423247226882273
ms_realrec_english_male_SNR_24.28dB_speaker_A1XUZFDVKP95VC_Clatter_Far.wav,GTCRN,218998,7891040d115e9aeb3dd3657973c0cd3343d779008432f9e4ea14100c73bc46dd,3.0324389934539795,3.999143793139889,2.4132681099772264,2.171016290707338
ms_realrec_english_male_SNR_24.39dB_webcam_A28O8I1SYFZO7A_chipbag_near_5.wav,Noisy,224502,84b07b379dffc500b23e6dbe42e84faadd2969ff1465e35c92f76a72598b44bd,2.8681578636169434,1.7938466430328344,3.484496871097118,2.07426581982629
ms_realrec_english_male_SNR_24.39dB_webcam_A28O8I1SYFZO7A_chipbag_near_5.wav,RNNoise v0.2,224502,84b07b379dffc500b23e6dbe42e84faadd2969ff1465e35c92f76a72598b44bd,3.285421371459961,3.4165167375350416,3.136150132770072,2.650523269098927
ms_realrec_english_male_SNR_24.39dB_webcam_A28O8I1SYFZO7A_chipbag_near_5.wav,GTCRN,224502,84b07b379dffc500b23e6dbe42e84faadd2969ff1465e35c92f76a72598b44bd,3.4894275665283203,3.890139054564621,3.138112907975723,2.8334206925115075
ms_realrec_english_male_SNR_24.44dB_stationary_laptop_A2VMGYCS5VHQNZ_fan_near_1.wav,Noisy,172571,df4aea8d8a779636937b043cbf3591ae31351ba989dc489267b32fc623cdc0f1,3.174316644668579,3.1509711392604007,3.619764615746896,2.800780525765512
ms_realrec_english_male_SNR_24.44dB_stationary_laptop_A2VMGYCS5VHQNZ_fan_near_1.wav,RNNoise v0.2,172571,df4aea8d8a779636937b043cbf3591ae31351ba989dc489267b32fc623cdc0f1,3.6153249740600586,4.063102223313654,3.5713145635926486,3.267131962870181
ms_realrec_english_male_SNR_24.44dB_stationary_laptop_A2VMGYCS5VHQNZ_fan_near_1.wav,GTCRN,172571,df4aea8d8a779636937b043cbf3591ae31351ba989dc489267b32fc623cdc0f1,3.6663460731506348,4.103296089095305,3.5512987858491116,3.275980354554127
ms_realrec_english_male_SNR_24.52dB_Mica_A1DCG37N0Y8BN0_water_near.wav,Noisy,244454,ba12f52f7333c64ef45b382ab99bf89b87a8c6345c255478a303a32558d7f852,3.542005777359009,3.7442193539388473,3.345331765575713,2.9288240358950826
ms_realrec_english_male_SNR_24.52dB_Mica_A1DCG37N0Y8BN0_water_near.wav,RNNoise v0.2,244454,ba12f52f7333c64ef45b382ab99bf89b87a8c6345c255478a303a32558d7f852,3.5882320404052734,4.02958694087802,3.3323333600217375,3.0435273628764086
ms_realrec_english_male_SNR_24.52dB_Mica_A1DCG37N0Y8BN0_water_near.wav,GTCRN,244454,ba12f52f7333c64ef45b382ab99bf89b87a8c6345c255478a303a32558d7f852,3.513289451599121,4.1468569826803074,3.3541130473671235,3.1172425340397028
ms_realrec_english_male_SNR_24.55dB_Laptop_A8PJHNOLEDTZI_Munching_far_7.wav,Noisy,210512,8938b09ff32fe9eac7c5124809c5637d8dabfbddb626f110212550190b57764a,3.374100923538208,3.597553077156756,2.7674160184687415,2.3369276248354054
ms_realrec_english_male_SNR_24.55dB_Laptop_A8PJHNOLEDTZI_Munching_far_7.wav,RNNoise v0.2,210512,8938b09ff32fe9eac7c5124809c5637d8dabfbddb626f110212550190b57764a,3.5691559314727783,4.057786605673835,2.9593508814752565,2.6614027242572376
ms_realrec_english_male_SNR_24.55dB_Laptop_A8PJHNOLEDTZI_Munching_far_7.wav,GTCRN,210512,8938b09ff32fe9eac7c5124809c5637d8dabfbddb626f110212550190b57764a,3.9144182205200195,4.113319375815584,3.0881148203809987,2.7876629860049915
ms_realrec_english_male_SNR_24.55dB_stationary_Mica_A1DCG37N0Y8BN0_AC_near_5.wav,Noisy,182075,70c947214022748c0442fc7732ab41173e3db37205dfdbdac8df16a697dc6d86,2.9527266025543213,3.1307308517699304,3.3237237554059265,2.5992381139687346
ms_realrec_english_male_SNR_24.55dB_stationary_Mica_A1DCG37N0Y8BN0_AC_near_5.wav,RNNoise v0.2,182075,70c947214022748c0442fc7732ab41173e3db37205dfdbdac8df16a697dc6d86,3.3668909072875977,4.128723049840897,3.0356622955986134,2.81472368243713
ms_realrec_english_male_SNR_24.55dB_stationary_Mica_A1DCG37N0Y8BN0_AC_near_5.wav,GTCRN,182075,70c947214022748c0442fc7732ab41173e3db37205dfdbdac8df16a697dc6d86,3.3473293781280518,4.098777713009966,2.803577201529598,2.611416596948126
ms_realrec_english_male_SNR_24.63dB_Laptop_A8PJHNOLEDTZI_steel_drill_far_5.wav,Noisy,198128,74210c4f443df2fbabb111551091a1633a64834fdee518daf30da3e9b6cc1ac1,3.3669681549072266,3.63800800545843,2.858781771146561,2.4429186919573582
ms_realrec_english_male_SNR_24.63dB_Laptop_A8PJHNOLEDTZI_steel_drill_far_5.wav,RNNoise v0.2,198128,74210c4f443df2fbabb111551091a1633a64834fdee518daf30da3e9b6cc1ac1,3.651944875717163,4.047970798411845,3.0828540260076482,2.7392915633098
ms_realrec_english_male_SNR_24.63dB_Laptop_A8PJHNOLEDTZI_steel_drill_far_5.wav,GTCRN,198128,74210c4f443df2fbabb111551091a1633a64834fdee518daf30da3e9b6cc1ac1,3.783906936645508,4.117462177614203,2.903565218211972,2.635301221346846
ms_realrec_english_male_SNR_24.73dB_macbook_A1RK5KQQ320OH4_babycry_near.wav,Noisy,317408,6657e51329a53a4cf79498ea30ddb845c604de55d3190e7c6be49a129d1c53e7,3.369734525680542,2.765691512016159,3.523943281793048,2.557885805220308
ms_realrec_english_male_SNR_24.73dB_macbook_A1RK5KQQ320OH4_babycry_near.wav,RNNoise v0.2,317408,6657e51329a53a4cf79498ea30ddb845c604de55d3190e7c6be49a129d1c53e7,3.649214029312134,3.672964308974889,3.4474518024091987,2.9484154894099963
ms_realrec_english_male_SNR_24.73dB_macbook_A1RK5KQQ320OH4_babycry_near.wav,GTCRN,317408,6657e51329a53a4cf79498ea30ddb845c604de55d3190e7c6be49a129d1c53e7,4.06505012512207,4.08614150566392,3.4531333385485965,3.1663132053897285
ms_realrec_english_male_SNR_25.05dB_laptop_A2VMGYCS5VHQNZ_dogbark_near.wav,Noisy,177772,1ef5cf6e0f19f1797bb96dcafe358d8c9c433401b26f63555018a6f46967536e,3.5893383026123047,3.1640947785818465,3.573062109085694,2.845335097527812
ms_realrec_english_male_SNR_25.05dB_laptop_A2VMGYCS5VHQNZ_dogbark_near.wav,RNNoise v0.2,177772,1ef5cf6e0f19f1797bb96dcafe358d8c9c433401b26f63555018a6f46967536e,3.675304412841797,3.475108454669016,3.55339837570272,2.9725807245419267
ms_realrec_english_male_SNR_25.05dB_laptop_A2VMGYCS5VHQNZ_dogbark_near.wav,GTCRN,177772,1ef5cf6e0f19f1797bb96dcafe358d8c9c433401b26f63555018a6f46967536e,3.8038134574890137,3.942347298912415,3.477305085657261,3.135046480157835
ms_realrec_english_male_SNR_25.17dB_Laptop_A8PJHNOLEDTZI_Kids_talk_far_2.wav,Noisy,372422,e2aeb786591a841eff80df95677b4730cf519a127b0bc34b3a2f1448228371e5,3.341972589492798,3.1364299896236765,3.0613922681162182,2.405931704044378
ms_realrec_english_male_SNR_25.17dB_Laptop_A8PJHNOLEDTZI_Kids_talk_far_2.wav,RNNoise v0.2,372422,e2aeb786591a841eff80df95677b4730cf519a127b0bc34b3a2f1448228371e5,3.4574790000915527,3.569987323221727,3.1389181873498173,2.6436261605612894
ms_realrec_english_male_SNR_25.17dB_Laptop_A8PJHNOLEDTZI_Kids_talk_far_2.wav,GTCRN,372422,e2aeb786591a841eff80df95677b4730cf519a127b0bc34b3a2f1448228371e5,3.848947763442993,3.9836890083561096,3.187898494255467,2.8658937115279106
ms_realrec_english_male_SNR_25.29dB_webcam_A28O8I1SYFZO7A_door_near_10.wav,Noisy,230923,a3e07b66cbf43d941af0b41b2ba52a3559e25337252ec7a429ffbcbb9f23b056,3.5150036811828613,2.1803449626716356,3.284438343093009,2.176880526220504
ms_realrec_english_male_SNR_25.29dB_webcam_A28O8I1SYFZO7A_door_near_10.wav,RNNoise v0.2,230923,a3e07b66cbf43d941af0b41b2ba52a3559e25337252ec7a429ffbcbb9f23b056,3.7531914710998535,3.670108803536485,3.0931786574921714,2.7215236565608842
ms_realrec_english_male_SNR_25.29dB_webcam_A28O8I1SYFZO7A_door_near_10.wav,GTCRN,230923,a3e07b66cbf43d941af0b41b2ba52a3559e25337252ec7a429ffbcbb9f23b056,3.752657413482666,3.951112056511879,3.293893835480625,2.9886337336961186
ms_realrec_english_male_SNR_25.41dB_stationary_laptop_A2VMGYCS5VHQNZ_fan_near_2.wav,Noisy,190032,7b5f032209b599a7d71c1259a3ff9451c2f49a3221fef6bdbfdffb1f4086911f,3.4600653648376465,3.2472772815373734,3.597608082090578,2.8652166049308505
ms_realrec_english_male_SNR_25.41dB_stationary_laptop_A2VMGYCS5VHQNZ_fan_near_2.wav,RNNoise v0.2,190032,7b5f032209b599a7d71c1259a3ff9451c2f49a3221fef6bdbfdffb1f4086911f,3.7863659858703613,4.039842056421775,3.492311922700157,3.183777693705541
ms_realrec_english_male_SNR_25.41dB_stationary_laptop_A2VMGYCS5VHQNZ_fan_near_2.wav,GTCRN,190032,7b5f032209b599a7d71c1259a3ff9451c2f49a3221fef6bdbfdffb1f4086911f,3.907343626022339,4.13274994119522,3.5554188692965614,3.299901058915303
ms_realrec_english_male_SNR_25.43dB_Laptop_A8PJHNOLEDTZI_chips_packet_far.wav,Noisy,236656,97f2ac8f048dc2509330c0fb5207fce6d4dfa818ace29a9f762de9e579b7c8de,3.2076950073242188,3.0705243582107062,2.9695961778156925,2.3248623769588677
ms_realrec_english_male_SNR_25.43dB_Laptop_A8PJHNOLEDTZI_chips_packet_far.wav,RNNoise v0.2,236656,97f2ac8f048dc2509330c0fb5207fce6d4dfa818ace29a9f762de9e579b7c8de,3.499375581741333,4.042309961669345,3.169555849902653,2.872062079317046
ms_realrec_english_male_SNR_25.43dB_Laptop_A8PJHNOLEDTZI_chips_packet_far.wav,GTCRN,236656,97f2ac8f048dc2509330c0fb5207fce6d4dfa818ace29a9f762de9e579b7c8de,3.6859352588653564,4.116283348999344,3.2105030485661765,2.9348777569745943
ms_realrec_english_male_SNR_25.59dB_macbook_A1RK5KQQ320OH4_Dishwasher_Near.wav,Noisy,348811,3ce717f32fe0721cf308c9609171b9d35d4b3a2280e654b495c0aa364e511c36,3.6382973194122314,3.318080383482092,3.4918511055420427,2.808679454693499
ms_realrec_english_male_SNR_25.59dB_macbook_A1RK5KQQ320OH4_Dishwasher_Near.wav,RNNoise v0.2,348811,3ce717f32fe0721cf308c9609171b9d35d4b3a2280e654b495c0aa364e511c36,3.840224027633667,3.891753457200015,3.2720306970972155,2.917637829765743
ms_realrec_english_male_SNR_25.59dB_macbook_A1RK5KQQ320OH4_Dishwasher_Near.wav,GTCRN,348811,3ce717f32fe0721cf308c9609171b9d35d4b3a2280e654b495c0aa364e511c36,3.74638032913208,3.729389912341168,3.287406921868392,2.8546436320720754
ms_realrec_english_male_SNR_25.72dB_speaker_ASEW6NZHLI41K_kitchen_near_4.wav,Noisy,232528,ddfc804d1d2d92dd60808dcfcbc863afdf2df683cd638ac62022dbdd2a8293c1,2.7360153198242188,1.6602890968145512,3.256103008840826,1.8391423309526769
ms_realrec_english_male_SNR_25.72dB_speaker_ASEW6NZHLI41K_kitchen_near_4.wav,RNNoise v0.2,232528,ddfc804d1d2d92dd60808dcfcbc863afdf2df683cd638ac62022dbdd2a8293c1,3.3689472675323486,4.004914263521245,2.8558512464280015,2.6137185197269717
ms_realrec_english_male_SNR_25.72dB_speaker_ASEW6NZHLI41K_kitchen_near_4.wav,GTCRN,232528,ddfc804d1d2d92dd60808dcfcbc863afdf2df683cd638ac62022dbdd2a8293c1,3.14235782623291,3.943390182212167,2.6241527417366806,2.3919695913372157
ms_realrec_english_male_SNR_25.83dB_laptop_A2JA19C4Y5JZD3_copymachine_near.wav,Noisy,382054,34b237afb3afec76905047a280f1bbf2b03f382a29d52b3dd1d51c0483d2be88,3.3090591430664062,2.8016439128195243,3.579618529254198,2.647182036179776
ms_realrec_english_male_SNR_25.83dB_laptop_A2JA19C4Y5JZD3_copymachine_near.wav,RNNoise v0.2,382054,34b237afb3afec76905047a280f1bbf2b03f382a29d52b3dd1d51c0483d2be88,3.767911911010742,4.107863923169657,3.4425404374179576,3.1956169229221443
ms_realrec_english_male_SNR_25.83dB_laptop_A2JA19C4Y5JZD3_copymachine_near.wav,GTCRN,382054,34b237afb3afec76905047a280f1bbf2b03f382a29d52b3dd1d51c0483d2be88,3.7572669982910156,4.069635747222813,3.3835817313095675,3.114652460797571
ms_realrec_english_male_SNR_25.83dB_stationary_Mica_A1DCG37N0Y8BN0_fan_near_2.wav,Noisy,215558,5070ad71ce219d6487bb99a889a19d1ac457a523868e5359e8f67f794b0032a3,3.325545072555542,3.1765791364877956,3.3896699291727774,2.7384771163357136
ms_realrec_english_male_SNR_25.83dB_stationary_Mica_A1DCG37N0Y8BN0_fan_near_2.wav,RNNoise v0.2,215558,5070ad71ce219d6487bb99a889a19d1ac457a523868e5359e8f67f794b0032a3,3.5581414699554443,4.188895691043222,3.2837492932401435,3.05222588930639
ms_realrec_english_male_SNR_25.83dB_stationary_Mica_A1DCG37N0Y8BN0_fan_near_2.wav,GTCRN,215558,5070ad71ce219d6487bb99a889a19d1ac457a523868e5359e8f67f794b0032a3,3.588491201400757,4.136515026088813,3.192598400664211,2.9457362398434164
ms_realrec_english_male_SNR_25.99dB_macbook_A1RK5KQQ320OH4_Kitchen_Near.wav,Noisy,306486,e55361f9bbc26dafaab6065c6d7ef57a20f4a2db8f9880ddf94a79a3513383ef,3.613166093826294,2.800441722127323,3.40738240215481,2.4784266035893565
ms_realrec_english_male_SNR_25.99dB_macbook_A1RK5KQQ320OH4_Kitchen_Near.wav,RNNoise v0.2,306486,e55361f9bbc26dafaab6065c6d7ef57a20f4a2db8f9880ddf94a79a3513383ef,3.7398593425750732,3.438564678481159,3.2993181811736343,2.718502860904539
ms_realrec_english_male_SNR_25.99dB_macbook_A1RK5KQQ320OH4_Kitchen_Near.wav,GTCRN,306486,e55361f9bbc26dafaab6065c6d7ef57a20f4a2db8f9880ddf94a79a3513383ef,3.8083057403564453,4.062280989423859,3.3135285166239945,3.031721190408861
ms_realrec_english_male_SNR_26.05dB_laptop_A1Q7VWUBIJOK17_doorshut_near.wav,Noisy,240559,b3e482b00db69bcafbac999258c5b4eb79acf1211ce0351a1223386341d7f547,2.871155023574829,1.998365087683573,3.179335185820929,2.012155377252828
ms_realrec_english_male_SNR_26.05dB_laptop_A1Q7VWUBIJOK17_doorshut_near.wav,RNNoise v0.2,240559,b3e482b00db69bcafbac999258c5b4eb79acf1211ce0351a1223386341d7f547,2.938624143600464,2.7361532970069984,3.152251158406265,2.2880835830692496
ms_realrec_english_male_SNR_26.05dB_laptop_A1Q7VWUBIJOK17_doorshut_near.wav,GTCRN,240559,b3e482b00db69bcafbac999258c5b4eb79acf1211ce0351a1223386341d7f547,3.4055824279785156,4.069250298583565,3.134983446129942,2.872246198338338
ms_realrec_english_male_SNR_26.19dB_speaker_A1XUZFDVKP95VC_chips_packet_Far.wav,Noisy,273810,2bd4bcb66d5c1f3e8c295e898775ed56958dd22a19f9ca32b89bf0ab6615d554,2.6201694011688232,1.7539384746637003,2.6169219797050167,1.657924353275997
ms_realrec_english_male_SNR_26.19dB_speaker_A1XUZFDVKP95VC_chips_packet_Far.wav,RNNoise v0.2,273810,2bd4bcb66d5c1f3e8c295e898775ed56958dd22a19f9ca32b89bf0ab6615d554,2.9211199283599854,4.03652440991929,2.466429148346123,2.175627633536544
ms_realrec_english_male_SNR_26.19dB_speaker_A1XUZFDVKP95VC_chips_packet_Far.wav,GTCRN,273810,2bd4bcb66d5c1f3e8c295e898775ed56958dd22a19f9ca32b89bf0ab6615d554,2.717172861099243,4.040994434486971,2.383038624197686,2.099235100783797
ms_realrec_english_male_SNR_26.37dB_speaker_ASEW6NZHLI41K_kitchen_far_10.wav,Noisy,256838,f4f24a7dcb6e4541a03d0818ff52274a9934c4faca6e52500cb1f7de8edc0481,2.6473076343536377,1.744775585301202,3.169593394996499,1.7554566067609756
ms_realrec_english_male_SNR_26.37dB_speaker_ASEW6NZHLI41K_kitchen_far_10.wav,RNNoise v0.2,256838,f4f24a7dcb6e4541a03d0818ff52274a9934c4faca6e52500cb1f7de8edc0481,3.2830026149749756,3.8520692623560095,2.4757140967501714,2.2304433807173316
ms_realrec_english_male_SNR_26.37dB_speaker_ASEW6NZHLI41K_kitchen_far_10.wav,GTCRN,256838,f4f24a7dcb6e4541a03d0818ff52274a9934c4faca6e52500cb1f7de8edc0481,3.0367798805236816,3.902095957751141,2.558514101179398,2.3084690257355436
ms_realrec_english_male_SNR_26.4dB_webcam_A28O8I1SYFZO7A_door_near_11.wav,Noisy,218080,a0612402d445fe8e6b61815fe30445a1fbb588fbfdef5d3b04ac86c698f43d78,3.393037796020508,2.379899499161761,3.466569576331912,2.3813495624652496
ms_realrec_english_male_SNR_26.4dB_webcam_A28O8I1SYFZO7A_door_near_11.wav,RNNoise v0.2,218080,a0612402d445fe8e6b61815fe30445a1fbb588fbfdef5d3b04ac86c698f43d78,3.6786203384399414,3.9001459433189742,3.196022557524081,2.89592265648201
ms_realrec_english_male_SNR_26.4dB_webcam_A28O8I1SYFZO7A_door_near_11.wav,GTCRN,218080,a0612402d445fe8e6b61815fe30445a1fbb588fbfdef5d3b04ac86c698f43d78,3.8442115783691406,3.957183630195492,3.288886529033037,2.9993122882081105
ms_realrec_english_male_SNR_26.57dB_speaker_ASEW6NZHLI41K_chipspacket_near_1.wav,Noisy,199135,30e018498e4e9196a2cb7a1dd5aae64307536bc2e14c2924db62201546b9c7fb,2.602461099624634,1.662880194637127,3.2968715242236732,1.8985885148173196
ms_realrec_english_male_SNR_26.57dB_speaker_ASEW6NZHLI41K_chipspacket_near_1.wav,RNNoise v0.2,199135,30e018498e4e9196a2cb7a1dd5aae64307536bc2e14c2924db62201546b9c7fb,3.320358991622925,4.0649299463285,3.0790469291319127,2.8416644909082986
ms_realrec_english_male_SNR_26.57dB_speaker_ASEW6NZHLI41K_chipspacket_near_1.wav,GTCRN,199135,30e018498e4e9196a2cb7a1dd5aae64307536bc2e14c2924db62201546b9c7fb,3.2305514812469482,4.012215186290104,2.87448200636487,2.63615536416271
ms_realrec_english_male_SNR_26.69dB_laptop_A2VMGYCS5VHQNZ_babycry_near_6.wav,Noisy,234166,4d7e3379d2bac4b48a8f271d3742bc3ed8d7b140378d76a7c301666e198e5846,3.013256788253784,2.6058613728805025,3.564406349948919,2.578770903405933
ms_realrec_english_male_SNR_26.69dB_laptop_A2VMGYCS5VHQNZ_babycry_near_6.wav,RNNoise v0.2,234166,4d7e3379d2bac4b48a8f271d3742bc3ed8d7b140378d76a7c301666e198e5846,3.6370654106140137,3.64989684808281,3.54156886767326,3.0409004226373932
ms_realrec_english_male_SNR_26.69dB_laptop_A2VMGYCS5VHQNZ_babycry_near_6.wav,GTCRN,234166,4d7e3379d2bac4b48a8f271d3742bc3ed8d7b140378d76a7c301666e198e5846,3.82732892036438,3.9778652823981036,3.6066535829438435,3.2573876206237977
ms_realrec_english_male_SNR_26.79dB_laptop_A2JA19C4Y5JZD3_Clatter_near_2.wav,Noisy,230006,68687891b6f391b155242dee7c7e84b9f38337fc2e2b9db38ec0d4f0c5d5f8d7,3.7079453468322754,3.223159877660089,3.5159503413921507,2.8569777049757006
ms_realrec_english_male_SNR_26.79dB_laptop_A2JA19C4Y5JZD3_Clatter_near_2.wav,RNNoise v0.2,230006,68687891b6f391b155242dee7c7e84b9f38337fc2e2b9db38ec0d4f0c5d5f8d7,3.7571702003479004,3.915341621875085,3.424197226578078,3.0913280152081195
ms_realrec_english_male_SNR_26.79dB_laptop_A2JA19C4Y5JZD3_Clatter_near_2.wav,GTCRN,230006,68687891b6f391b155242dee7c7e84b9f38337fc2e2b9db38ec0d4f0c5d5f8d7,3.8714499473571777,3.696937047536725,3.4145140787016373,2.972718891783598
ms_realrec_english_male_SNR_27.19dB_Laptop_A8PJHNOLEDTZI_chair_far_3.wav,Noisy,333206,e9c7864410c3c05ae1cf307c0cb4e52e788b26190447d033a245403d34d6d2ed,3.0334677696228027,2.6482670723100505,2.5785166776335573,1.9473205378739067
ms_realrec_english_male_SNR_27.19dB_Laptop_A8PJHNOLEDTZI_chair_far_3.wav,RNNoise v0.2,333206,e9c7864410c3c05ae1cf307c0cb4e52e788b26190447d033a245403d34d6d2ed,3.4492509365081787,3.4128339538465577,2.6011308932873263,2.195884791493756
ms_realrec_english_male_SNR_27.19dB_Laptop_A8PJHNOLEDTZI_chair_far_3.wav,GTCRN,333206,e9c7864410c3c05ae1cf307c0cb4e52e788b26190447d033a245403d34d6d2ed,3.5859782695770264,3.618047454346272,2.478408128115507,2.1779110083198687
ms_realrec_english_male_SNR_27.25dB_laptop_A1Q7VWUBIJOK17_Breathing_far.wav,Noisy,262293,7890b6fd5b643eb686a3646dbfe5d5f19ed9a2c132da828d1942451411aa34a6,2.939514636993408,2.468155420559411,3.1128101472037004,2.1333958055793354
ms_realrec_english_male_SNR_27.25dB_laptop_A1Q7VWUBIJOK17_Breathing_far.wav,RNNoise v0.2,262293,7890b6fd5b643eb686a3646dbfe5d5f19ed9a2c132da828d1942451411aa34a6,2.9571468830108643,3.0677774804325635,2.8983349899757456,2.2812349186216325
ms_realrec_english_male_SNR_27.25dB_laptop_A1Q7VWUBIJOK17_Breathing_far.wav,GTCRN,262293,7890b6fd5b643eb686a3646dbfe5d5f19ed9a2c132da828d1942451411aa34a6,3.0917980670928955,3.5017507185092582,2.925959835946358,2.4808270868649367
ms_realrec_english_male_SNR_27.43dB_laptop_A1Q7VWUBIJOK17_stationary_Far.wav,Noisy,218639,a3c2f33579f1272d32b533db4dcf97d212455eb70c18c8176362d35ec6e84168,2.3857827186584473,3.1227005223066158,3.0414965538410024,2.430588188940034
ms_realrec_english_male_SNR_27.43dB_laptop_A1Q7VWUBIJOK17_stationary_Far.wav,RNNoise v0.2,218639,a3c2f33579f1272d32b533db4dcf97d212455eb70c18c8176362d35ec6e84168,2.711765766143799,4.088298607990604,2.6032493119032,2.4404730544498046
ms_realrec_english_male_SNR_27.43dB_laptop_A1Q7VWUBIJOK17_stationary_Far.wav,GTCRN,218639,a3c2f33579f1272d32b533db4dcf97d212455eb70c18c8176362d35ec6e84168,2.9160096645355225,3.9649368048779845,2.6210596703400433,2.3964322060640657
ms_realrec_english_male_SNR_27.69dB_laptop_A2VMGYCS5VHQNZ_car_near_3.wav,Noisy,168484,5888081d07815f7f078a11c1253ebe4949c24008172e3c16673f17a337e123fa,3.579104423522949,3.536207741827549,3.690891938491277,3.123120078290692
ms_realrec_english_male_SNR_27.69dB_laptop_A2VMGYCS5VHQNZ_car_near_3.wav,RNNoise v0.2,168484,5888081d07815f7f078a11c1253ebe4949c24008172e3c16673f17a337e123fa,3.787092924118042,4.139737174991961,3.6135930038951103,3.3761742094583216
ms_realrec_english_male_SNR_27.69dB_laptop_A2VMGYCS5VHQNZ_car_near_3.wav,GTCRN,168484,5888081d07815f7f078a11c1253ebe4949c24008172e3c16673f17a337e123fa,3.8084166049957275,4.010885632010329,3.6355888423189975,3.3173140355593733
ms_realrec_english_male_SNR_28.2dB_Laptop_A8PJHNOLEDTZI_fingertap_far.wav,Noisy,382512,f0377e48d596e6533f591cb18c0da1e8eb049940465f46ffa98774048ffb64f2,3.515460968017578,3.674190938211585,3.0613059386017802,2.647481162761683
ms_realrec_english_male_SNR_28.2dB_Laptop_A8PJHNOLEDTZI_fingertap_far.wav,RNNoise v0.2,382512,f0377e48d596e6533f591cb18c0da1e8eb049940465f46ffa98774048ffb64f2,3.958442211151123,4.089302845384128,3.2132365284376143,2.9284661288622393
ms_realrec_english_male_SNR_28.2dB_Laptop_A8PJHNOLEDTZI_fingertap_far.wav,GTCRN,382512,f0377e48d596e6533f591cb18c0da1e8eb049940465f46ffa98774048ffb64f2,4.041970729827881,4.028639405906346,3.1242173989905373,2.8195915859284533
ms_realrec_english_male_SNR_28.53dB_laptop_A1Q7VWUBIJOK17_Water_near.wav,Noisy,232386,c4171d401ffbc13c80bdee0dabf171ff061b9523e07f53ab7b762f800c3fee60,2.9101836681365967,2.1903462761874186,2.9393463361262073,1.9047348781126718
ms_realrec_english_male_SNR_28.53dB_laptop_A1Q7VWUBIJOK17_Water_near.wav,RNNoise v0.2,232386,c4171d401ffbc13c80bdee0dabf171ff061b9523e07f53ab7b762f800c3fee60,3.454622268676758,3.664580663421822,2.6149874183719697,2.3094776842602647
ms_realrec_english_male_SNR_28.53dB_laptop_A1Q7VWUBIJOK17_Water_near.wav,GTCRN,232386,c4171d401ffbc13c80bdee0dabf171ff061b9523e07f53ab7b762f800c3fee60,3.5588645935058594,3.692064469029835,2.5383131105754195,2.2473240977284448
ms_realrec_english_male_SNR_29.18dB_macbook_A1RK5KQQ320OH4_Clutter_Far.wav,Noisy,317408,4057877d048928b9b2b72264b01b90ca2441666bfd9e42f20a95945c09b54be7,3.4550974369049072,3.113922332735572,3.445875180763901,2.663715636578256
ms_realrec_english_male_SNR_29.18dB_macbook_A1RK5KQQ320OH4_Clutter_Far.wav,RNNoise v0.2,317408,4057877d048928b9b2b72264b01b90ca2441666bfd9e42f20a95945c09b54be7,3.6017184257507324,3.6233837143926477,3.2758086853281503,2.7318034068555868
ms_realrec_english_male_SNR_29.18dB_macbook_A1RK5KQQ320OH4_Clutter_Far.wav,GTCRN,317408,4057877d048928b9b2b72264b01b90ca2441666bfd9e42f20a95945c09b54be7,3.6885530948638916,4.056190726836954,3.3048732893251347,2.9866087871598306
ms_realrec_english_male_SNR_30.02dB_headset_copymachine_near.wav,Noisy,263036,e4cc776fe021665ce5b98b1f126cebcbd24cd83c5b4acf05ab3ddc707c710354,2.461902618408203,1.3247291612706946,2.873520924827555,1.5147290783648013
ms_realrec_english_male_SNR_30.02dB_headset_copymachine_near.wav,RNNoise v0.2,263036,e4cc776fe021665ce5b98b1f126cebcbd24cd83c5b4acf05ab3ddc707c710354,3.4930689334869385,3.9209745765078488,2.7676626043376795,2.5165684034732707
ms_realrec_english_male_SNR_30.02dB_headset_copymachine_near.wav,GTCRN,263036,e4cc776fe021665ce5b98b1f126cebcbd24cd83c5b4acf05ab3ddc707c710354,3.257314920425415,3.6403531405387577,2.3840133249436635,2.1029118092296164
ms_realrec_english_male_SNR_30.52dB_laptop_A2VMGYCS5VHQNZ_babycry_near.wav,Noisy,244179,f8aba0cdcb516536372f1da2ebf3fd8d879481f5e81c28d23ad3653d7a04ec18,3.186347007751465,2.5479246088760683,3.4962990989798626,2.499153984575217
ms_realrec_english_male_SNR_30.52dB_laptop_A2VMGYCS5VHQNZ_babycry_near.wav,RNNoise v0.2,244179,f8aba0cdcb516536372f1da2ebf3fd8d879481f5e81c28d23ad3653d7a04ec18,3.7803452014923096,3.5905342369087005,3.564749960368777,3.0633225302285614
ms_realrec_english_male_SNR_30.52dB_laptop_A2VMGYCS5VHQNZ_babycry_near.wav,GTCRN,244179,f8aba0cdcb516536372f1da2ebf3fd8d879481f5e81c28d23ad3653d7a04ec18,3.9746272563934326,3.997919282292949,3.553221367918168,3.2569912257283544
ms_realrec_english_male_SNR_30.76dB_webcam_A28O8I1SYFZO7A_ACfan_near_3.wav,Noisy,211200,8ecdcbd169978dcf46873aa8d55fcd004210d3c9421fd10a281de67dbba6b222,3.3916139602661133,3.212620061514963,3.4828083144404935,2.8435113374360186
ms_realrec_english_male_SNR_30.76dB_webcam_A28O8I1SYFZO7A_ACfan_near_3.wav,RNNoise v0.2,211200,8ecdcbd169978dcf46873aa8d55fcd004210d3c9421fd10a281de67dbba6b222,3.6833980083465576,3.880194647969093,3.2130959070648766,2.889774646969179
ms_realrec_english_male_SNR_30.76dB_webcam_A28O8I1SYFZO7A_ACfan_near_3.wav,GTCRN,211200,8ecdcbd169978dcf46873aa8d55fcd004210d3c9421fd10a281de67dbba6b222,3.653092861175537,3.7566992068788974,3.249043330752674,2.870115408699217
ms_realrec_english_male_SNR_30.79dB_laptop_A2VMGYCS5VHQNZ_doorshut_far.wav,Noisy,194862,f4feb3ed96f95d62d200d9c70db090e7daef366c0bdb032bf01756115f12c8e4,2.8702023029327393,3.285830463365581,3.6286143549853733,2.9106093121215437
ms_realrec_english_male_SNR_30.79dB_laptop_A2VMGYCS5VHQNZ_doorshut_far.wav,RNNoise v0.2,194862,f4feb3ed96f95d62d200d9c70db090e7daef366c0bdb032bf01756115f12c8e4,3.584083318710327,3.782874440847531,3.5401082877429766,3.095958877588098
ms_realrec_english_male_SNR_30.79dB_laptop_A2VMGYCS5VHQNZ_doorshut_far.wav,GTCRN,194862,f4feb3ed96f95d62d200d9c70db090e7daef366c0bdb032bf01756115f12c8e4,3.641955614089966,4.024572037074713,3.5216907695439104,3.1989976296997717
ms_realrec_english_male_SNR_31.62dB_laptop_A1Q7VWUBIJOK17_AC_near_2.wav,Noisy,242231,ae514896d83bd2c6d5e086b04b0a4159c1f2ac4e706a15d92fadd898f5ba7942,3.5060794353485107,3.724567483892995,3.3880996217753787,2.9632923344977864
ms_realrec_english_male_SNR_31.62dB_laptop_A1Q7VWUBIJOK17_AC_near_2.wav,RNNoise v0.2,242231,ae514896d83bd2c6d5e086b04b0a4159c1f2ac4e706a15d92fadd898f5ba7942,3.5720741748809814,3.943966513649998,3.248053604305064,2.9251001971144905
ms_realrec_english_male_SNR_31.62dB_laptop_A1Q7VWUBIJOK17_AC_near_2.wav,GTCRN,242231,ae514896d83bd2c6d5e086b04b0a4159c1f2ac4e706a15d92fadd898f5ba7942,3.758159637451172,4.143847984795887,3.2797616078445313,3.04463205935758
ms_realrec_english_male_SNR_31.65dB_laptop_A1Q7VWUBIJOK17_Breathing_near.wav,Noisy,198392,25c00157cc7d2b5a48630f8bf207193c26815f08c9f2273d9e88bbcf5be35d2b,3.4380085468292236,2.148819846293822,3.144905000100339,2.0520049088839065
ms_realrec_english_male_SNR_31.65dB_laptop_A1Q7VWUBIJOK17_Breathing_near.wav,RNNoise v0.2,198392,25c00157cc7d2b5a48630f8bf207193c26815f08c9f2273d9e88bbcf5be35d2b,3.4380569458007812,2.3528270880589943,3.1377203652394274,2.1690305242131145
ms_realrec_english_male_SNR_31.65dB_laptop_A1Q7VWUBIJOK17_Breathing_near.wav,GTCRN,198392,25c00157cc7d2b5a48630f8bf207193c26815f08c9f2273d9e88bbcf5be35d2b,3.7464640140533447,3.5835612119284956,3.0527427832002583,2.614316410644051
ms_realrec_english_male_SNR_31.93dB_laptop_A1Q7VWUBIJOK17_chair_near_5.wav,Noisy,223841,7d71be76387dcc25cf33e5e4a78085a9b13aa6e31a2411d3e499a23f028afcc2,2.469572067260742,1.6341612264152896,2.8082844315845286,1.6307688011921984
ms_realrec_english_male_SNR_31.93dB_laptop_A1Q7VWUBIJOK17_chair_near_5.wav,RNNoise v0.2,223841,7d71be76387dcc25cf33e5e4a78085a9b13aa6e31a2411d3e499a23f028afcc2,2.569493532180786,3.145832371684829,2.2368204052589653,1.8372842132118463
ms_realrec_english_male_SNR_31.93dB_laptop_A1Q7VWUBIJOK17_chair_near_5.wav,GTCRN,223841,7d71be76387dcc25cf33e5e4a78085a9b13aa6e31a2411d3e499a23f028afcc2,2.767589569091797,3.3729706897580143,1.9459945603232354,1.6844354786332072
ms_realrec_english_male_SNR_31.9dB_Laptop_A8PJHNOLEDTZI_Fan_far_12.wav,Noisy,295136,ce3cb72e04f8a90ab2949a365981fac564777ec5fac8b4076c8062c7fc40aeda,3.248791217803955,3.799707170574565,3.2308594575731675,2.8168963831175384
ms_realrec_english_male_SNR_31.9dB_Laptop_A8PJHNOLEDTZI_Fan_far_12.wav,RNNoise v0.2,295136,ce3cb72e04f8a90ab2949a365981fac564777ec5fac8b4076c8062c7fc40aeda,3.533869504928589,4.118528841888414,3.1496075697409145,2.850665104660122
ms_realrec_english_male_SNR_31.9dB_Laptop_A8PJHNOLEDTZI_Fan_far_12.wav,GTCRN,295136,ce3cb72e04f8a90ab2949a365981fac564777ec5fac8b4076c8062c7fc40aeda,3.615335464477539,4.160172490368288,3.213324049129671,2.916675802179114
ms_realrec_english_male_SNR_32.19dB_webcam_A28O8I1SYFZO7A_dishes_near_7.wav,Noisy,282752,1c294d04a2ced4fbc2d16a4718d226450406fd395f3d31933cb768d563d38b74,3.8426945209503174,1.7723228703903788,3.582229098965299,2.1153157358398462
ms_realrec_english_male_SNR_32.19dB_webcam_A28O8I1SYFZO7A_dishes_near_7.wav,RNNoise v0.2,282752,1c294d04a2ced4fbc2d16a4718d226450406fd395f3d31933cb768d563d38b74,4.021752834320068,3.0520907393838668,3.397386000302191,2.625771780855203
ms_realrec_english_male_SNR_32.19dB_webcam_A28O8I1SYFZO7A_dishes_near_7.wav,GTCRN,282752,1c294d04a2ced4fbc2d16a4718d226450406fd395f3d31933cb768d563d38b74,3.851367235183716,3.7777995931502586,3.24004579426168,2.8743746288170264
ms_realrec_english_male_SNR_32.58dB_Laptop_A8PJHNOLEDTZI_vessel_far_6.wav,Noisy,275643,dfcb516dd3d474d6cbf2fbe743f145592fad8da101f2dd63072110175d138c12,3.368381977081299,3.3396470727136633,2.854527796959588,2.3379209318061975
ms_realrec_english_male_SNR_32.58dB_Laptop_A8PJHNOLEDTZI_vessel_far_6.wav,RNNoise v0.2,275643,dfcb516dd3d474d6cbf2fbe743f145592fad8da101f2dd63072110175d138c12,3.5181329250335693,3.732307289797066,2.9690901087341888,2.570747382866742
ms_realrec_english_male_SNR_32.58dB_Laptop_A8PJHNOLEDTZI_vessel_far_6.wav,GTCRN,275643,dfcb516dd3d474d6cbf2fbe743f145592fad8da101f2dd63072110175d138c12,3.8870434761047363,4.075133465049647,2.9308740850442176,2.648185555536675
ms_realrec_english_male_SNR_33.68dB_Laptop_A8PJHNOLEDTZI_Clapping_far_10.wav,Noisy,284358,43d1655aec5b9f52e3e6f34285c12a334eb5f7df4c7e0d4c324e7f6e5053bc46,3.347522497177124,2.8775461738478394,3.0617937922295084,2.356531666708196
ms_realrec_english_male_SNR_33.68dB_Laptop_A8PJHNOLEDTZI_Clapping_far_10.wav,RNNoise v0.2,284358,43d1655aec5b9f52e3e6f34285c12a334eb5f7df4c7e0d4c324e7f6e5053bc46,3.660360097885132,3.8854244888270864,3.0559780129875707,2.698700444621835
ms_realrec_english_male_SNR_33.68dB_Laptop_A8PJHNOLEDTZI_Clapping_far_10.wav,GTCRN,284358,43d1655aec5b9f52e3e6f34285c12a334eb5f7df4c7e0d4c324e7f6e5053bc46,3.768003463745117,4.0976904777012155,2.9993247651130415,2.741879922134786
ms_realrec_english_male_SNR_34.84dB_stationary_laptop_A2JA19C4Y5JZD3_AC_far_1.wav,Noisy,259590,77b8a9bf81257e013cbac88b796d96e1de7f71d0377f5a4413f460ec2e3dcaa4,2.6868269443511963,1.843241788149671,2.72345477543659,1.680132872543115
ms_realrec_english_male_SNR_34.84dB_stationary_laptop_A2JA19C4Y5JZD3_AC_far_1.wav,RNNoise v0.2,259590,77b8a9bf81257e013cbac88b796d96e1de7f71d0377f5a4413f460ec2e3dcaa4,2.803501844406128,3.283671327349545,2.4813231061344783,2.0264897025434006
ms_realrec_english_male_SNR_34.84dB_stationary_laptop_A2JA19C4Y5JZD3_AC_far_1.wav,GTCRN,259590,77b8a9bf81257e013cbac88b796d96e1de7f71d0377f5a4413f460ec2e3dcaa4,3.026380777359009,3.7553353684815485,2.046517015959129,1.8615708767270382
ms_realrec_english_male_SNR_34.85dB_webcam_A28O8I1SYFZO7A_ACfan_near_2.wav,Noisy,250646,2c0084ac58424df7bcd3d2cff0b8c3fbd3736d1680f7568229289f311da54786,3.3837404251098633,3.062639038815322,3.451611720859468,2.7870102113190716
ms_realrec_english_male_SNR_34.85dB_webcam_A28O8I1SYFZO7A_ACfan_near_2.wav,RNNoise v0.2,250646,2c0084ac58424df7bcd3d2cff0b8c3fbd3736d1680f7568229289f311da54786,3.677743911743164,3.8522200235355424,3.3075533556319265,2.952649480291066
ms_realrec_english_male_SNR_34.85dB_webcam_A28O8I1SYFZO7A_ACfan_near_2.wav,GTCRN,250646,2c0084ac58424df7bcd3d2cff0b8c3fbd3736d1680f7568229289f311da54786,3.5456113815307617,3.646048464129228,3.2674185943058753,2.830929547631767
ms_realrec_english_male_SNR_37.73dB_headset_kitchen-01.wav,Noisy,184504,7e7a81e8ba7faa1abce81c24ba7f33b7a395f69927d1578fa421dfd89bc0b8a6,2.7317593097686768,1.430736871659758,2.7943968853152743,1.5192554244917726
ms_realrec_english_male_SNR_37.73dB_headset_kitchen-01.wav,RNNoise v0.2,184504,7e7a81e8ba7faa1abce81c24ba7f33b7a395f69927d1578fa421dfd89bc0b8a6,3.401933193206787,3.269193999388678,2.4699189647437,2.096929826737533
ms_realrec_english_male_SNR_37.73dB_headset_kitchen-01.wav,GTCRN,184504,7e7a81e8ba7faa1abce81c24ba7f33b7a395f69927d1578fa421dfd89bc0b8a6,2.8882546424865723,3.7181683478457837,2.432889807744299,2.163338170817487
ms_realrec_english_male_SNR_38.0dB_laptop_A1Q7VWUBIJOK17_Typing_near.wav,Noisy,164212,36425bd151e5d00446d0583716a890c1fc0dd5e525eb8f1294fba7afc32b3caf,2.913398504257202,3.031455307821793,3.097927492822184,2.3549710935497212
ms_realrec_english_male_SNR_38.0dB_laptop_A1Q7VWUBIJOK17_Typing_near.wav,RNNoise v0.2,164212,36425bd151e5d00446d0583716a890c1fc0dd5e525eb8f1294fba7afc32b3caf,3.0444982051849365,3.870270465072542,2.8557875391349685,2.5811574599332703
ms_realrec_english_male_SNR_38.0dB_laptop_A1Q7VWUBIJOK17_Typing_near.wav,GTCRN,164212,36425bd151e5d00446d0583716a890c1fc0dd5e525eb8f1294fba7afc32b3caf,3.1555001735687256,3.9717487717907582,2.9466718317208374,2.7045361903335525
ms_realrec_english_male_SNR_44.77dB_stationary_laptop_A1Q7VWUBIJOK17_fan_near.wav,Noisy,199135,4f803876cfdd7b52c20f350de4d9cd9536998051d4b17b792c364e03b0c04797,3.1242246627807617,3.2137217515949126,3.3752412082095766,2.7351241774477866
ms_realrec_english_male_SNR_44.77dB_stationary_laptop_A1Q7VWUBIJOK17_fan_near.wav,RNNoise v0.2,199135,4f803876cfdd7b52c20f350de4d9cd9536998051d4b17b792c364e03b0c04797,3.3434412479400635,4.13974995785258,3.3646580828665495,3.123367232823409
ms_realrec_english_male_SNR_44.77dB_stationary_laptop_A1Q7VWUBIJOK17_fan_near.wav,GTCRN,199135,4f803876cfdd7b52c20f350de4d9cd9536998051d4b17b792c364e03b0c04797,3.5438358783721924,4.0692209761880624,3.1699794091470657,2.9211825889817624
ms_realrec_english_male_SNR_8.38dB_stationary_Mica_A1DCG37N0Y8BN0_fan_far_8.wav,Noisy,180744,0a38520456dd1ea5f3a72be4fd8512f9005fa7435e2d13e483995f838bd3bf51,2.327173948287964,1.9809300975661621,3.2133111055808117,1.9567451534215032
ms_realrec_english_male_SNR_8.38dB_stationary_Mica_A1DCG37N0Y8BN0_fan_far_8.wav,RNNoise v0.2,180744,0a38520456dd1ea5f3a72be4fd8512f9005fa7435e2d13e483995f838bd3bf51,3.2152390480041504,4.080677810663414,2.9265191497399656,2.701288938058102
ms_realrec_english_male_SNR_8.38dB_stationary_Mica_A1DCG37N0Y8BN0_fan_far_8.wav,GTCRN,180744,0a38520456dd1ea5f3a72be4fd8512f9005fa7435e2d13e483995f838bd3bf51,3.53133487701416,3.9914740673500173,2.7087861329004297,2.4786981409916384
ms_realrec_english_male_SNR_9.05dB_stationary_speaker_A1XUZFDVKP95VC_Fan_Far.wav,Noisy,234363,538242ecb5a51acb3211cbcc478881c833b72f40d04dbe9c543145395130c5a8,2.613285541534424,2.237071950544588,3.208826838305499,2.078546933064193
ms_realrec_english_male_SNR_9.05dB_stationary_speaker_A1XUZFDVKP95VC_Fan_Far.wav,RNNoise v0.2,234363,538242ecb5a51acb3211cbcc478881c833b72f40d04dbe9c543145395130c5a8,3.347313404083252,4.068950028997151,3.049548580085465,2.7324557701216015
ms_realrec_english_male_SNR_9.05dB_stationary_speaker_A1XUZFDVKP95VC_Fan_Far.wav,GTCRN,234363,538242ecb5a51acb3211cbcc478881c833b72f40d04dbe9c543145395130c5a8,3.424638032913208,4.030558802939956,2.8330316148867345,2.497129173778665
ms_realrec_english_male_SNR_9.28dB_headset_A1XUZFDVKP95VC_Water_far_7.wav,Noisy,206937,deb0dd43e792f8b46f4644e62f61aad6af1da35ddb7a5f7143c7708e6e6f0509,2.246248245239258,1.6547212000004097,2.0526453672941556,1.521923941033385
ms_realrec_english_male_SNR_9.28dB_headset_A1XUZFDVKP95VC_Water_far_7.wav,RNNoise v0.2,206937,deb0dd43e792f8b46f4644e62f61aad6af1da35ddb7a5f7143c7708e6e6f0509,2.529564142227173,4.031826217180716,2.460008598061708,2.078753390116161
ms_realrec_english_male_SNR_9.28dB_headset_A1XUZFDVKP95VC_Water_far_7.wav,GTCRN,206937,deb0dd43e792f8b46f4644e62f61aad6af1da35ddb7a5f7143c7708e6e6f0509,2.6878292560577393,3.9489865543885156,2.3258759660931467,2.0125370507409346
ms_realrec_musical_female_SNR_12.13dB_mac_XMQ6Y5VEXRUU_piano_far_12.wav,Noisy,216572,63623f61f40e7d6f3819b99c0f9eea7c830e2969e99b0004a2b71cb83a1f6668,2.7430171966552734,2.5641276960356523,3.5397521315903533,2.4938584594356557
ms_realrec_musical_female_SNR_12.13dB_mac_XMQ6Y5VEXRUU_piano_far_12.wav,RNNoise v0.2,216572,63623f61f40e7d6f3819b99c0f9eea7c830e2969e99b0004a2b71cb83a1f6668,2.9497995376586914,3.6215035935225792,3.2603954181001495,2.7616139228098726
ms_realrec_musical_female_SNR_12.13dB_mac_XMQ6Y5VEXRUU_piano_far_12.wav,GTCRN,216572,63623f61f40e7d6f3819b99c0f9eea7c830e2969e99b0004a2b71cb83a1f6668,3.3914999961853027,3.6695446724251184,3.2519189449319272,2.755870635886434
ms_realrec_musical_female_SNR_12.16dB_mac_XMQ6Y5VEXRUU_piano_far_5.wav,Noisy,212234,740395450fdae8cc773852a2edfb6d5b5147ddbf4d06e5a156d6207d0c35e0d8,2.68245530128479,2.228491526403841,3.528773413254179,2.344570495272369
ms_realrec_musical_female_SNR_12.16dB_mac_XMQ6Y5VEXRUU_piano_far_5.wav,RNNoise v0.2,212234,740395450fdae8cc773852a2edfb6d5b5147ddbf4d06e5a156d6207d0c35e0d8,3.3432388305664062,3.5946400517418517,3.266343213191764,2.766793885754231
ms_realrec_musical_female_SNR_12.16dB_mac_XMQ6Y5VEXRUU_piano_far_5.wav,GTCRN,212234,740395450fdae8cc773852a2edfb6d5b5147ddbf4d06e5a156d6207d0c35e0d8,3.32232928276062,3.659650667401601,3.2978937824351444,2.831686563974124
ms_realrec_musical_female_SNR_12.57dB_mac_XMQ6Y5VEXRUU_piano_far_7.wav,Noisy,213969,3ed0069a2af7ffe774f5ac31c69c5fb6edf85e711576fc182b23d28b248622db,2.688534736633301,2.3937957853533156,3.546212157792781,2.4582500863135093
ms_realrec_musical_female_SNR_12.57dB_mac_XMQ6Y5VEXRUU_piano_far_7.wav,RNNoise v0.2,213969,3ed0069a2af7ffe774f5ac31c69c5fb6edf85e711576fc182b23d28b248622db,3.376214027404785,3.8896207855895693,3.3030750906360096,2.9561544578447063
ms_realrec_musical_female_SNR_12.57dB_mac_XMQ6Y5VEXRUU_piano_far_7.wav,GTCRN,213969,3ed0069a2af7ffe774f5ac31c69c5fb6edf85e711576fc182b23d28b248622db,3.5877599716186523,3.8221852104862153,3.356275577455807,2.9631982156555763
ms_realrec_musical_female_SNR_13.28dB_mac_XMQ6Y5VEXRUU_piano_far_8.wav,Noisy,194013,05b90c6885c999a414e5c73a4b97657d1f2cb10ac9713317c3f2b30a1b074380,2.8392374515533447,2.5465036467657822,3.5987685136135013,2.549919849801776
ms_realrec_musical_female_SNR_13.28dB_mac_XMQ6Y5VEXRUU_piano_far_8.wav,RNNoise v0.2,194013,05b90c6885c999a414e5c73a4b97657d1f2cb10ac9713317c3f2b30a1b074380,3.3117523193359375,3.714449892156297,3.2611275702784206,2.812943976634886
ms_realrec_musical_female_SNR_13.28dB_mac_XMQ6Y5VEXRUU_piano_far_8.wav,GTCRN,194013,05b90c6885c999a414e5c73a4b97657d1f2cb10ac9713317c3f2b30a1b074380,3.4123289585113525,3.9020573633251856,3.0520640852334466,2.7485099150008967
ms_realrec_musical_female_SNR_13.33dB_mac_XMQ6Y5VEXRUU_piano_far_11.wav,Noisy,194881,2692d0ab38dea5d1a68e72868149c488e2093ed87d7020aea897da9f3c69c96c,2.576230525970459,2.0661061023435425,3.4679150158535825,2.3023462478792713
ms_realrec_musical_female_SNR_13.33dB_mac_XMQ6Y5VEXRUU_piano_far_11.wav,RNNoise v0.2,194881,2692d0ab38dea5d1a68e72868149c488e2093ed87d7020aea897da9f3c69c96c,2.762065887451172,3.640791991707006,3.1406230822234122,2.6765943154827423
ms_realrec_musical_female_SNR_13.33dB_mac_XMQ6Y5VEXRUU_piano_far_11.wav,GTCRN,194881,2692d0ab38dea5d1a68e72868149c488e2093ed87d7020aea897da9f3c69c96c,2.8577680587768555,3.7684817826222385,2.7959546356980938,2.5002370708309045
ms_realrec_musical_female_SNR_14.16dB_mac_XMQ6Y5VEXRUU_piano_far_9.wav,Noisy,206160,2f9184c8d37f2ebbeb91cf72a72edce76664824b4d78271097be9c44c80df92d,2.6982743740081787,2.3790276195909486,3.5358298489269973,2.4577255795463864
ms_realrec_musical_female_SNR_14.16dB_mac_XMQ6Y5VEXRUU_piano_far_9.wav,RNNoise v0.2,206160,2f9184c8d37f2ebbeb91cf72a72edce76664824b4d78271097be9c44c80df92d,3.260298013687134,3.6847358362475355,3.400612375233416,2.937564425768143
ms_realrec_musical_female_SNR_14.16dB_mac_XMQ6Y5VEXRUU_piano_far_9.wav,GTCRN,206160,2f9184c8d37f2ebbeb91cf72a72edce76664824b4d78271097be9c44c80df92d,3.646507978439331,3.9806153794778925,3.3915054336803436,3.1054310003040553
ms_realrec_musical_female_SNR_14.52dB_mac_XMQ6Y5VEXRUU_piano_far_2.wav,Noisy,246941,297fd0c6679cc9f8082f240adcbe9c3f59f474b668b847afa91a402615c6b9d2,2.5743424892425537,2.3505827122888507,3.3428171151083297,2.3437733785101225
ms_realrec_musical_female_SNR_14.52dB_mac_XMQ6Y5VEXRUU_piano_far_2.wav,RNNoise v0.2,246941,297fd0c6679cc9f8082f240adcbe9c3f59f474b668b847afa91a402615c6b9d2,3.332826614379883,3.8988856183180105,3.228453228683023,2.900888165434665
ms_realrec_musical_female_SNR_14.52dB_mac_XMQ6Y5VEXRUU_piano_far_2.wav,GTCRN,246941,297fd0c6679cc9f8082f240adcbe9c3f59f474b668b847afa91a402615c6b9d2,3.4380505084991455,3.8465065916738905,3.2524863878099204,2.8946910043166008
ms_realrec_musical_female_SNR_14.97dB_mac_XMQ6Y5VEXRUU_piano_far_4.wav,Noisy,279912,7475ded0dbe7b8d6a1587bf5ca4a00ebe20401b750b216f327c07132fb58d579,2.6759963035583496,2.5306695359380087,3.5693558773512826,2.5088388910301203
ms_realrec_musical_female_SNR_14.97dB_mac_XMQ6Y5VEXRUU_piano_far_4.wav,RNNoise v0.2,279912,7475ded0dbe7b8d6a1587bf5ca4a00ebe20401b750b216f327c07132fb58d579,3.130434513092041,3.68855896191627,3.3753064177876153,2.9049937320975343
ms_realrec_musical_female_SNR_14.97dB_mac_XMQ6Y5VEXRUU_piano_far_4.wav,GTCRN,279912,7475ded0dbe7b8d6a1587bf5ca4a00ebe20401b750b216f327c07132fb58d579,3.2368600368499756,3.740836287808817,3.308724465118153,2.8930355697011896
ms_realrec_musical_female_SNR_15.23dB_mac_XMQ6Y5VEXRUU_piano_far_1.wav,Noisy,339781,86e075f6c7a84eafd1c5dd06c53f215e80196ebb3a4df89004950a460829a9fa,2.8569979667663574,2.9593744747184734,3.659433969132347,2.7738381472585507
ms_realrec_musical_female_SNR_15.23dB_mac_XMQ6Y5VEXRUU_piano_far_1.wav,RNNoise v0.2,339781,86e075f6c7a84eafd1c5dd06c53f215e80196ebb3a4df89004950a460829a9fa,3.1898856163024902,4.092645045803456,3.4487881428418627,3.177579602386399
ms_realrec_musical_female_SNR_15.23dB_mac_XMQ6Y5VEXRUU_piano_far_1.wav,GTCRN,339781,86e075f6c7a84eafd1c5dd06c53f215e80196ebb3a4df89004950a460829a9fa,3.3168044090270996,3.9789652377965683,3.3452175814242753,3.032328206728216
ms_realrec_musical_female_SNR_15.75dB_mac_XMQ6Y5VEXRUU_piano_far_10.wav,Noisy,224381,404f761067a7af1c275966a94a30620884010980d0f303a9d92ec0cf8566088c,2.9866130352020264,2.2545475470965264,3.3355703676651047,2.2959053402676473
ms_realrec_musical_female_SNR_15.75dB_mac_XMQ6Y5VEXRUU_piano_far_10.wav,RNNoise v0.2,224381,404f761067a7af1c275966a94a30620884010980d0f303a9d92ec0cf8566088c,2.9748570919036865,2.945485089043735,3.072218458746222,2.3486714922219396
ms_realrec_musical_female_SNR_15.75dB_mac_XMQ6Y5VEXRUU_piano_far_10.wav,GTCRN,224381,404f761067a7af1c275966a94a30620884010980d0f303a9d92ec0cf8566088c,3.482701539993286,3.5436193849506403,2.9536503650288477,2.5044803989158675
ms_realrec_musical_female_SNR_15.75dB_mac_XMQ6Y5VEXRUU_piano_far_3.wav,Noisy,224381,1967d33b10de84e516fc0ba80cfe15118ae72ebd61a9b1f66efd342d389a777f,2.8923377990722656,2.6103765447974054,3.6104478390735535,2.5960182595121934
ms_realrec_musical_female_SNR_15.75dB_mac_XMQ6Y5VEXRUU_piano_far_3.wav,RNNoise v0.2,224381,1967d33b10de84e516fc0ba80cfe15118ae72ebd61a9b1f66efd342d389a777f,3.254328966140747,3.9129751501679495,3.356686387293762,3.0066639520871687
ms_realrec_musical_female_SNR_15.75dB_mac_XMQ6Y5VEXRUU_piano_far_3.wav,GTCRN,224381,1967d33b10de84e516fc0ba80cfe15118ae72ebd61a9b1f66efd342d389a777f,3.5345962047576904,3.9607868990854462,3.3230808157377196,3.0079745534780735
ms_realrec_musical_female_SNR_16.09dB_mac_XMQ6Y5VEXRUU_piano_far_6.wav,Noisy,247808,d9dcbce7f79276e8aee9e55648225720fb050333b2b07f7f27a54fca51acce8d,2.892202377319336,2.6218729592753878,3.4992729274726706,2.50241125095831
ms_realrec_musical_female_SNR_16.09dB_mac_XMQ6Y5VEXRUU_piano_far_6.wav,RNNoise v0.2,247808,d9dcbce7f79276e8aee9e55648225720fb050333b2b07f7f27a54fca51acce8d,3.5653603076934814,3.994866935830075,3.3873418783789293,3.095747624351823
ms_realrec_musical_female_SNR_16.09dB_mac_XMQ6Y5VEXRUU_piano_far_6.wav,GTCRN,247808,d9dcbce7f79276e8aee9e55648225720fb050333b2b07f7f27a54fca51acce8d,3.687976837158203,3.8903287739623167,3.339451099473067,2.9812520508797467
ms_realrec_musical_female_SNR_17.17dB_laptop_A3P4XZJM2DEATZ_guitar_far_10.wav,Noisy,207531,e233d8d11540c602144bdc7374976b2ac1339c00e00c45ebb9b827c42f10a789,3.3212032318115234,2.213436819790923,3.407865750080104,2.292882825423454
ms_realrec_musical_female_SNR_17.17dB_laptop_A3P4XZJM2DEATZ_guitar_far_10.wav,RNNoise v0.2,207531,e233d8d11540c602144bdc7374976b2ac1339c00e00c45ebb9b827c42f10a789,3.3681790828704834,2.5048005452242124,3.1373847424863217,2.2210952608908947
ms_realrec_musical_female_SNR_17.17dB_laptop_A3P4XZJM2DEATZ_guitar_far_10.wav,GTCRN,207531,e233d8d11540c602144bdc7374976b2ac1339c00e00c45ebb9b827c42f10a789,3.709421157836914,3.3021166755506584,2.499057234631239,2.122326680346302
ms_realrec_musical_female_SNR_17.85dB_headset_A2H95JVPEKRUWA_saxophone_far.wav,Noisy,232528,a62dd991e6f0d519262ec12a091bd47873831b23c8959e2ae005fe7709fff4ff,2.7316107749938965,2.186311316504249,2.78209969524183,1.9963880959505809
ms_realrec_musical_female_SNR_17.85dB_headset_A2H95JVPEKRUWA_saxophone_far.wav,RNNoise v0.2,232528,a62dd991e6f0d519262ec12a091bd47873831b23c8959e2ae005fe7709fff4ff,2.7445480823516846,2.2201910818938755,2.656195513079972,1.9127905907319729
ms_realrec_musical_female_SNR_17.85dB_headset_A2H95JVPEKRUWA_saxophone_far.wav,GTCRN,232528,a62dd991e6f0d519262ec12a091bd47873831b23c8959e2ae005fe7709fff4ff,3.308947801589966,3.6893654618676495,2.4138232890854057,2.1885277235548073
ms_realrec_musical_female_SNR_18.44dB_headset_A2H95JVPEKRUWA_flute_far_6.wav,Noisy,257296,69db56a69c4a2bc8b429f5778e99d43f37bdf5d48c40d77661c1e4f6b60acaf4,2.693129062652588,2.091008167397228,2.673620378262743,1.7485394462863624
ms_realrec_musical_female_SNR_18.44dB_headset_A2H95JVPEKRUWA_flute_far_6.wav,RNNoise v0.2,257296,69db56a69c4a2bc8b429f5778e99d43f37bdf5d48c40d77661c1e4f6b60acaf4,2.676659107208252,2.0811204923346174,2.6425075352202714,1.7420101176478207
ms_realrec_musical_female_SNR_18.44dB_headset_A2H95JVPEKRUWA_flute_far_6.wav,GTCRN,257296,69db56a69c4a2bc8b429f5778e99d43f37bdf5d48c40d77661c1e4f6b60acaf4,3.6000213623046875,3.882000090080801,2.3379960478652926,2.132701832390997
ms_realrec_musical_female_SNR_18.54dB_headset_A2H95JVPEKRUWA_cello_far_7.wav,Noisy,196064,4c61e222ff03d741f55f0dacf14670193900be6935016f8f1fac93dc5c95e888,2.711125373840332,2.5406299407535777,2.851555610868509,2.1588925302232607
ms_realrec_musical_female_SNR_18.54dB_headset_A2H95JVPEKRUWA_cello_far_7.wav,RNNoise v0.2,196064,4c61e222ff03d741f55f0dacf14670193900be6935016f8f1fac93dc5c95e888,2.7088277339935303,2.5066136398421195,2.7124714827476484,2.046031345198275
ms_realrec_musical_female_SNR_18.54dB_headset_A2H95JVPEKRUWA_cello_far_7.wav,GTCRN,196064,4c61e222ff03d741f55f0dacf14670193900be6935016f8f1fac93dc5c95e888,3.292616605758667,3.802478609223788,2.5402489281836558,2.3276331859348733
ms_realrec_musical_female_SNR_18.73dB_headset_A2H95JVPEKRUWA_clarinet_far_8.wav,Noisy,211659,9972df838c483905ee8acf8d09fa4264393089d9cfe4f7f39634042ad1ac7915,2.7382540702819824,2.0778409407862157,2.9221284766211544,1.924837287932182
ms_realrec_musical_female_SNR_18.73dB_headset_A2H95JVPEKRUWA_clarinet_far_8.wav,RNNoise v0.2,211659,9972df838c483905ee8acf8d09fa4264393089d9cfe4f7f39634042ad1ac7915,2.770313262939453,2.0309748703761215,2.9319758671679845,1.8987287832146211
ms_realrec_musical_female_SNR_18.73dB_headset_A2H95JVPEKRUWA_clarinet_far_8.wav,GTCRN,211659,9972df838c483905ee8acf8d09fa4264393089d9cfe4f7f39634042ad1ac7915,3.221761703491211,3.583134365436218,2.3807648765720595,2.100460250492071
ms_realrec_musical_female_SNR_18.82dB_laptop_A3P4XZJM2DEATZ_guitar_far_8.wav,Noisy,180928,95f28cb3ae832216d4f95a9d9fa10e55b69ebcf8a1f7add377510a183a21fdbb,3.063892364501953,2.3521879772997067,3.2649104444332364,2.2825670506727365
ms_realrec_musical_female_SNR_18.82dB_laptop_A3P4XZJM2DEATZ_guitar_far_8.wav,RNNoise v0.2,180928,95f28cb3ae832216d4f95a9d9fa10e55b69ebcf8a1f7add377510a183a21fdbb,3.15861177444458,2.3835344750835086,3.1165280024818394,2.19090744702606
ms_realrec_musical_female_SNR_18.82dB_laptop_A3P4XZJM2DEATZ_guitar_far_8.wav,GTCRN,180928,95f28cb3ae832216d4f95a9d9fa10e55b69ebcf8a1f7add377510a183a21fdbb,3.570345640182495,3.261985706757886,2.628177604300186,2.1821681556743844
ms_realrec_musical_female_SNR_20.05dB_laptop_A3P4XZJM2DEATZ_guitar_far_11.wav,Noisy,223355,d04dcf184c405c7f4d154451bdca1456b17cae4bb9fac6602e721278aaac90ba,3.0870485305786133,2.237399300989152,3.276165200230223,2.1722921272948206
ms_realrec_musical_female_SNR_20.05dB_laptop_A3P4XZJM2DEATZ_guitar_far_11.wav,RNNoise v0.2,223355,d04dcf184c405c7f4d154451bdca1456b17cae4bb9fac6602e721278aaac90ba,3.171905994415283,3.1286524913355707,2.665722997379552,2.150882804656178
ms_realrec_musical_female_SNR_20.05dB_laptop_A3P4XZJM2DEATZ_guitar_far_11.wav,GTCRN,223355,d04dcf184c405c7f4d154451bdca1456b17cae4bb9fac6602e721278aaac90ba,3.5136547088623047,3.7169055237126383,2.8898784747268813,2.5514539960308706
ms_realrec_musical_female_SNR_20.16dB_laptop_A3P4XZJM2DEATZ_guitar_far_7.wav,Noisy,233216,7ef1279dfda2bd55f06169b1e9e3f21bc0867d6282f72c533ead6d4de41b9e4a,3.2791504859924316,2.127775844703853,3.2800633563455364,2.141103194349923
ms_realrec_musical_female_SNR_20.16dB_laptop_A3P4XZJM2DEATZ_guitar_far_7.wav,RNNoise v0.2,233216,7ef1279dfda2bd55f06169b1e9e3f21bc0867d6282f72c533ead6d4de41b9e4a,3.3542590141296387,2.620063311949724,2.8998878243892916,2.110861047469118
ms_realrec_musical_female_SNR_20.16dB_laptop_A3P4XZJM2DEATZ_guitar_far_7.wav,GTCRN,233216,7ef1279dfda2bd55f06169b1e9e3f21bc0867d6282f72c533ead6d4de41b9e4a,3.4831035137176514,3.5387282574628154,2.4695280259169343,2.167426596951545
ms_realrec_musical_female_SNR_21.08dB_laptop_A3P4XZJM2DEATZ_guitar_far_9.wav,Noisy,225878,91551991e67fcd653ae20375906cd599c6b183277a58bcd0b8ff95ab3ac6a3ac,3.23736834526062,2.616231692075666,3.0947343414559656,2.2120802449356103
ms_realrec_musical_female_SNR_21.08dB_laptop_A3P4XZJM2DEATZ_guitar_far_9.wav,RNNoise v0.2,225878,91551991e67fcd653ae20375906cd599c6b183277a58bcd0b8ff95ab3ac6a3ac,3.2702536582946777,2.7997102986109526,2.960804277846063,2.245025356262487
ms_realrec_musical_female_SNR_21.08dB_laptop_A3P4XZJM2DEATZ_guitar_far_9.wav,GTCRN,225878,91551991e67fcd653ae20375906cd599c6b183277a58bcd0b8ff95ab3ac6a3ac,3.494913101196289,3.366878564706508,2.636854165162058,2.2439342226145014
ms_realrec_musical_female_SNR_21.29dB_laptop_A3P4XZJM2DEATZ_guitar_far_12.wav,Noisy,208907,765713ead27c87244a27b1ff9705d3b2803cf2c88692c475cd467c2492411ab3,3.174022674560547,2.1798910230410624,3.0779388775807117,2.037754622330766
ms_realrec_musical_female_SNR_21.29dB_laptop_A3P4XZJM2DEATZ_guitar_far_12.wav,RNNoise v0.2,208907,765713ead27c87244a27b1ff9705d3b2803cf2c88692c475cd467c2492411ab3,3.2772207260131836,2.2972317146800196,2.923323993048247,1.9510631136176273
ms_realrec_musical_female_SNR_21.29dB_laptop_A3P4XZJM2DEATZ_guitar_far_12.wav,GTCRN,208907,765713ead27c87244a27b1ff9705d3b2803cf2c88692c475cd467c2492411ab3,3.4050183296203613,2.882592087318601,2.5633841896453298,1.9931203412293703
ms_realrec_musical_female_SNR_21.33dB_laptop_A3P4XZJM2DEATZ_guitar_near_2.wav,Noisy,221520,523b585c9cd7a41320e51e4436773258c53b8f49f0ec1f6bd30e26f03dde022d,3.6075010299682617,2.608592324789232,3.3511767102144328,2.432828585842202
ms_realrec_musical_female_SNR_21.33dB_laptop_A3P4XZJM2DEATZ_guitar_near_2.wav,RNNoise v0.2,221520,523b585c9cd7a41320e51e4436773258c53b8f49f0ec1f6bd30e26f03dde022d,3.7623801231384277,3.236849833706561,2.9638754300235393,2.4329398480129316
ms_realrec_musical_female_SNR_21.33dB_laptop_A3P4XZJM2DEATZ_guitar_near_2.wav,GTCRN,221520,523b585c9cd7a41320e51e4436773258c53b8f49f0ec1f6bd30e26f03dde022d,3.829329490661621,3.525206582771161,3.0690006654863984,2.6223195539856343
ms_realrec_musical_female_SNR_21.92dB_laptop_A2ZK5I1MDWNPRU_far_9-05.wav,Noisy,298483,950ded401b91351fd941f66863bef75faad4d10df06d1fa96580baf68196a3c0,2.7163233757019043,2.4236278744562876,2.585846881349732,1.798441732807507
ms_realrec_musical_female_SNR_21.92dB_laptop_A2ZK5I1MDWNPRU_far_9-05.wav,RNNoise v0.2,298483,950ded401b91351fd941f66863bef75faad4d10df06d1fa96580baf68196a3c0,2.717444658279419,2.481519209568106,2.3813782077113745,1.732906087728749
ms_realrec_musical_female_SNR_21.92dB_laptop_A2ZK5I1MDWNPRU_far_9-05.wav,GTCRN,298483,950ded401b91351fd941f66863bef75faad4d10df06d1fa96580baf68196a3c0,2.7128732204437256,3.7322844025816244,2.0469021396624605,1.8123172635042515
ms_realrec_musical_female_SNR_22.19dB_laptop_A2ZK5I1MDWNPRU_far_9-01.wav,Noisy,342521,f6ae4ef986a9274fcb3b70627c449e309622b6db182294fdf5168e2e9f2b4add,2.9745676517486572,2.041129765612493,2.868304022729832,1.9914972409296574
ms_realrec_musical_female_SNR_22.19dB_laptop_A2ZK5I1MDWNPRU_far_9-01.wav,RNNoise v0.2,342521,f6ae4ef986a9274fcb3b70627c449e309622b6db182294fdf5168e2e9f2b4add,3.0144991874694824,2.121108474229189,2.936799669751323,2.0392120232419026
ms_realrec_musical_female_SNR_22.19dB_laptop_A2ZK5I1MDWNPRU_far_9-01.wav,GTCRN,342521,f6ae4ef986a9274fcb3b70627c449e309622b6db182294fdf5168e2e9f2b4add,3.048778533935547,3.4044773775294064,2.7424009573322228,2.268334943312399
ms_realrec_musical_female_SNR_22.93dB_laptop_A2ZK5I1MDWNPRU_far_9-02.wav,Noisy,313162,4bd4caf507a82ff4cbba464a6d02145596a4f6f6b62a247ee08888c5083a1f8c,3.092135190963745,2.1080668127228654,3.3252601828903603,2.1602417448377547
ms_realrec_musical_female_SNR_22.93dB_laptop_A2ZK5I1MDWNPRU_far_9-02.wav,RNNoise v0.2,313162,4bd4caf507a82ff4cbba464a6d02145596a4f6f6b62a247ee08888c5083a1f8c,3.134876012802124,2.2589181569790537,3.189314544127391,2.097190971181299
ms_realrec_musical_female_SNR_22.93dB_laptop_A2ZK5I1MDWNPRU_far_9-02.wav,GTCRN,313162,4bd4caf507a82ff4cbba464a6d02145596a4f6f6b62a247ee08888c5083a1f8c,3.331425189971924,3.6976008424513793,2.8810153490652906,2.501249976731739
ms_realrec_musical_female_SNR_23.23dB_headset_A2H95JVPEKRUWA_piano_far_1.wav,Noisy,276790,b6cc393c59d06cafbad07156b9befba682c5b525fdf5fdb4d19d071c9063e46d,3.214721918106079,2.073712237025146,2.568531620840737,1.807653972116906
ms_realrec_musical_female_SNR_23.23dB_headset_A2H95JVPEKRUWA_piano_far_1.wav,RNNoise v0.2,276790,b6cc393c59d06cafbad07156b9befba682c5b525fdf5fdb4d19d071c9063e46d,3.1982405185699463,2.173164901951322,2.732960681152334,1.8800283491436771
ms_realrec_musical_female_SNR_23.23dB_headset_A2H95JVPEKRUWA_piano_far_1.wav,GTCRN,276790,b6cc393c59d06cafbad07156b9befba682c5b525fdf5fdb4d19d071c9063e46d,3.3476638793945312,3.555667829846024,2.670008935212637,2.3386083440160568
ms_realrec_musical_female_SNR_23.2dB_laptop_A3P4XZJM2DEATZ_guitar_near_5.wav,Noisy,237344,db578c42cc1a2ed152c41393940efc45e180600ecf3c52fbc53dd7011c9c8a82,3.5361075401306152,2.7281763823760197,3.3399332305708436,2.5419765100128258
ms_realrec_musical_female_SNR_23.2dB_laptop_A3P4XZJM2DEATZ_guitar_near_5.wav,RNNoise v0.2,237344,db578c42cc1a2ed152c41393940efc45e180600ecf3c52fbc53dd7011c9c8a82,3.7048001289367676,3.6148539822731367,3.075640397132914,2.6720121515579196
ms_realrec_musical_female_SNR_23.2dB_laptop_A3P4XZJM2DEATZ_guitar_near_5.wav,GTCRN,237344,db578c42cc1a2ed152c41393940efc45e180600ecf3c52fbc53dd7011c9c8a82,3.88086199760437,3.6852144321685216,3.150741197476372,2.7629955031597913
ms_realrec_musical_female_SNR_23.36dB_headset_A2H95JVPEKRUWA_drums_far_4.wav,Noisy,310960,1385420a2f620e627e230dd69aace587a1182de886b3be8b1672edfe34b02aa5,2.8654041290283203,1.717173780927253,3.028727492732901,1.7763725028731485
ms_realrec_musical_female_SNR_23.36dB_headset_A2H95JVPEKRUWA_drums_far_4.wav,RNNoise v0.2,310960,1385420a2f620e627e230dd69aace587a1182de886b3be8b1672edfe34b02aa5,2.851013660430908,1.745653717689515,2.989213760370304,1.7456599761750549
ms_realrec_musical_female_SNR_23.36dB_headset_A2H95JVPEKRUWA_drums_far_4.wav,GTCRN,310960,1385420a2f620e627e230dd69aace587a1182de886b3be8b1672edfe34b02aa5,3.4195332527160645,3.8968904581686172,2.5655006418017097,2.3583473325697204
ms_realrec_musical_female_SNR_24.21dB_laptop_A2ZK5I1MDWNPRU_far_9-06.wav,Noisy,327842,c895e747a910eb50cfa2a0af242e913400a6203f0c7588a9bbbfced98a422a0e,2.8163795471191406,2.383385243569836,3.200662012098019,2.2421953810129085
ms_realrec_musical_female_SNR_24.21dB_laptop_A2ZK5I1MDWNPRU_far_9-06.wav,RNNoise v0.2,327842,c895e747a910eb50cfa2a0af242e913400a6203f0c7588a9bbbfced98a422a0e,2.7781879901885986,2.559188017337465,3.1933492314384746,2.301417603537352
ms_realrec_musical_female_SNR_24.21dB_laptop_A2ZK5I1MDWNPRU_far_9-06.wav,GTCRN,327842,c895e747a910eb50cfa2a0af242e913400a6203f0c7588a9bbbfced98a422a0e,2.9717183113098145,3.869094268570205,2.1259915188700194,1.9482267754489564
ms_realrec_musical_female_SNR_24.45dB_headset_A2H95JVPEKRUWA_guitar_far_2.wav,Noisy,236427,7d82ab85cba0113af0be99a824eb1e8bacbcd528d0679329aa0ebf03af0b2141,2.9066691398620605,1.8993436510159576,2.645587846103903,1.6731612251465102
ms_realrec_musical_female_SNR_24.45dB_headset_A2H95JVPEKRUWA_guitar_far_2.wav,RNNoise v0.2,236427,7d82ab85cba0113af0be99a824eb1e8bacbcd528d0679329aa0ebf03af0b2141,2.891099452972412,1.8317798041770625,2.638127402636923,1.6407994092258054
ms_realrec_musical_female_SNR_24.45dB_headset_A2H95JVPEKRUWA_guitar_far_2.wav,GTCRN,236427,7d82ab85cba0113af0be99a824eb1e8bacbcd528d0679329aa0ebf03af0b2141,3.3818695545196533,3.506306614337112,2.2839023615607807,1.9989033784028716
ms_realrec_musical_female_SNR_24.98dB_headset_A2H95JVPEKRUWA_sitar_far_12.wav,Noisy,261883,b14e70ccfe2eb2420aba99ae8ea82eee7b88c88bfc64baff084dc84159cc3d30,2.7077572345733643,2.2181327817132677,2.8055374329920335,2.0153004116054163
ms_realrec_musical_female_SNR_24.98dB_headset_A2H95JVPEKRUWA_sitar_far_12.wav,RNNoise v0.2,261883,b14e70ccfe2eb2420aba99ae8ea82eee7b88c88bfc64baff084dc84159cc3d30,2.710197687149048,2.207055818994799,2.6832547694865263,1.9349439873188794
ms_realrec_musical_female_SNR_24.98dB_headset_A2H95JVPEKRUWA_sitar_far_12.wav,GTCRN,261883,b14e70ccfe2eb2420aba99ae8ea82eee7b88c88bfc64baff084dc84159cc3d30,3.2302284240722656,3.7024172658828727,2.15816521059009,1.940722090410942
ms_realrec_musical_female_SNR_25.16dB_laptop_A3P4XZJM2DEATZ_guitar_near_4.wav,Noisy,213494,6026d7a58135d742a8894ce69584ad89715d1aa0e3c922d87c2f337f321ffc95,3.6109278202056885,2.4611673429395,3.1884474177057207,2.270965256436406
ms_realrec_musical_female_SNR_25.16dB_laptop_A3P4XZJM2DEATZ_guitar_near_4.wav,RNNoise v0.2,213494,6026d7a58135d742a8894ce69584ad89715d1aa0e3c922d87c2f337f321ffc95,3.7284352779388428,2.7824305458356635,3.1474975019218796,2.4072852347828237
ms_realrec_musical_female_SNR_25.16dB_laptop_A3P4XZJM2DEATZ_guitar_near_4.wav,GTCRN,213494,6026d7a58135d742a8894ce69584ad89715d1aa0e3c922d87c2f337f321ffc95,3.9118313789367676,3.2941255572379973,3.016875188293161,2.5062450251273374
ms_realrec_musical_female_SNR_25.66dB_headset_A2H95JVPEKRUWA_accordion_far.wav,Noisy,227254,934eea1332a6f9b87706a299f979ab4baf709164530e29794cadbbbaa85e7278,2.8286337852478027,2.026333431466128,2.6615215057002315,1.7330529322584773
ms_realrec_musical_female_SNR_25.66dB_headset_A2H95JVPEKRUWA_accordion_far.wav,RNNoise v0.2,227254,934eea1332a6f9b87706a299f979ab4baf709164530e29794cadbbbaa85e7278,2.800933599472046,2.0716480144104183,2.5655630059730816,1.6939889525057414
ms_realrec_musical_female_SNR_25.66dB_headset_A2H95JVPEKRUWA_accordion_far.wav,GTCRN,227254,934eea1332a6f9b87706a299f979ab4baf709164530e29794cadbbbaa85e7278,3.470001697540283,3.761440100943909,2.28442283388546,2.0553187660986243
ms_realrec_musical_female_SNR_26.2dB_laptop_A3P4XZJM2DEATZ_guitar_near_1.wav,Noisy,233216,169185cb60190e1278f24c3d9678436238d50252127417187c083c9b139ccfb5,3.4618747234344482,2.6582777033052514,3.422903409005284,2.529383123483732
ms_realrec_musical_female_SNR_26.2dB_laptop_A3P4XZJM2DEATZ_guitar_near_1.wav,RNNoise v0.2,233216,169185cb60190e1278f24c3d9678436238d50252127417187c083c9b139ccfb5,3.6346733570098877,2.820593035098736,3.269333621304503,2.483723152367048
ms_realrec_musical_female_SNR_26.2dB_laptop_A3P4XZJM2DEATZ_guitar_near_1.wav,GTCRN,233216,169185cb60190e1278f24c3d9678436238d50252127417187c083c9b139ccfb5,3.636664867401123,3.596755290425402,3.1403898976372977,2.709350190037853
ms_realrec_musical_female_SNR_26.7dB_laptop_A2ZK5I1MDWNPRU_far_9-03.wav,Noisy,274017,ea1de83afabe077d416d4cfc87fc6ff8049bab6081a764ee1a880ed9a72a86ee,2.8970255851745605,2.255842409003107,3.2656808175131675,2.188141272819495
ms_realrec_musical_female_SNR_26.7dB_laptop_A2ZK5I1MDWNPRU_far_9-03.wav,RNNoise v0.2,274017,ea1de83afabe077d416d4cfc87fc6ff8049bab6081a764ee1a880ed9a72a86ee,2.957876443862915,2.459585076632803,3.070325558837923,2.0815622994319205
ms_realrec_musical_female_SNR_26.7dB_laptop_A2ZK5I1MDWNPRU_far_9-03.wav,GTCRN,274017,ea1de83afabe077d416d4cfc87fc6ff8049bab6081a764ee1a880ed9a72a86ee,3.1822545528411865,3.510006936685579,2.7317990133287853,2.3409208217949122
ms_realrec_musical_female_SNR_26.8dB_laptop_A2ZK5I1MDWNPRU_far_9-04.wav,Noisy,283803,ae35404d37e6c196784382c3cd6b9756fc32d3bb386fb18d5246d279bbb5dc7c,2.9502670764923096,2.3934159020147066,3.2515737640041205,2.243772007779005
ms_realrec_musical_female_SNR_26.8dB_laptop_A2ZK5I1MDWNPRU_far_9-04.wav,RNNoise v0.2,283803,ae35404d37e6c196784382c3cd6b9756fc32d3bb386fb18d5246d279bbb5dc7c,3.1478374004364014,2.9485301755891453,3.069782574947534,2.3511821882070643
ms_realrec_musical_female_SNR_26.8dB_laptop_A2ZK5I1MDWNPRU_far_9-04.wav,GTCRN,283803,ae35404d37e6c196784382c3cd6b9756fc32d3bb386fb18d5246d279bbb5dc7c,3.3166842460632324,3.5695744819312134,2.725575335117416,2.3348824811318685
ms_realrec_musical_female_SNR_27.66dB_laptop_A3P4XZJM2DEATZ_guitar_near_6.wav,Noisy,227254,fc479bd6a56d3ca94840dfaa515f634e85380776524e5e51f667d4fb0d452d0e,3.5632643699645996,2.665210526249186,3.43043647912459,2.4998846577853877
ms_realrec_musical_female_SNR_27.66dB_laptop_A3P4XZJM2DEATZ_guitar_near_6.wav,RNNoise v0.2,227254,fc479bd6a56d3ca94840dfaa515f634e85380776524e5e51f667d4fb0d452d0e,3.8059329986572266,3.33424950641558,3.215070879641624,2.648475422637838
ms_realrec_musical_female_SNR_27.66dB_laptop_A3P4XZJM2DEATZ_guitar_near_6.wav,GTCRN,227254,fc479bd6a56d3ca94840dfaa515f634e85380776524e5e51f667d4fb0d452d0e,3.7555503845214844,3.5074518464699396,3.238363105476253,2.7467995524826487
ms_realrec_musical_female_SNR_28.94dB_headset_A2H95JVPEKRUWA_harp_far_10.wav,Noisy,301328,4352f138959a19443ee78049d5e0d4472fdc29e64bbdc33d0fda8321d11567a5,3.0091869831085205,2.19384606047183,3.0943091083111356,2.121967016125573
ms_realrec_musical_female_SNR_28.94dB_headset_A2H95JVPEKRUWA_harp_far_10.wav,RNNoise v0.2,301328,4352f138959a19443ee78049d5e0d4472fdc29e64bbdc33d0fda8321d11567a5,3.0030174255371094,2.279870161758537,3.0894212653997366,2.157358945487998
ms_realrec_musical_female_SNR_28.94dB_headset_A2H95JVPEKRUWA_harp_far_10.wav,GTCRN,301328,4352f138959a19443ee78049d5e0d4472fdc29e64bbdc33d0fda8321d11567a5,3.631295919418335,3.680361077728589,2.7291694873913537,2.4268125665103417
ms_realrec_musical_female_SNR_29.33dB_headset_A2H95JVPEKRUWA_violin_far_3.wav,Noisy,188726,64478b0634a802cdbc82db2dcb6fba03688e5e727f33e952c84a54983feae9e5,2.4657249450683594,1.7955544207280172,2.9995813734478762,1.797261795345159
ms_realrec_musical_female_SNR_29.33dB_headset_A2H95JVPEKRUWA_violin_far_3.wav,RNNoise v0.2,188726,64478b0634a802cdbc82db2dcb6fba03688e5e727f33e952c84a54983feae9e5,2.4701900482177734,1.8057300409532575,2.8448454928589904,1.7198235466620937
ms_realrec_musical_female_SNR_29.33dB_headset_A2H95JVPEKRUWA_violin_far_3.wav,GTCRN,188726,64478b0634a802cdbc82db2dcb6fba03688e5e727f33e952c84a54983feae9e5,3.2601613998413086,3.743474382931101,2.409760126056207,2.159744781939282
ms_realrec_musical_female_SNR_29.87dB_headset_A2H95JVPEKRUWA_trumpet_far.wav,Noisy,217392,01a804db5d30d1bb06e14f9b69aa2178fe144422d643f47fdd8a7298f9863316,2.8918516635894775,2.1796232685191885,2.8811583546275576,1.888710975434527
ms_realrec_musical_female_SNR_29.87dB_headset_A2H95JVPEKRUWA_trumpet_far.wav,RNNoise v0.2,217392,01a804db5d30d1bb06e14f9b69aa2178fe144422d643f47fdd8a7298f9863316,2.8975961208343506,2.1283246145103907,2.8821912147091235,1.8556907299205039
ms_realrec_musical_female_SNR_29.87dB_headset_A2H95JVPEKRUWA_trumpet_far.wav,GTCRN,217392,01a804db5d30d1bb06e14f9b69aa2178fe144422d643f47fdd8a7298f9863316,3.2900991439819336,3.560022008808971,2.153733451036268,1.897687172448433
ms_realrec_musical_female_SNR_31.05dB_laptop_A3P4XZJM2DEATZ_guitar_near_3.wav,Noisy,257296,d1ec62da3eea72b5cd70e683f2810d5a6c53f777f396ec73e8d8edf4497662e9,3.497246026992798,2.773181464107662,3.384497419759626,2.5686770796330722
ms_realrec_musical_female_SNR_31.05dB_laptop_A3P4XZJM2DEATZ_guitar_near_3.wav,RNNoise v0.2,257296,d1ec62da3eea72b5cd70e683f2810d5a6c53f777f396ec73e8d8edf4497662e9,3.703061819076538,2.952757312472059,3.1907530728906797,2.4988828447673086
ms_realrec_musical_female_SNR_31.05dB_laptop_A3P4XZJM2DEATZ_guitar_near_3.wav,GTCRN,257296,d1ec62da3eea72b5cd70e683f2810d5a6c53f777f396ec73e8d8edf4497662e9,3.850221872329712,3.4386064211796072,3.121740616258127,2.6490826661216076
ms_realrec_musical_male_SNR_16.78dB_laptop_A2UTUL6ZW905WI_drums_near_8.wav,Noisy,242445,c2a13ad45155ba37a89ce0ffcc4ec40aba4f4630bd952ee84dce4264567a2db8,2.6300582885742188,1.8248909473287869,3.3104164944798407,2.011779792418723
ms_realrec_musical_male_SNR_16.78dB_laptop_A2UTUL6ZW905WI_drums_near_8.wav,RNNoise v0.2,242445,c2a13ad45155ba37a89ce0ffcc4ec40aba4f4630bd952ee84dce4264567a2db8,3.4087588787078857,4.132689258338807,3.2658362879572866,3.0412274428820907
ms_realrec_musical_male_SNR_16.78dB_laptop_A2UTUL6ZW905WI_drums_near_8.wav,GTCRN,242445,c2a13ad45155ba37a89ce0ffcc4ec40aba4f4630bd952ee84dce4264567a2db8,3.6369686126708984,4.026803618756287,3.1048391736625245,2.8426020463388184
ms_realrec_musical_male_SNR_17.15dB_laptop_A2UTUL6ZW905WI_piano_near_2.wav,Noisy,194145,f52f89270160efc93d261739a361ffb0405d5ae8c1c2432eacbe8e108a328b4f,2.9083755016326904,1.9971929100348962,3.2869092060918264,2.191972818155966
ms_realrec_musical_male_SNR_17.15dB_laptop_A2UTUL6ZW905WI_piano_near_2.wav,RNNoise v0.2,194145,f52f89270160efc93d261739a361ffb0405d5ae8c1c2432eacbe8e108a328b4f,3.4178104400634766,3.7674903519711105,3.349053616901974,2.943708190058825
ms_realrec_musical_male_SNR_17.15dB_laptop_A2UTUL6ZW905WI_piano_near_2.wav,GTCRN,194145,f52f89270160efc93d261739a361ffb0405d5ae8c1c2432eacbe8e108a328b4f,3.8096683025360107,3.758075679176715,3.366108311696575,2.947098776498978
ms_realrec_musical_male_SNR_17.51dB_laptop_A2UTUL6ZW905WI_violin_far_5.wav,Noisy,233921,a4681422cb184b6ea9bef7ef5e13649010a169291e8b6c4d88a18619998fa80a,2.6883983612060547,2.051400934065795,3.6268170022569706,2.2684291486309958
ms_realrec_musical_male_SNR_17.51dB_laptop_A2UTUL6ZW905WI_violin_far_5.wav,RNNoise v0.2,233921,a4681422cb184b6ea9bef7ef5e13649010a169291e8b6c4d88a18619998fa80a,2.999303102493286,3.9306317217850077,3.3512932732275305,3.010802591563311
ms_realrec_musical_male_SNR_17.51dB_laptop_A2UTUL6ZW905WI_violin_far_5.wav,GTCRN,233921,a4681422cb184b6ea9bef7ef5e13649010a169291e8b6c4d88a18619998fa80a,3.621741533279419,4.057697116878137,3.3357745651653965,3.068856936090173
ms_realrec_musical_male_SNR_17.72dB_laptop_A2UTUL6ZW905WI_guitar_far_3.wav,Noisy,201248,18a32d6b0bd5887f11ac1fc434efe3fc4f77f67155295780237d7cc409d679d1,2.5306193828582764,2.3878740638039235,3.4485691714118665,2.3074782862113583
ms_realrec_musical_male_SNR_17.72dB_laptop_A2UTUL6ZW905WI_guitar_far_3.wav,RNNoise v0.2,201248,18a32d6b0bd5887f11ac1fc434efe3fc4f77f67155295780237d7cc409d679d1,3.227769136428833,3.0411929823149184,3.3276216833681502,2.6033626681380437
ms_realrec_musical_male_SNR_17.72dB_laptop_A2UTUL6ZW905WI_guitar_far_3.wav,GTCRN,201248,18a32d6b0bd5887f11ac1fc434efe3fc4f77f67155295780237d7cc409d679d1,3.5487852096557617,3.6869354488639643,3.056249792289059,2.694532284975575
ms_realrec_musical_male_SNR_18.59dB_headset_A14A5PT5LISHA3_piano_near_1.wav,Noisy,227712,dac5ea1cb322f940ae54f9ee80a05ce687510b96a3b1614bc6dd909ff78865d3,3.1567375659942627,3.1163241170809366,3.4132007439623804,2.697050358536677
ms_realrec_musical_male_SNR_18.59dB_headset_A14A5PT5LISHA3_piano_near_1.wav,RNNoise v0.2,227712,dac5ea1cb322f940ae54f9ee80a05ce687510b96a3b1614bc6dd909ff78865d3,3.5690970420837402,3.731849003893602,3.1549262695523095,2.7646003387167584
ms_realrec_musical_male_SNR_18.59dB_headset_A14A5PT5LISHA3_piano_near_1.wav,GTCRN,227712,dac5ea1cb322f940ae54f9ee80a05ce687510b96a3b1614bc6dd909ff78865d3,3.508378505706787,3.8126568389002173,3.269758013191089,2.8730521905167854
ms_realrec_musical_male_SNR_18.59dB_laptop_A2UTUL6ZW905WI_guitar_near_4.wav,Noisy,262806,d1580f91bbb07d445c41324d41c064d13bef902aab89c712f1039c886fdbff96,2.864776611328125,2.2497944648070334,3.528066368934385,2.3238403353070836
ms_realrec_musical_male_SNR_18.59dB_laptop_A2UTUL6ZW905WI_guitar_near_4.wav,RNNoise v0.2,262806,d1580f91bbb07d445c41324d41c064d13bef902aab89c712f1039c886fdbff96,3.457052707672119,3.624311454359154,3.377238832526287,2.875937231547678
ms_realrec_musical_male_SNR_18.59dB_laptop_A2UTUL6ZW905WI_guitar_near_4.wav,GTCRN,262806,d1580f91bbb07d445c41324d41c064d13bef902aab89c712f1039c886fdbff96,3.7211127281188965,3.9141173311482507,3.281287885893897,2.9663347277627183
ms_realrec_musical_male_SNR_19.52dB_laptop_A9AP3ED0K8LS8_guitar_far_10.wav,Noisy,192262,b2b39dd920768255d4e1228fbb94dbcfd76bd5fd4aa4b19824ae162bf58259e8,2.6483423709869385,1.7043112977439876,2.466753381198144,1.6419394127218727
ms_realrec_musical_male_SNR_19.52dB_laptop_A9AP3ED0K8LS8_guitar_far_10.wav,RNNoise v0.2,192262,b2b39dd920768255d4e1228fbb94dbcfd76bd5fd4aa4b19824ae162bf58259e8,2.622910737991333,2.6929376502597813,2.1270943683295807,1.7013163371190616
ms_realrec_musical_male_SNR_19.52dB_laptop_A9AP3ED0K8LS8_guitar_far_10.wav,GTCRN,192262,b2b39dd920768255d4e1228fbb94dbcfd76bd5fd4aa4b19824ae162bf58259e8,2.8533265590667725,3.1450807759107238,2.0114531103732927,1.7254704968114003
ms_realrec_musical_male_SNR_19.59dB_laptop_A9AP3ED0K8LS8_guitar_far_11.wav,Noisy,219754,ca2acd9a96afb334ec6b28b9bdc8850fb24e112c6cdc608cfbeabd93759cbc5c,2.761929512023926,1.9058889494588347,2.4543981929984535,1.682985436808701
ms_realrec_musical_male_SNR_19.59dB_laptop_A9AP3ED0K8LS8_guitar_far_11.wav,RNNoise v0.2,219754,ca2acd9a96afb334ec6b28b9bdc8850fb24e112c6cdc608cfbeabd93759cbc5c,2.937229633331299,2.7716471014611592,2.162645614053052,1.713790350392367
ms_realrec_musical_male_SNR_19.59dB_laptop_A9AP3ED0K8LS8_guitar_far_11.wav,GTCRN,219754,ca2acd9a96afb334ec6b28b9bdc8850fb24e112c6cdc608cfbeabd93759cbc5c,3.1534693241119385,3.6185782047429838,1.872148742907235,1.7079509789961516
ms_realrec_musical_male_SNR_19.73dB_headset_A14A5PT5LISHA3_piano_far_9.wav,Noisy,200192,fa3f5090c3b2f13c49086759014426f9169d6e7931f1fb6854dec0de8f163244,3.092961549758911,3.6253725803258785,3.214496279898564,2.775153179912562
ms_realrec_musical_male_SNR_19.73dB_headset_A14A5PT5LISHA3_piano_far_9.wav,RNNoise v0.2,200192,fa3f5090c3b2f13c49086759014426f9169d6e7931f1fb6854dec0de8f163244,3.549907684326172,3.9851990263054247,3.193401153808466,2.894790469480766
ms_realrec_musical_male_SNR_19.73dB_headset_A14A5PT5LISHA3_piano_far_9.wav,GTCRN,200192,fa3f5090c3b2f13c49086759014426f9169d6e7931f1fb6854dec0de8f163244,3.6073615550994873,4.047190381310653,3.3966824623124996,3.0861415998927395
ms_realrec_musical_male_SNR_20.02dB_laptop_A9AP3ED0K8LS8_guitar_far_7.wav,Noisy,195700,8297e64f5d57fa1bff99c78dd134f9e8d2abcf074b8e4d1eefa7155a762a35b7,2.729276418685913,2.0127715332947527,2.767597183168841,1.7468535927937765
ms_realrec_musical_male_SNR_20.02dB_laptop_A9AP3ED0K8LS8_guitar_far_7.wav,RNNoise v0.2,195700,8297e64f5d57fa1bff99c78dd134f9e8d2abcf074b8e4d1eefa7155a762a35b7,2.7662248611450195,2.1048481342105565,2.4325743056894713,1.6148204276098965
ms_realrec_musical_male_SNR_20.02dB_laptop_A9AP3ED0K8LS8_guitar_far_7.wav,GTCRN,195700,8297e64f5d57fa1bff99c78dd134f9e8d2abcf074b8e4d1eefa7155a762a35b7,3.102437734603882,3.269960932089036,1.6857986789595554,1.5037860730661665
ms_realrec_musical_male_SNR_20.35dB_laptop_A2UTUL6ZW905WI_harp_near_12.wav,Noisy,239603,11790ca0e9bb4c2fa5dc620a56d9d72d12932b89b008eb1a6241d69419f506b4,2.8216254711151123,2.401942257467691,3.519704221198752,2.4461431838246015
ms_realrec_musical_male_SNR_20.35dB_laptop_A2UTUL6ZW905WI_harp_near_12.wav,RNNoise v0.2,239603,11790ca0e9bb4c2fa5dc620a56d9d72d12932b89b008eb1a6241d69419f506b4,3.4968197345733643,3.4132437698353018,3.3627150290528314,2.783781503869732
ms_realrec_musical_male_SNR_20.35dB_laptop_A2UTUL6ZW905WI_harp_near_12.wav,GTCRN,239603,11790ca0e9bb4c2fa5dc620a56d9d72d12932b89b008eb1a6241d69419f506b4,3.872032642364502,3.9548433494344075,3.2389654552534095,2.9414505083233107
ms_realrec_musical_male_SNR_20.35dB_laptop_A2UTUL6ZW905WI_piano_far_1.wav,Noisy,197460,68dc4b93dffba9809f66b530a23a0df032dd25578e29f83f966a3e3151c20347,2.965636968612671,2.636214985163171,3.6256589905317504,2.5985138301067443
ms_realrec_musical_male_SNR_20.35dB_laptop_A2UTUL6ZW905WI_piano_far_1.wav,RNNoise v0.2,197460,68dc4b93dffba9809f66b530a23a0df032dd25578e29f83f966a3e3151c20347,3.277459144592285,2.8779365550160776,3.2439324088685217,2.440194286546331
ms_realrec_musical_male_SNR_20.35dB_laptop_A2UTUL6ZW905WI_piano_far_1.wav,GTCRN,197460,68dc4b93dffba9809f66b530a23a0df032dd25578e29f83f966a3e3151c20347,3.761786699295044,3.409861991437922,3.0101882430057834,2.5196065708524884
ms_realrec_musical_male_SNR_20.62dB_laptop_A2UTUL6ZW905WI_violin_near_6.wav,Noisy,296426,ddfa32aced113ce3d70312843a2769b6c46b44a88e941828a62ae909fdd715cc,2.6265742778778076,1.93744028183959,3.597356769595046,2.1856239886652618
ms_realrec_musical_male_SNR_20.62dB_laptop_A2UTUL6ZW905WI_violin_near_6.wav,RNNoise v0.2,296426,ddfa32aced113ce3d70312843a2769b6c46b44a88e941828a62ae909fdd715cc,3.0309770107269287,3.831963486306496,3.386405472964968,3.0186937406037067
ms_realrec_musical_male_SNR_20.62dB_laptop_A2UTUL6ZW905WI_violin_near_6.wav,GTCRN,296426,ddfa32aced113ce3d70312843a2769b6c46b44a88e941828a62ae909fdd715cc,3.754878520965576,3.7992210897333365,3.299004102989291,2.9324392743483836
ms_realrec_musical_male_SNR_21.04dB_headset_A14A5PT5LISHA3_piano_far_10.wav,Noisy,212576,830377c17d2bd9d8cb3101e020dcc5b471b9f994a5bce8cbe07dea092733a152,3.204630136489868,3.3389488511474714,3.2866262931130024,2.6613375761627625
ms_realrec_musical_male_SNR_21.04dB_headset_A14A5PT5LISHA3_piano_far_10.wav,RNNoise v0.2,212576,830377c17d2bd9d8cb3101e020dcc5b471b9f994a5bce8cbe07dea092733a152,3.6614816188812256,3.9138947697531936,3.245477944674614,2.897558144842673
ms_realrec_musical_male_SNR_21.04dB_headset_A14A5PT5LISHA3_piano_far_10.wav,GTCRN,212576,830377c17d2bd9d8cb3101e020dcc5b471b9f994a5bce8cbe07dea092733a152,3.792178153991699,4.009021363363822,3.2694383663736426,2.926372785353955
ms_realrec_musical_male_SNR_21.63dB_headset_A14A5PT5LISHA3_piano_far_7.wav,Noisy,217851,8b985e412692fa5b7439c583f8bfd62aeaa10db9191413360d6975516bec5f4c,3.0511631965637207,3.756713798080206,3.256868945549708,2.7852974112659323
ms_realrec_musical_male_SNR_21.63dB_headset_A14A5PT5LISHA3_piano_far_7.wav,RNNoise v0.2,217851,8b985e412692fa5b7439c583f8bfd62aeaa10db9191413360d6975516bec5f4c,3.350092887878418,4.047978706218894,3.3000161594072095,2.967193931026035
ms_realrec_musical_male_SNR_21.63dB_headset_A14A5PT5LISHA3_piano_far_7.wav,GTCRN,217851,8b985e412692fa5b7439c583f8bfd62aeaa10db9191413360d6975516bec5f4c,3.2969422340393066,4.096809809264796,3.2480110597502803,2.925494208062817
ms_realrec_musical_male_SNR_21.97dB_headset_A14A5PT5LISHA3_piano_far_6.wav,Noisy,252939,d2d7417bc1528840f5925c427c61fe78345c53b29043c8be50456ba42cee133e,3.3947856426239014,3.049451938349705,3.4996403543875787,2.74689216612229
ms_realrec_musical_male_SNR_21.97dB_headset_A14A5PT5LISHA3_piano_far_6.wav,RNNoise v0.2,252939,d2d7417bc1528840f5925c427c61fe78345c53b29043c8be50456ba42cee133e,3.761850357055664,3.9812076269206145,3.4190896988756627,3.0920110496436277
ms_realrec_musical_male_SNR_21.97dB_headset_A14A5PT5LISHA3_piano_far_6.wav,GTCRN,252939,d2d7417bc1528840f5925c427c61fe78345c53b29043c8be50456ba42cee133e,3.732407569885254,4.031783108380389,3.426929555879582,3.125360131609838
ms_realrec_musical_male_SNR_22.12dB_laptop_A9AP3ED0K8LS8_guitar_near_6.wav,Noisy,241702,0be68da1ea6aad93081be4eaa73f34b8e0274199620a56d603afea8c22db94ba,2.665621042251587,1.7168872487139966,2.8576984721982366,1.665793490316462
ms_realrec_musical_male_SNR_22.12dB_laptop_A9AP3ED0K8LS8_guitar_near_6.wav,RNNoise v0.2,241702,0be68da1ea6aad93081be4eaa73f34b8e0274199620a56d603afea8c22db94ba,2.6879310607910156,2.013497453444588,2.0272273600015587,1.4732891581693854
ms_realrec_musical_male_SNR_22.12dB_laptop_A9AP3ED0K8LS8_guitar_near_6.wav,GTCRN,241702,0be68da1ea6aad93081be4eaa73f34b8e0274199620a56d603afea8c22db94ba,2.9398601055145264,3.1983744967692433,1.9552826943196935,1.6727974924152915
ms_realrec_musical_male_SNR_22.17dB_laptop_A2UTUL6ZW905WI_drums_far_7.wav,Noisy,222083,129f4dd9d046635aa019196242579ffb083d33be0c65c73fc30e479740db7935,2.451157569885254,1.6059447781905232,2.4392145356288926,1.587842745772864
ms_realrec_musical_male_SNR_22.17dB_laptop_A2UTUL6ZW905WI_drums_far_7.wav,RNNoise v0.2,222083,129f4dd9d046635aa019196242579ffb083d33be0c65c73fc30e479740db7935,3.17722225189209,4.004877569742576,2.823645505345582,2.580315060670497
ms_realrec_musical_male_SNR_22.17dB_laptop_A2UTUL6ZW905WI_drums_far_7.wav,GTCRN,222083,129f4dd9d046635aa019196242579ffb083d33be0c65c73fc30e479740db7935,3.3002772331237793,3.9723353973905517,2.8198957958282382,2.5662213542320647
ms_realrec_musical_male_SNR_22.29dB_laptop_A9AP3ED0K8LS8_guitar_near_1.wav,Noisy,358203,ed3724c95c710d6d41b8ff4a0c5c91bc3d8f5dbe0ee22a68b76e944c6ffea129,2.5965635776519775,1.7859459264797657,2.61245270667341,1.715598655708147
ms_realrec_musical_male_SNR_22.29dB_laptop_A9AP3ED0K8LS8_guitar_near_1.wav,RNNoise v0.2,358203,ed3724c95c710d6d41b8ff4a0c5c91bc3d8f5dbe0ee22a68b76e944c6ffea129,2.5833544731140137,1.8158801958557418,2.512900258568398,1.610380620981314
ms_realrec_musical_male_SNR_22.29dB_laptop_A9AP3ED0K8LS8_guitar_near_1.wav,GTCRN,358203,ed3724c95c710d6d41b8ff4a0c5c91bc3d8f5dbe0ee22a68b76e944c6ffea129,2.9572505950927734,3.2065951315223287,2.073078574665731,1.7934471608791898
ms_realrec_musical_male_SNR_22.61dB_laptop_A2UTUL6ZW905WI_saxophone_far.wav,Noisy,239130,14e7a9314d8e155b707c7e1bf9175903dc0a924adaf0d06cc6c8593c2f8c182c,2.6581225395202637,1.708413324318471,3.519011460057321,2.0006763916994172
ms_realrec_musical_male_SNR_22.61dB_laptop_A2UTUL6ZW905WI_saxophone_far.wav,RNNoise v0.2,239130,14e7a9314d8e155b707c7e1bf9175903dc0a924adaf0d06cc6c8593c2f8c182c,2.724379301071167,3.508689331561024,3.244989538202353,2.6772767520929066
ms_realrec_musical_male_SNR_22.61dB_laptop_A2UTUL6ZW905WI_saxophone_far.wav,GTCRN,239130,14e7a9314d8e155b707c7e1bf9175903dc0a924adaf0d06cc6c8593c2f8c182c,3.517347812652588,3.9664672484802415,3.282469499573498,2.9709849023044304
ms_realrec_musical_male_SNR_22.77dB_laptop_A9AP3ED0K8LS8_guitar_far_12.wav,Noisy,240559,8bc39654265dd21dec662d355e5e5c4a37cf5fe264622e4327fdf7b10895eda2,2.6131703853607178,1.713469189812397,2.8221853038239444,1.719034130602281
ms_realrec_musical_male_SNR_22.77dB_laptop_A9AP3ED0K8LS8_guitar_far_12.wav,RNNoise v0.2,240559,8bc39654265dd21dec662d355e5e5c4a37cf5fe264622e4327fdf7b10895eda2,2.8329741954803467,3.104479174374786,2.27275508634042,1.8819998026636517
ms_realrec_musical_male_SNR_22.77dB_laptop_A9AP3ED0K8LS8_guitar_far_12.wav,GTCRN,240559,8bc39654265dd21dec662d355e5e5c4a37cf5fe264622e4327fdf7b10895eda2,2.8468990325927734,2.8920008905056847,2.516104444443569,1.899231156189724
ms_realrec_musical_male_SNR_23.29dB_laptop_A2UTUL6ZW905WI_harp_far_11.wav,Noisy,233448,44beaf41ce6cd22c3fef5c0ce4439ecfdc911e17f6bec86828d785cc51ba2898,2.55610728263855,2.4720783235690496,3.659315526567729,2.5313029968192318
ms_realrec_musical_male_SNR_23.29dB_laptop_A2UTUL6ZW905WI_harp_far_11.wav,RNNoise v0.2,233448,44beaf41ce6cd22c3fef5c0ce4439ecfdc911e17f6bec86828d785cc51ba2898,3.179778575897217,3.0429961522368707,3.329513970631774,2.6012871754645244
ms_realrec_musical_male_SNR_23.29dB_laptop_A2UTUL6ZW905WI_harp_far_11.wav,GTCRN,233448,44beaf41ce6cd22c3fef5c0ce4439ecfdc911e17f6bec86828d785cc51ba2898,3.691514492034912,3.8332911817990594,3.2794684273817,2.9131517662234496
ms_realrec_musical_male_SNR_23.34dB_laptop_A9AP3ED0K8LS8_guitar_far_9.wav,Noisy,196720,6ba7d9a36b582f4c9b7a9f720fd21aa898a0013d4299f7e8f07abcf6c0e6f9e5,2.5757343769073486,1.964667507234956,2.913259117878056,1.8571838351959427
ms_realrec_musical_male_SNR_23.34dB_laptop_A9AP3ED0K8LS8_guitar_far_9.wav,RNNoise v0.2,196720,6ba7d9a36b582f4c9b7a9f720fd21aa898a0013d4299f7e8f07abcf6c0e6f9e5,2.604820489883423,2.7166926486800187,2.043607813009635,1.5935564164749243
ms_realrec_musical_male_SNR_23.34dB_laptop_A9AP3ED0K8LS8_guitar_far_9.wav,GTCRN,196720,6ba7d9a36b582f4c9b7a9f720fd21aa898a0013d4299f7e8f07abcf6c0e6f9e5,2.806032419204712,3.165790114784668,1.7008812841479461,1.4890397803487438
ms_realrec_musical_male_SNR_23.69dB_laptop_A9AP3ED0K8LS8_guitar_near_4.wav,Noisy,222208,b3940d7a2ca39148ed885e6f7880a2ac1e47f57acd19ceacca841e65983937f5,2.7340645790100098,1.6546318768972208,3.008068778454052,1.7878742646777586
ms_realrec_musical_male_SNR_23.69dB_laptop_A9AP3ED0K8LS8_guitar_near_4.wav,RNNoise v0.2,222208,b3940d7a2ca39148ed885e6f7880a2ac1e47f57acd19ceacca841e65983937f5,2.7597033977508545,1.494103939904373,2.565409603969798,1.5361306995150585
ms_realrec_musical_male_SNR_23.69dB_laptop_A9AP3ED0K8LS8_guitar_near_4.wav,GTCRN,222208,b3940d7a2ca39148ed885e6f7880a2ac1e47f57acd19ceacca841e65983937f5,2.818873167037964,3.2716808543554547,2.0760219822039074,1.7908980712193743
ms_realrec_musical_male_SNR_24.83dB_headset_A14A5PT5LISHA3_piano_far_12.wav,Noisy,195835,53def0078de9de07b93d719480c009de56b3a1b0aa5971d5b40fb32d142567b0,3.4446375370025635,3.183658898643093,3.5937425459142314,2.7568935964524663
ms_realrec_musical_male_SNR_24.83dB_headset_A14A5PT5LISHA3_piano_far_12.wav,RNNoise v0.2,195835,53def0078de9de07b93d719480c009de56b3a1b0aa5971d5b40fb32d142567b0,4.016345977783203,3.5063315154429433,3.471926111719055,2.870848928012459
ms_realrec_musical_male_SNR_24.83dB_headset_A14A5PT5LISHA3_piano_far_12.wav,GTCRN,195835,53def0078de9de07b93d719480c009de56b3a1b0aa5971d5b40fb32d142567b0,4.0406813621521,3.8279035944353517,3.528874032503879,3.066913036741495
ms_realrec_musical_male_SNR_25.24dB_headset_A14A5PT5LISHA3_piano_near_2.wav,Noisy,196523,74212955f5e26bf8d5c31a70d9eda21fe3c8adf00572190f8ee70d8ea8b8d15b,3.738398790359497,3.1584735637283075,3.545989606608314,2.857092370065969
ms_realrec_musical_male_SNR_25.24dB_headset_A14A5PT5LISHA3_piano_near_2.wav,RNNoise v0.2,196523,74212955f5e26bf8d5c31a70d9eda21fe3c8adf00572190f8ee70d8ea8b8d15b,3.9112813472747803,3.780469285627882,3.3919287942159637,3.0093141869199442
ms_realrec_musical_male_SNR_25.24dB_headset_A14A5PT5LISHA3_piano_near_2.wav,GTCRN,196523,74212955f5e26bf8d5c31a70d9eda21fe3c8adf00572190f8ee70d8ea8b8d15b,3.921961545944214,4.073016939398344,3.3459232858728307,3.1128463511116036
ms_realrec_musical_male_SNR_25.2dB_laptop_A9AP3ED0K8LS8_guitar_near_3.wav,Noisy,308208,e0a3138124cfa93eaf82b49c6c707b8319e50a5bd70cfc4ff1c2bf651cec4a5f,2.7432212829589844,1.835278938554336,3.0059598605322506,1.8773791907394222
ms_realrec_musical_male_SNR_25.2dB_laptop_A9AP3ED0K8LS8_guitar_near_3.wav,RNNoise v0.2,308208,e0a3138124cfa93eaf82b49c6c707b8319e50a5bd70cfc4ff1c2bf651cec4a5f,2.7106010913848877,1.9114524165835338,2.4310768320452647,1.6332603518261912
ms_realrec_musical_male_SNR_25.2dB_laptop_A9AP3ED0K8LS8_guitar_near_3.wav,GTCRN,308208,e0a3138124cfa93eaf82b49c6c707b8319e50a5bd70cfc4ff1c2bf651cec4a5f,2.9231433868408203,3.1358842826507685,1.999934514451633,1.7257933737881461
ms_realrec_musical_male_SNR_26.42dB_laptop_A9AP3ED0K8LS8_guitar_near_5.wav,Noisy,192624,8b0e500974238a7690426441df44214dd31aba3be738e97e26567c7b33e76e97,2.7856953144073486,1.6799542664925626,2.9832717081761033,1.7491512368790507
ms_realrec_musical_male_SNR_26.42dB_laptop_A9AP3ED0K8LS8_guitar_near_5.wav,RNNoise v0.2,192624,8b0e500974238a7690426441df44214dd31aba3be738e97e26567c7b33e76e97,2.6033754348754883,1.9256203294176382,2.3573735818720447,1.5711423907235977
ms_realrec_musical_male_SNR_26.42dB_laptop_A9AP3ED0K8LS8_guitar_near_5.wav,GTCRN,192624,8b0e500974238a7690426441df44214dd31aba3be738e97e26567c7b33e76e97,2.902761459350586,3.248065267913405,1.823167569948328,1.6159632133946173
ms_realrec_musical_male_SNR_27.05dB_headset_A14A5PT5LISHA3_piano_far_11.wav,Noisy,264176,ac10abb660b4f3f53f0b77d1c279ba48167d85f87cce661a1d2326ba85b3b660,3.299004077911377,3.302379435259952,3.5037173388512324,2.788971572663976
ms_realrec_musical_male_SNR_27.05dB_headset_A14A5PT5LISHA3_piano_far_11.wav,RNNoise v0.2,264176,ac10abb660b4f3f53f0b77d1c279ba48167d85f87cce661a1d2326ba85b3b660,3.84710431098938,3.9276336773451055,3.4022706689432276,3.007160884700205
ms_realrec_musical_male_SNR_27.05dB_headset_A14A5PT5LISHA3_piano_far_11.wav,GTCRN,264176,ac10abb660b4f3f53f0b77d1c279ba48167d85f87cce661a1d2326ba85b3b660,3.9629788398742676,3.9516718496039798,3.493907846663383,3.1033731533773357
ms_realrec_musical_male_SNR_27.12dB_headset_A14A5PT5LISHA3_piano_far_8.wav,Noisy,254315,fe8ce317f9afa1b757a17ce31b983220d4d57eaa032e8bef2c250dd8bdd3369e,3.230520486831665,3.556277000535477,3.4897962370015834,2.923428914372931
ms_realrec_musical_male_SNR_27.12dB_headset_A14A5PT5LISHA3_piano_far_8.wav,RNNoise v0.2,254315,fe8ce317f9afa1b757a17ce31b983220d4d57eaa032e8bef2c250dd8bdd3369e,3.7442705631256104,3.9878717014931273,3.43510752484709,3.0788759184376677
ms_realrec_musical_male_SNR_27.12dB_headset_A14A5PT5LISHA3_piano_far_8.wav,GTCRN,254315,fe8ce317f9afa1b757a17ce31b983220d4d57eaa032e8bef2c250dd8bdd3369e,3.7619941234588623,4.004260192914978,3.411785557966406,3.064953113926679
ms_realrec_musical_male_SNR_27.4dB_headset_A14A5PT5LISHA3_piano_near_5.wav,Noisy,300640,f3eb76cd5586985213641ae1097fb40135c0f0c9a0c55cff54283bebc6bde87a,3.624889850616455,3.1664787264162686,3.489240605764036,2.820774728474558
ms_realrec_musical_male_SNR_27.4dB_headset_A14A5PT5LISHA3_piano_near_5.wav,RNNoise v0.2,300640,f3eb76cd5586985213641ae1097fb40135c0f0c9a0c55cff54283bebc6bde87a,3.846794366836548,3.7687414883368047,3.3896259689864445,2.99778262554969
ms_realrec_musical_male_SNR_27.4dB_headset_A14A5PT5LISHA3_piano_near_5.wav,GTCRN,300640,f3eb76cd5586985213641ae1097fb40135c0f0c9a0c55cff54283bebc6bde87a,3.839224100112915,4.074784908944554,3.5686289484360283,3.29407909932328
ms_realrec_musical_male_SNR_27.66dB_laptop_A9AP3ED0K8LS8_guitar_far_8.wav,Noisy,182992,1ba59b545ba52023ece6912501866ed697072a804fc2058c38fb18d41959790b,2.8210372924804688,2.1257514642731143,2.6815191732794834,1.850543495822739
ms_realrec_musical_male_SNR_27.66dB_laptop_A9AP3ED0K8LS8_guitar_far_8.wav,RNNoise v0.2,182992,1ba59b545ba52023ece6912501866ed697072a804fc2058c38fb18d41959790b,2.875290870666504,2.8361100012249256,2.110600949248865,1.6830004722767327
ms_realrec_musical_male_SNR_27.66dB_laptop_A9AP3ED0K8LS8_guitar_far_8.wav,GTCRN,182992,1ba59b545ba52023ece6912501866ed697072a804fc2058c38fb18d41959790b,2.960554361343384,3.2812715198757827,1.6845543332773285,1.613475828737633
ms_realrec_musical_male_SNR_28.33dB_headset_A14A5PT5LISHA3_piano_near_3.wav,Noisy,241702,8bc80728bcdf67d7e15f7f6e801f298987f48e0f9477bff90571b3327be2a6cc,3.586606740951538,3.32946248952666,3.5040135867233855,2.9158414871835565
ms_realrec_musical_male_SNR_28.33dB_headset_A14A5PT5LISHA3_piano_near_3.wav,RNNoise v0.2,241702,8bc80728bcdf67d7e15f7f6e801f298987f48e0f9477bff90571b3327be2a6cc,3.7060773372650146,3.9094675105221106,3.4484838345364004,3.120250578537646
ms_realrec_musical_male_SNR_28.33dB_headset_A14A5PT5LISHA3_piano_near_3.wav,GTCRN,241702,8bc80728bcdf67d7e15f7f6e801f298987f48e0f9477bff90571b3327be2a6cc,3.750617265701294,4.155507431031094,3.588252186742119,3.352915487591025
ms_realrec_musical_male_SNR_28.75dB_laptop_A2UTUL6ZW905WI_saxophone_near.wav,Noisy,301161,7d592583231edbde3568529a3a83080db960c55234900605cfb12bdded6c7eed,2.7723348140716553,1.547340749993767,3.5256204034507657,1.9618551223481937
ms_realrec_musical_male_SNR_28.75dB_laptop_A2UTUL6ZW905WI_saxophone_near.wav,RNNoise v0.2,301161,7d592583231edbde3568529a3a83080db960c55234900605cfb12bdded6c7eed,3.14306378364563,3.497109980472676,3.3339125781378276,2.817560291413937
ms_realrec_musical_male_SNR_28.75dB_laptop_A2UTUL6ZW905WI_saxophone_near.wav,GTCRN,301161,7d592583231edbde3568529a3a83080db960c55234900605cfb12bdded6c7eed,3.500112295150757,3.968235846591155,3.37939042997506,3.068013710124313
ms_realrec_musical_male_SNR_28.75dB_laptop_A9AP3ED0K8LS8_guitar_near_2.wav,Noisy,218016,b54930fb119b41ff162547ca3bc992adc1dc5fc61a202eb60fced2d98673e519,2.8637490272521973,1.6998801986357144,2.81559525304805,1.7231741260629252
ms_realrec_musical_male_SNR_28.75dB_laptop_A9AP3ED0K8LS8_guitar_near_2.wav,RNNoise v0.2,218016,b54930fb119b41ff162547ca3bc992adc1dc5fc61a202eb60fced2d98673e519,2.8999080657958984,1.8078869180083113,2.3932274194712146,1.5297674601105706
ms_realrec_musical_male_SNR_28.75dB_laptop_A9AP3ED0K8LS8_guitar_near_2.wav,GTCRN,218016,b54930fb119b41ff162547ca3bc992adc1dc5fc61a202eb60fced2d98673e519,3.318453788757324,3.183589673016937,1.9191761404860619,1.6535940887900333
ms_realrec_musical_male_SNR_28.98dB_headset_A14A5PT5LISHA3_piano_near_4.wav,Noisy,252939,23c2af5bb965c48301197a601865f024673e58c69f609302948eae95c84e79c2,3.6518096923828125,3.1683853089865184,3.5470942729461132,2.866574091224825
ms_realrec_musical_male_SNR_28.98dB_headset_A14A5PT5LISHA3_piano_near_4.wav,RNNoise v0.2,252939,23c2af5bb965c48301197a601865f024673e58c69f609302948eae95c84e79c2,3.9475061893463135,3.9831648213808566,3.352526000015331,3.0529363270244794
ms_realrec_musical_male_SNR_28.98dB_headset_A14A5PT5LISHA3_piano_near_4.wav,GTCRN,252939,23c2af5bb965c48301197a601865f024673e58c69f609302948eae95c84e79c2,3.86026668548584,4.0037037027286315,3.1916695844364167,2.923617253353221
ms_realrec_nonenglish_female_SNR_16.35dB_laptop_mic_speech_noise_music_4_1.wav,Noisy,192000,3ca5258593c6346b7fdafc6f2351115c2943e9e243066018b5d67beb90286073,2.7618014812469482,2.68908508292574,3.657483629097874,2.641119337126357
ms_realrec_nonenglish_female_SNR_16.35dB_laptop_mic_speech_noise_music_4_1.wav,RNNoise v0.2,192000,3ca5258593c6346b7fdafc6f2351115c2943e9e243066018b5d67beb90286073,3.0690860748291016,2.896063191831365,3.488168905144956,2.656418026353218
ms_realrec_nonenglish_female_SNR_16.35dB_laptop_mic_speech_noise_music_4_1.wav,GTCRN,192000,3ca5258593c6346b7fdafc6f2351115c2943e9e243066018b5d67beb90286073,3.4896771907806396,3.864697969010481,3.367956778564252,3.0026190830814232
ms_realrec_nonenglish_female_SNR_16.74dB_laptop_mic_speech_noise_5_1.wav,Noisy,192000,08cc3c44e78ac3babc4b10495950724851a71480c512c6923e0f50046e7d7278,2.6619088649749756,1.4492402556500623,1.5731873438240906,1.2403744955612621
ms_realrec_nonenglish_female_SNR_16.74dB_laptop_mic_speech_noise_5_1.wav,RNNoise v0.2,192000,08cc3c44e78ac3babc4b10495950724851a71480c512c6923e0f50046e7d7278,2.850571393966675,3.0820836284926667,2.2751643561473642,1.9264407240427543
ms_realrec_nonenglish_female_SNR_16.74dB_laptop_mic_speech_noise_5_1.wav,GTCRN,192000,08cc3c44e78ac3babc4b10495950724851a71480c512c6923e0f50046e7d7278,2.7387008666992188,3.1032604012286984,2.155343965230398,1.7854995442663586
ms_realrec_nonenglish_female_SNR_17.66dB_punjabipart_5.wav,Noisy,192000,cd82bb12f99110671e74b92429f04e90c5ce1b4731f42e0fdfc2f02bf9950aba,2.4433767795562744,2.2313466584842274,2.816551781085531,1.9254391235163926
ms_realrec_nonenglish_female_SNR_17.66dB_punjabipart_5.wav,RNNoise v0.2,192000,cd82bb12f99110671e74b92429f04e90c5ce1b4731f42e0fdfc2f02bf9950aba,2.431165933609009,2.879566066776377,2.8936438109321396,2.1575123702099934
ms_realrec_nonenglish_female_SNR_17.66dB_punjabipart_5.wav,GTCRN,192000,cd82bb12f99110671e74b92429f04e90c5ce1b4731f42e0fdfc2f02bf9950aba,2.610311508178711,3.7074680361806522,2.5240355557756478,2.1163100041097778
ms_realrec_nonenglish_female_SNR_18.34dB_punjabipart_3.wav,Noisy,192000,a76e6dc8c654a160cc35e1cf792f74a38d4790e99e68f081f9fd27b19796c50a,2.8920936584472656,3.0977172870465317,2.8214543837688577,2.2274303098594412
ms_realrec_nonenglish_female_SNR_18.34dB_punjabipart_3.wav,RNNoise v0.2,192000,a76e6dc8c654a160cc35e1cf792f74a38d4790e99e68f081f9fd27b19796c50a,3.170360803604126,3.714290293060524,2.9582806660806633,2.562574119377388
ms_realrec_nonenglish_female_SNR_18.34dB_punjabipart_3.wav,GTCRN,192000,a76e6dc8c654a160cc35e1cf792f74a38d4790e99e68f081f9fd27b19796c50a,3.3927299976348877,3.8602938736803094,2.952334138252682,2.599945011390174
ms_realrec_nonenglish_female_SNR_18.46dB_laptop_mic_speech_noise_5_0.wav,Noisy,192000,d6775788f89b7f3b935ed9eac9477006e98d48fc29403e108c3d552b7071e2ff,2.657602310180664,1.7083449786969382,2.226778054099446,1.6193480537833136
ms_realrec_nonenglish_female_SNR_18.46dB_laptop_mic_speech_noise_5_0.wav,RNNoise v0.2,192000,d6775788f89b7f3b935ed9eac9477006e98d48fc29403e108c3d552b7071e2ff,2.832124710083008,2.92863660743549,2.3133970204866867,1.9148940081776964
ms_realrec_nonenglish_female_SNR_18.46dB_laptop_mic_speech_noise_5_0.wav,GTCRN,192000,d6775788f89b7f3b935ed9eac9477006e98d48fc29403e108c3d552b7071e2ff,2.7512524127960205,3.3080180775292924,2.286097406871312,1.9639444671252828
ms_realrec_nonenglish_female_SNR_18.72dB_laptop_mic_speech_noise_music_4_2.wav,Noisy,176180,f82b058c180a475aae992a26edc165d82c5bf9b54116b5c1f7d3e4296b6f0cd7,2.723094940185547,1.5114462110210063,2.4799559738329338,1.5470437034958184
ms_realrec_nonenglish_female_SNR_18.72dB_laptop_mic_speech_noise_music_4_2.wav,RNNoise v0.2,176180,f82b058c180a475aae992a26edc165d82c5bf9b54116b5c1f7d3e4296b6f0cd7,3.1388893127441406,2.280100706911209,3.325251724406283,2.2456183502793152
ms_realrec_nonenglish_female_SNR_18.72dB_laptop_mic_speech_noise_music_4_2.wav,GTCRN,176180,f82b058c180a475aae992a26edc165d82c5bf9b54116b5c1f7d3e4296b6f0cd7,3.567291259765625,3.7777069302504223,3.2549060743422054,2.8855256037994694
ms_realrec_nonenglish_female_SNR_18.81dB_laptop_mic_speech_noise_music_4_0.wav,Noisy,192000,d278207c702e4eeba65c2f9cbb1a4cec712ce5b584db47c60b62c1a86a64d997,2.8716020584106445,2.4781453983205526,3.3956303234858396,2.3750064572946243
ms_realrec_nonenglish_female_SNR_18.81dB_laptop_mic_speech_noise_music_4_0.wav,RNNoise v0.2,192000,d278207c702e4eeba65c2f9cbb1a4cec712ce5b584db47c60b62c1a86a64d997,2.895284652709961,2.666236059504403,3.213032992395076,2.339311769720809
ms_realrec_nonenglish_female_SNR_18.81dB_laptop_mic_speech_noise_music_4_0.wav,GTCRN,192000,d278207c702e4eeba65c2f9cbb1a4cec712ce5b584db47c60b62c1a86a64d997,3.354389190673828,3.685624182449782,2.998796253168661,2.634142400250098
ms_realrec_nonenglish_female_SNR_19.46dB_laptop_mic_speech_noise_3_1.wav,Noisy,192000,6a4d2639f3573d827f3173db5e1ccd894b48d04dcb2887255954dfcadf8e4400,3.4157378673553467,3.9600239044239385,3.4188951466263724,3.095704397991167
ms_realrec_nonenglish_female_SNR_19.46dB_laptop_mic_speech_noise_3_1.wav,RNNoise v0.2,192000,6a4d2639f3573d827f3173db5e1ccd894b48d04dcb2887255954dfcadf8e4400,3.4255764484405518,4.057631791929681,3.497829797744306,3.207684385441985
ms_realrec_nonenglish_female_SNR_19.46dB_laptop_mic_speech_noise_3_1.wav,GTCRN,192000,6a4d2639f3573d827f3173db5e1ccd894b48d04dcb2887255954dfcadf8e4400,3.5539703369140625,4.043129935262578,3.4552124127543116,3.163361235800194
ms_realrec_nonenglish_female_SNR_19.58dB_punjabipart_7.wav,Noisy,150576,5fbd7b5aec3f724ae8bc5781c542560cd9d5ceaa8dfb25fdc18ec98bb17d0390,2.4010841846466064,2.652012522131412,3.011984839176684,2.2310000269239816
ms_realrec_nonenglish_female_SNR_19.58dB_punjabipart_7.wav,RNNoise v0.2,150576,5fbd7b5aec3f724ae8bc5781c542560cd9d5ceaa8dfb25fdc18ec98bb17d0390,2.4564931392669678,2.9939864820779962,3.031155863570792,2.3701655054411237
ms_realrec_nonenglish_female_SNR_19.58dB_punjabipart_7.wav,GTCRN,150576,5fbd7b5aec3f724ae8bc5781c542560cd9d5ceaa8dfb25fdc18ec98bb17d0390,2.979631185531616,3.7485566816859484,3.096179318570527,2.7301005295218856
ms_realrec_nonenglish_female_SNR_20.27dB_punjabipart_6.wav,Noisy,192000,28e6d594acd81e3b17bee3e08c6e8ae7c818529301f076f0139e0323474ff9d9,2.770869016647339,2.436177647976475,3.057637508285436,2.2017748820812764
ms_realrec_nonenglish_female_SNR_20.27dB_punjabipart_6.wav,RNNoise v0.2,192000,28e6d594acd81e3b17bee3e08c6e8ae7c818529301f076f0139e0323474ff9d9,3.120249032974243,3.870268112273294,3.069088305226318,2.729484850324306
ms_realrec_nonenglish_female_SNR_20.27dB_punjabipart_6.wav,GTCRN,192000,28e6d594acd81e3b17bee3e08c6e8ae7c818529301f076f0139e0323474ff9d9,3.30985426902771,3.8776001302120187,3.078691327066563,2.754500023229472
ms_realrec_nonenglish_female_SNR_22.08dB_punjabipart_1.wav,Noisy,192000,4cca2092517634476f2fba0ff94f255c0ffc5e1c9ad793fc40f0af8bcc245c27,2.7149851322174072,2.9557649245098587,3.1314114633913603,2.4128247612252087
ms_realrec_nonenglish_female_SNR_22.08dB_punjabipart_1.wav,RNNoise v0.2,192000,4cca2092517634476f2fba0ff94f255c0ffc5e1c9ad793fc40f0af8bcc245c27,3.1386375427246094,3.9548595092700225,3.2942173841641407,2.9382499211251414
ms_realrec_nonenglish_female_SNR_22.08dB_punjabipart_1.wav,GTCRN,192000,4cca2092517634476f2fba0ff94f255c0ffc5e1c9ad793fc40f0af8bcc245c27,3.0960733890533447,4.060130617528885,3.3385821035253933,3.047089030569482
ms_realrec_nonenglish_female_SNR_22.2dB_headset_6_spanish_1.wav,Noisy,192000,07aa1a7e4a34a412c11fb265c97ccc7d33e907b8acacb3d6fa82bc43495c1493,3.436366081237793,3.640010126306043,3.552767538819641,3.064028186658941
ms_realrec_nonenglish_female_SNR_22.2dB_headset_6_spanish_1.wav,RNNoise v0.2,192000,07aa1a7e4a34a412c11fb265c97ccc7d33e907b8acacb3d6fa82bc43495c1493,3.5906760692596436,4.155844695401755,3.5975416210254174,3.350375930956865
ms_realrec_nonenglish_female_SNR_22.2dB_headset_6_spanish_1.wav,GTCRN,192000,07aa1a7e4a34a412c11fb265c97ccc7d33e907b8acacb3d6fa82bc43495c1493,3.582845687866211,4.212345764794695,3.5728685500625894,3.3514611273736747
ms_realrec_nonenglish_female_SNR_22.53dB_punjabipart_2.wav,Noisy,192000,6e84e7024e5d29b7afac490bbfc86cb351d033464647aa2ff84369a1e3cd53e7,3.188532590866089,3.799473794550018,3.1084848213666234,2.768749667070118
ms_realrec_nonenglish_female_SNR_22.53dB_punjabipart_2.wav,RNNoise v0.2,192000,6e84e7024e5d29b7afac490bbfc86cb351d033464647aa2ff84369a1e3cd53e7,3.351355791091919,3.9644551458444965,3.1924944506279544,2.9028378495241522
ms_realrec_nonenglish_female_SNR_22.53dB_punjabipart_2.wav,GTCRN,192000,6e84e7024e5d29b7afac490bbfc86cb351d033464647aa2ff84369a1e3cd53e7,3.4623937606811523,4.151478184272862,3.4309359950628777,3.197226448385177
ms_realrec_nonenglish_female_SNR_22.57dB_mandarin_surface_babycry_1part_1.wav,Noisy,192000,745b7f8d8026a1521a5a7a7b9ab1ab7c83ddab67fef479029b6f9da5c3951b5d,2.754894256591797,2.701590728697281,2.9285560387819607,2.1131485164264165
ms_realrec_nonenglish_female_SNR_22.57dB_mandarin_surface_babycry_1part_1.wav,RNNoise v0.2,192000,745b7f8d8026a1521a5a7a7b9ab1ab7c83ddab67fef479029b6f9da5c3951b5d,2.8690099716186523,3.360704924233254,2.7927863415770484,2.333554671943865
ms_realrec_nonenglish_female_SNR_22.57dB_mandarin_surface_babycry_1part_1.wav,GTCRN,192000,745b7f8d8026a1521a5a7a7b9ab1ab7c83ddab67fef479029b6f9da5c3951b5d,3.3139050006866455,3.7841556427995204,3.0975168657188537,2.76628097864359
ms_realrec_nonenglish_female_SNR_22.77dB_punjabipart_0.wav,Noisy,192000,7f7ac946584238d416ee1d3915b8f7c0bd99b8af47f9c2c19280dd5b8a7ad15f,3.3846302032470703,3.6044099911387577,3.451075809588683,2.933346532645602
ms_realrec_nonenglish_female_SNR_22.77dB_punjabipart_0.wav,RNNoise v0.2,192000,7f7ac946584238d416ee1d3915b8f7c0bd99b8af47f9c2c19280dd5b8a7ad15f,3.6260368824005127,4.084305664871063,3.5215005600512232,3.248404297706174
ms_realrec_nonenglish_female_SNR_22.77dB_punjabipart_0.wav,GTCRN,192000,7f7ac946584238d416ee1d3915b8f7c0bd99b8af47f9c2c19280dd5b8a7ad15f,3.6391613483428955,4.110349211041907,3.479378582535302,3.219387456864315
ms_realrec_nonenglish_female_SNR_22.84dB_mandarin_surface_typing_31.wav,Noisy,191156,31592b03dbd095eac3360179c7298b91205801e0a0d85efe382d4ad41a3d6ca6,2.9899039268493652,3.1030381733923553,3.1430409574407934,2.4761592626763624
ms_realrec_nonenglish_female_SNR_22.84dB_mandarin_surface_typing_31.wav,RNNoise v0.2,191156,31592b03dbd095eac3360179c7298b91205801e0a0d85efe382d4ad41a3d6ca6,3.1619606018066406,3.6767907597984157,3.0790597838174225,2.6906211892580503
ms_realrec_nonenglish_female_SNR_22.84dB_mandarin_surface_typing_31.wav,GTCRN,191156,31592b03dbd095eac3360179c7298b91205801e0a0d85efe382d4ad41a3d6ca6,3.1119189262390137,3.710174863881871,2.959113972427036,2.5920703059055086
ms_realrec_nonenglish_female_SNR_22.97dB_laptop_mic_speech_noise_6_0.wav,Noisy,192000,89591f6d428326cf087c94035d2afea748822a3ee3391e51fa1cd99ef0b47c27,2.8931329250335693,3.217519909792927,3.196113691732346,2.5932182193143576
ms_realrec_nonenglish_female_SNR_22.97dB_laptop_mic_speech_noise_6_0.wav,RNNoise v0.2,192000,89591f6d428326cf087c94035d2afea748822a3ee3391e51fa1cd99ef0b47c27,3.027737617492676,3.2116329161450405,3.1450298846220632,2.5190553765934918
ms_realrec_nonenglish_female_SNR_22.97dB_laptop_mic_speech_noise_6_0.wav,GTCRN,192000,89591f6d428326cf087c94035d2afea748822a3ee3391e51fa1cd99ef0b47c27,3.0160064697265625,3.7091462321765896,2.96368960761133,2.6193038292429596
ms_realrec_nonenglish_female_SNR_23.01dB_headset_10_spanish_1.wav,Noisy,192000,b152386fb08d8d3bf6895814502542fe88b3d284fe7adafc1217fad98f48d456,3.5004446506500244,3.7360006298037987,3.641660931637763,3.222606050347642
ms_realrec_nonenglish_female_SNR_23.01dB_headset_10_spanish_1.wav,RNNoise v0.2,192000,b152386fb08d8d3bf6895814502542fe88b3d284fe7adafc1217fad98f48d456,3.5123980045318604,4.191175424162746,3.6513901800621227,3.4264842511452094
ms_realrec_nonenglish_female_SNR_23.01dB_headset_10_spanish_1.wav,GTCRN,192000,b152386fb08d8d3bf6895814502542fe88b3d284fe7adafc1217fad98f48d456,3.61064076423645,4.20152057279856,3.652417856685932,3.4336800807158974
ms_realrec_nonenglish_female_SNR_23.3dB_punjabipart_4.wav,Noisy,192000,78f3712113c116a401a537ddf7cd39908d818a6e9025213802bfe1fb4ddeb133,2.945878744125366,2.6112980395075773,3.0770434281881784,2.246784737328553
ms_realrec_nonenglish_female_SNR_23.3dB_punjabipart_4.wav,RNNoise v0.2,192000,78f3712113c116a401a537ddf7cd39908d818a6e9025213802bfe1fb4ddeb133,3.06095814704895,3.9500143698627697,3.255588155197555,2.949485073883428
ms_realrec_nonenglish_female_SNR_23.3dB_punjabipart_4.wav,GTCRN,192000,78f3712113c116a401a537ddf7cd39908d818a6e9025213802bfe1fb4ddeb133,3.091878890991211,3.993326105303192,3.2258104313259555,2.945047129468102
ms_realrec_nonenglish_female_SNR_23.67dB_laptop_mic_speech_noise_6_1.wav,Noisy,192000,9678f75a7676fc57c3e488d5bae1c3be3b53b5021ce070ec50083ab74b757341,3.063896894454956,3.003419622078025,2.8953193030277387,2.2851460749432886
ms_realrec_nonenglish_female_SNR_23.67dB_laptop_mic_speech_noise_6_1.wav,RNNoise v0.2,192000,9678f75a7676fc57c3e488d5bae1c3be3b53b5021ce070ec50083ab74b757341,3.42907977104187,3.6603619285196367,3.030902599550348,2.654220222319323
ms_realrec_nonenglish_female_SNR_23.67dB_laptop_mic_speech_noise_6_1.wav,GTCRN,192000,9678f75a7676fc57c3e488d5bae1c3be3b53b5021ce070ec50083ab74b757341,3.4422872066497803,3.6673226453241337,2.885030640719471,2.552679994511396
ms_realrec_nonenglish_female_SNR_24.01dB_laptop_mic_speech_noise_3_0.wav,Noisy,192000,06d41ef8904129a087f55bff40115c74d4fb5efd29d6501dbd3e040193736878,3.4429404735565186,3.983943893164865,3.6421275752215556,3.2972057631514295
ms_realrec_nonenglish_female_SNR_24.01dB_laptop_mic_speech_noise_3_0.wav,RNNoise v0.2,192000,06d41ef8904129a087f55bff40115c74d4fb5efd29d6501dbd3e040193736878,3.6124022006988525,4.171560061530571,3.649902915328187,3.429994780566217
ms_realrec_nonenglish_female_SNR_24.01dB_laptop_mic_speech_noise_3_0.wav,GTCRN,192000,06d41ef8904129a087f55bff40115c74d4fb5efd29d6501dbd3e040193736878,3.743631362915039,4.164150101382071,3.631442765399761,3.4033063627433386
ms_realrec_nonenglish_female_SNR_25.73dB_mandarin_surface_dog_2part_1.wav,Noisy,192000,1869d9e61f2d7dc0ff52db41d8ab340f1546b5f4d1fe4264a0abf0d71b13545b,3.510169267654419,3.030660722654284,3.1500578426625014,2.464324356088144
ms_realrec_nonenglish_female_SNR_25.73dB_mandarin_surface_dog_2part_1.wav,RNNoise v0.2,192000,1869d9e61f2d7dc0ff52db41d8ab340f1546b5f4d1fe4264a0abf0d71b13545b,3.6513965129852295,3.6369603847866845,2.936198204520339,2.5298552098588836
ms_realrec_nonenglish_female_SNR_25.73dB_mandarin_surface_dog_2part_1.wav,GTCRN,192000,1869d9e61f2d7dc0ff52db41d8ab340f1546b5f4d1fe4264a0abf0d71b13545b,3.778043508529663,3.765087032972571,3.020530529991534,2.658691362236983
ms_realrec_nonenglish_female_SNR_25.85dB_laptop_mic_speech_noise_2_1.wav,Noisy,179712,87bdd7e264754926a233a7cfb8aa0c6441f3ca252a1ec4c3b54bdc67bacb131b,3.361072540283203,3.7873185535380958,3.519708927978983,3.088426058434581
ms_realrec_nonenglish_female_SNR_25.85dB_laptop_mic_speech_noise_2_1.wav,RNNoise v0.2,179712,87bdd7e264754926a233a7cfb8aa0c6441f3ca252a1ec4c3b54bdc67bacb131b,3.493879795074463,4.135792421475645,3.5646803412094217,3.3026397461699304
ms_realrec_nonenglish_female_SNR_25.85dB_laptop_mic_speech_noise_2_1.wav,GTCRN,179712,87bdd7e264754926a233a7cfb8aa0c6441f3ca252a1ec4c3b54bdc67bacb131b,3.477207660675049,4.128527390655796,3.5471866416473627,3.2809758713371724
ms_realrec_nonenglish_female_SNR_26.15dB_headset_7_spanish_1.wav,Noisy,192000,76c83086d5542793881e3b8009ac2743176050c64506dbdf1cf0bf8f0edda66f,3.452024459838867,3.4122063410776584,3.67471448677482,3.05548063131592
ms_realrec_nonenglish_female_SNR_26.15dB_headset_7_spanish_1.wav,RNNoise v0.2,192000,76c83086d5542793881e3b8009ac2743176050c64506dbdf1cf0bf8f0edda66f,3.6342029571533203,3.6929988376590557,3.6848157264821655,3.1957347370926303
ms_realrec_nonenglish_female_SNR_26.15dB_headset_7_spanish_1.wav,GTCRN,192000,76c83086d5542793881e3b8009ac2743176050c64506dbdf1cf0bf8f0edda66f,3.8643877506256104,4.098045556904624,3.6646103961986998,3.3755276136469043
ms_realrec_nonenglish_female_SNR_26.6dB_laptop_mic_speech_noise_2_0.wav,Noisy,192000,c502ed09484734f9f9853af22356e05da18a2b58a8e051b8b09fcf0e436163a6,3.394481658935547,3.5244566918801183,3.1674808570594215,2.6899200416871367
ms_realrec_nonenglish_female_SNR_26.6dB_laptop_mic_speech_noise_2_0.wav,RNNoise v0.2,192000,c502ed09484734f9f9853af22356e05da18a2b58a8e051b8b09fcf0e436163a6,3.486394166946411,3.5085452530720254,3.3095025950658954,2.7772228904705867
ms_realrec_nonenglish_female_SNR_26.6dB_laptop_mic_speech_noise_2_0.wav,GTCRN,192000,c502ed09484734f9f9853af22356e05da18a2b58a8e051b8b09fcf0e436163a6,3.597327947616577,3.576382271428102,3.3110434261671973,2.812389301946913
ms_realrec_nonenglish_female_SNR_26.72dB_mandarin_surface_neighbor_11.wav,Noisy,192000,7295a8744b3172d210b5180c1fdcf5c6e9f1ad5c6dcd1f18c072b30a58f26a12,3.280595541000366,2.8087174278749365,3.2561007049467974,2.432864687137869
ms_realrec_nonenglish_female_SNR_26.72dB_mandarin_surface_neighbor_11.wav,RNNoise v0.2,192000,7295a8744b3172d210b5180c1fdcf5c6e9f1ad5c6dcd1f18c072b30a58f26a12,3.436323881149292,3.5857246462460353,3.0575771197667376,2.631661222800387
ms_realrec_nonenglish_female_SNR_26.72dB_mandarin_surface_neighbor_11.wav,GTCRN,192000,7295a8744b3172d210b5180c1fdcf5c6e9f1ad5c6dcd1f18c072b30a58f26a12,3.446002960205078,3.8977139999800863,3.1945045326917154,2.8735581197328615
ms_realrec_nonenglish_female_SNR_26.78dB_laptop_mic_clean_speech_1_1.wav,Noisy,192000,7e3cb6e2678d2a51f483b3d3c80e99b822778b9c0c13daf3fe02b2c8500f87fa,3.2291259765625,3.8611697497516775,3.1887544000762857,2.857392127942454
ms_realrec_nonenglish_female_SNR_26.78dB_laptop_mic_clean_speech_1_1.wav,RNNoise v0.2,192000,7e3cb6e2678d2a51f483b3d3c80e99b822778b9c0c13daf3fe02b2c8500f87fa,3.3393847942352295,3.955401338615811,3.2642725742371588,2.9626857105019284
ms_realrec_nonenglish_female_SNR_26.78dB_laptop_mic_clean_speech_1_1.wav,GTCRN,192000,7e3cb6e2678d2a51f483b3d3c80e99b822778b9c0c13daf3fe02b2c8500f87fa,3.4293644428253174,3.9671165259628243,3.191163218310922,2.9048115619611017
ms_realrec_nonenglish_female_SNR_28.09dB_mandarin_surface_dog_1part_1.wav,Noisy,171453,de3c72c77ffe30cc208e157be271ffacb7e337b4e1035c24fb418571a6132858,3.1946189403533936,3.0904081374088146,3.2383698529984493,2.565134744791603
ms_realrec_nonenglish_female_SNR_28.09dB_mandarin_surface_dog_1part_1.wav,RNNoise v0.2,171453,de3c72c77ffe30cc208e157be271ffacb7e337b4e1035c24fb418571a6132858,3.6319239139556885,3.7476558935903084,3.003856126034349,2.65381764417093
ms_realrec_nonenglish_female_SNR_28.09dB_mandarin_surface_dog_1part_1.wav,GTCRN,171453,de3c72c77ffe30cc208e157be271ffacb7e337b4e1035c24fb418571a6132858,3.529376983642578,3.7489091597490036,3.1862508636625337,2.8053861383637337
ms_realrec_nonenglish_female_SNR_28.14dB_mandarin_surface_door_3part_1.wav,Noisy,186368,7ff9d0f69bf5ce102c55eebbe570ecda24e6b65a04b2ebffd223cbee981eace6,3.3687682151794434,2.397858004652496,2.9894003014151638,2.1091399793440138
ms_realrec_nonenglish_female_SNR_28.14dB_mandarin_surface_door_3part_1.wav,RNNoise v0.2,186368,7ff9d0f69bf5ce102c55eebbe570ecda24e6b65a04b2ebffd223cbee981eace6,3.776491641998291,3.8073709978615415,2.790039761371117,2.500078372771487
ms_realrec_nonenglish_female_SNR_28.14dB_mandarin_surface_door_3part_1.wav,GTCRN,186368,7ff9d0f69bf5ce102c55eebbe570ecda24e6b65a04b2ebffd223cbee981eace6,3.8678736686706543,3.817923641197136,3.1137910654923093,2.775310503844925
ms_realrec_nonenglish_female_SNR_29.11dB_mandarin_surface_AC_2part_1.wav,Noisy,173663,2d5e51e7a57488860b7a1754e31e35f704061e565bbf4d74caeb45a299dfb35f,3.734530448913574,3.4345084470520484,3.32170852210579,2.7152104399709227
ms_realrec_nonenglish_female_SNR_29.11dB_mandarin_surface_AC_2part_1.wav,RNNoise v0.2,173663,2d5e51e7a57488860b7a1754e31e35f704061e565bbf4d74caeb45a299dfb35f,3.8634958267211914,3.934926298239369,3.108732781643758,2.79698058474538
ms_realrec_nonenglish_female_SNR_29.11dB_mandarin_surface_AC_2part_1.wav,GTCRN,173663,2d5e51e7a57488860b7a1754e31e35f704061e565bbf4d74caeb45a299dfb35f,3.959425926208496,3.9064922155559696,3.27360906212428,2.950205790266831
ms_realrec_nonenglish_female_SNR_29.55dB_laptop_mic_clean_speech_1_0.wav,Noisy,192000,2b245071c1cc53d6349acad0f5419973d4eacfe0d1c043faa86de81ca4930ca7,3.172373056411743,3.8969595077381833,3.155186167447519,2.8384606441884723
ms_realrec_nonenglish_female_SNR_29.55dB_laptop_mic_clean_speech_1_0.wav,RNNoise v0.2,192000,2b245071c1cc53d6349acad0f5419973d4eacfe0d1c043faa86de81ca4930ca7,3.1422243118286133,3.965189554769685,3.1384142129075703,2.8345220931635695
ms_realrec_nonenglish_female_SNR_29.55dB_laptop_mic_clean_speech_1_0.wav,GTCRN,192000,2b245071c1cc53d6349acad0f5419973d4eacfe0d1c043faa86de81ca4930ca7,3.222064256668091,3.9771786084775305,3.1607860351539983,2.8666753757165275
ms_realrec_nonenglish_female_SNR_30.48dB_laptopmic_1_spanish_0.wav,Noisy,192000,1b85ac0740ba5690487187cd9e3a0f86a504b0c1c5a8707f5882c2b7c756c95b,3.549938917160034,4.212363492634629,3.655154713514618,3.424587880492833
ms_realrec_nonenglish_female_SNR_30.48dB_laptopmic_1_spanish_0.wav,RNNoise v0.2,192000,1b85ac0740ba5690487187cd9e3a0f86a504b0c1c5a8707f5882c2b7c756c95b,3.518921136856079,4.192727945921087,3.6324921188783894,3.3991532920668237
ms_realrec_nonenglish_female_SNR_30.48dB_laptopmic_1_spanish_0.wav,GTCRN,192000,1b85ac0740ba5690487187cd9e3a0f86a504b0c1c5a8707f5882c2b7c756c95b,3.63370418548584,4.236696470688855,3.6517489962270164,3.4381678247020098
ms_realrec_nonenglish_female_SNR_30.48dB_laptopmic_2_spanish_0.wav,Noisy,192000,f0e490f0f586f6b48ea5d784d67d4fe71f26f2aaa47d1882574d25706ccca364,3.550554037094116,4.211567016724529,3.6540896804696064,3.4234646875187917
ms_realrec_nonenglish_female_SNR_30.48dB_laptopmic_2_spanish_0.wav,RNNoise v0.2,192000,f0e490f0f586f6b48ea5d784d67d4fe71f26f2aaa47d1882574d25706ccca364,3.5126335620880127,4.1970387026131215,3.6307685338203206,3.4014090528993397
ms_realrec_nonenglish_female_SNR_30.48dB_laptopmic_2_spanish_0.wav,GTCRN,192000,f0e490f0f586f6b48ea5d784d67d4fe71f26f2aaa47d1882574d25706ccca364,3.632836103439331,4.23658148044046,3.6511654351885174,3.437467178912198
ms_realrec_nonenglish_female_SNR_30.66dB_mandarin_surface_typing_11.wav,Noisy,150598,f67942cf8391a8c3ab9b64276899329b9b65ba88860544efb0ab0572a94087fc,2.923060178756714,2.5873540860526054,3.120995856539166,2.1633554430120716
ms_realrec_nonenglish_female_SNR_30.66dB_mandarin_surface_typing_11.wav,RNNoise v0.2,150598,f67942cf8391a8c3ab9b64276899329b9b65ba88860544efb0ab0572a94087fc,3.0868825912475586,3.3404314769723213,3.244819700146502,2.6350244979447677
ms_realrec_nonenglish_female_SNR_30.66dB_mandarin_surface_typing_11.wav,GTCRN,150598,f67942cf8391a8c3ab9b64276899329b9b65ba88860544efb0ab0572a94087fc,3.322685718536377,3.7620672435352143,3.3213628158931323,2.922288317599344
ms_realrec_nonenglish_female_SNR_30.72dB_mandarin_surface_dog_3part_1.wav,Noisy,169814,200f1dbddcd56310cac5792aaa5a763c98ee67ec842b1b2a71d1efbf7b1d5ec5,3.4518754482269287,3.4183059120196355,3.014583673446432,2.4896455387809544
ms_realrec_nonenglish_female_SNR_30.72dB_mandarin_surface_dog_3part_1.wav,RNNoise v0.2,169814,200f1dbddcd56310cac5792aaa5a763c98ee67ec842b1b2a71d1efbf7b1d5ec5,3.5320446491241455,3.7605515825599323,2.8095112865801695,2.509861776097351
ms_realrec_nonenglish_female_SNR_30.72dB_mandarin_surface_dog_3part_1.wav,GTCRN,169814,200f1dbddcd56310cac5792aaa5a763c98ee67ec842b1b2a71d1efbf7b1d5ec5,3.645951747894287,3.994320578390991,3.1882338892331914,2.89122726307863
ms_realrec_nonenglish_female_SNR_30.85dB_mandarin_surface_babycry_2part_1.wav,Noisy,173339,5f797347e0a6c630bc69874f778c4c0ca85bc55e0ab7135068a3de9c03845c72,2.7159388065338135,2.5651714690097704,3.1350434994606524,2.249175793054651
ms_realrec_nonenglish_female_SNR_30.85dB_mandarin_surface_babycry_2part_1.wav,RNNoise v0.2,173339,5f797347e0a6c630bc69874f778c4c0ca85bc55e0ab7135068a3de9c03845c72,2.7427775859832764,2.7941792118556092,3.2389778105551477,2.4693771297360425
ms_realrec_nonenglish_female_SNR_30.85dB_mandarin_surface_babycry_2part_1.wav,GTCRN,173339,5f797347e0a6c630bc69874f778c4c0ca85bc55e0ab7135068a3de9c03845c72,3.4426310062408447,3.9048576251892166,3.317938869644599,3.002546022766091
ms_realrec_nonenglish_female_SNR_30.95dB_mandarin_surface_fan_1part_1.wav,Noisy,66902,3c8323d3985b4aaed73a9f89bd7517d4a481cc1a43fa7535b6dc0ac2df934a92,2.171480655670166,2.7860869941716153,1.4233067854443446,1.3944714041152528
ms_realrec_nonenglish_female_SNR_30.95dB_mandarin_surface_fan_1part_1.wav,RNNoise v0.2,66902,3c8323d3985b4aaed73a9f89bd7517d4a481cc1a43fa7535b6dc0ac2df934a92,2.1512789726257324,3.2355579796964817,1.3354482368881657,1.204395970445152
ms_realrec_nonenglish_female_SNR_30.95dB_mandarin_surface_fan_1part_1.wav,GTCRN,66902,3c8323d3985b4aaed73a9f89bd7517d4a481cc1a43fa7535b6dc0ac2df934a92,2.1939010620117188,3.2452446666866765,1.4468016270859319,1.3349310557844483
ms_realrec_nonenglish_female_SNR_31.9dB_headset_7_spanish_0.wav,Noisy,192000,436e02ac0a10877b975a88638c100c7963b2d84f5d4150b48a4de2c43c2294ef,3.2232418060302734,3.8693808087969472,3.552405047939294,3.1712039812561534
ms_realrec_nonenglish_female_SNR_31.9dB_headset_7_spanish_0.wav,RNNoise v0.2,192000,436e02ac0a10877b975a88638c100c7963b2d84f5d4150b48a4de2c43c2294ef,3.229142904281616,4.0982392871044775,3.52421151025523,3.2464955974459815
ms_realrec_nonenglish_female_SNR_31.9dB_headset_7_spanish_0.wav,GTCRN,192000,436e02ac0a10877b975a88638c100c7963b2d84f5d4150b48a4de2c43c2294ef,3.3963019847869873,4.194637920141676,3.6050194408690133,3.368029474458536
ms_realrec_nonenglish_female_SNR_32.48dB_laptopmic_1_spanish_1.wav,Noisy,192000,e695acad846d95fedce739aedac5617d804db311f5b86065fab77cee743e15bd,3.1475346088409424,3.6673569646877073,3.6444623867622226,3.1484290983523624
ms_realrec_nonenglish_female_SNR_32.48dB_laptopmic_1_spanish_1.wav,RNNoise v0.2,192000,e695acad846d95fedce739aedac5617d804db311f5b86065fab77cee743e15bd,3.206108331680298,3.7779330951388714,3.6372847418207876,3.19621908720001
ms_realrec_nonenglish_female_SNR_32.48dB_laptopmic_1_spanish_1.wav,GTCRN,192000,e695acad846d95fedce739aedac5617d804db311f5b86065fab77cee743e15bd,3.5248680114746094,4.15529387050568,3.6444967823763252,3.393657469619597
ms_realrec_nonenglish_female_SNR_32.48dB_laptopmic_2_spanish_1.wav,Noisy,192000,2acf4289a7b154a8129aee1523c6884812ccbbee6d6337910771ea84565c0f74,3.146509885787964,3.665087440165886,3.644109820860488,3.1470009768571248
ms_realrec_nonenglish_female_SNR_32.48dB_laptopmic_2_spanish_1.wav,RNNoise v0.2,192000,2acf4289a7b154a8129aee1523c6884812ccbbee6d6337910771ea84565c0f74,3.210968017578125,3.7894818570296316,3.6389688013682275,3.2036180505465484
ms_realrec_nonenglish_female_SNR_32.48dB_laptopmic_2_spanish_1.wav,GTCRN,192000,2acf4289a7b154a8129aee1523c6884812ccbbee6d6337910771ea84565c0f74,3.5238616466522217,4.153738990539881,3.6442536102410252,3.3926805530805555
ms_realrec_nonenglish_female_SNR_32.9dB_tonal_vietnamese_headset_typing.wav,Noisy,192000,40a3d59b4be9ca65955afbeee9f0a7c5081b5744d609ed351b81abe532b28efc,4.052299976348877,4.186359797347927,3.716861515145105,3.48277877857782
ms_realrec_nonenglish_female_SNR_32.9dB_tonal_vietnamese_headset_typing.wav,RNNoise v0.2,192000,40a3d59b4be9ca65955afbeee9f0a7c5081b5744d609ed351b81abe532b28efc,4.09629487991333,4.2467204161122964,3.682042727469002,3.493641000588769
ms_realrec_nonenglish_female_SNR_32.9dB_tonal_vietnamese_headset_typing.wav,GTCRN,192000,40a3d59b4be9ca65955afbeee9f0a7c5081b5744d609ed351b81abe532b28efc,4.1458306312561035,4.2374095273748695,3.6929401866009255,3.4968159678967177
ms_realrec_nonenglish_female_SNR_34.46dB_mandarin_surface_typing_21.wav,Noisy,156169,d38db38087b9e82961ec3e04311fc70d4f702c4605cd0bf92ec6f64b8de727e6,3.457329034805298,2.998010643178022,3.3386481580754515,2.5495680232547615
ms_realrec_nonenglish_female_SNR_34.46dB_mandarin_surface_typing_21.wav,RNNoise v0.2,156169,d38db38087b9e82961ec3e04311fc70d4f702c4605cd0bf92ec6f64b8de727e6,3.5657124519348145,3.59402968631969,3.156112693634908,2.7271124317826536
ms_realrec_nonenglish_female_SNR_34.46dB_mandarin_surface_typing_21.wav,GTCRN,156169,d38db38087b9e82961ec3e04311fc70d4f702c4605cd0bf92ec6f64b8de727e6,3.6345202922821045,4.03819450654581,3.3201161925605858,3.0342593688970134
ms_realrec_nonenglish_female_SNR_34.59dB_Punjabi_Laptop_babycry.wav,Noisy,192000,a41056f3a5f6e675292cce81e2089f99b7c0281f7861b274c5f9f38285637661,2.5330123901367188,1.7213314210417956,2.507342776258543,1.468413867318623
ms_realrec_nonenglish_female_SNR_34.59dB_Punjabi_Laptop_babycry.wav,RNNoise v0.2,192000,a41056f3a5f6e675292cce81e2089f99b7c0281f7861b274c5f9f38285637661,2.636859655380249,1.6584255094300058,2.4575606338756635,1.3967390088980747
ms_realrec_nonenglish_female_SNR_34.59dB_Punjabi_Laptop_babycry.wav,GTCRN,192000,a41056f3a5f6e675292cce81e2089f99b7c0281f7861b274c5f9f38285637661,2.4822001457214355,2.160313685836893,2.2940544709654893,1.5208477730524403
ms_realrec_nonenglish_female_SNR_38.15dB_laptopmic_3_spanish_1.wav,Noisy,192000,e5dce146d40c132efd155f404a93d34405e372aa00027cdf13e2c34dfa4025a3,3.080974578857422,3.7972961197899147,3.412621753366494,2.999353484983857
ms_realrec_nonenglish_female_SNR_38.15dB_laptopmic_3_spanish_1.wav,RNNoise v0.2,192000,e5dce146d40c132efd155f404a93d34405e372aa00027cdf13e2c34dfa4025a3,3.2676591873168945,4.112033930487307,3.4566639772372727,3.190093327848224
ms_realrec_nonenglish_female_SNR_38.15dB_laptopmic_3_spanish_1.wav,GTCRN,192000,e5dce146d40c132efd155f404a93d34405e372aa00027cdf13e2c34dfa4025a3,3.277925491333008,4.1677532878924195,3.552104633312983,3.296795898287959
ms_realrec_nonenglish_female_SNR_41.95dB_laptop_mic_speech_noise_3_2.wav,Noisy,192000,a94f0bf61441bc2c14986fcf0b9c376f1722b107aca0e729320d90a385394769,2.8709914684295654,2.1402182809699957,3.5347519905451343,2.2619202568221297
ms_realrec_nonenglish_female_SNR_41.95dB_laptop_mic_speech_noise_3_2.wav,RNNoise v0.2,192000,a94f0bf61441bc2c14986fcf0b9c376f1722b107aca0e729320d90a385394769,3.063924551010132,3.864970889316559,3.3413486529535614,3.010775606570672
ms_realrec_nonenglish_female_SNR_41.95dB_laptop_mic_speech_noise_3_2.wav,GTCRN,192000,a94f0bf61441bc2c14986fcf0b9c376f1722b107aca0e729320d90a385394769,3.520148515701294,4.019926654129772,3.370389437127566,3.091348801283765
ms_realrec_nonenglish_male_SNR_16.09dB_mandarin_mic_chair7.wav,Noisy,178783,a159090f3d69f22198f7437e71e91150a9cb9c18527f07ea562eafa5c65945be,2.5395073890686035,3.3580799630108595,1.8311977290075063,1.6321131675650709
ms_realrec_nonenglish_male_SNR_16.09dB_mandarin_mic_chair7.wav,RNNoise v0.2,178783,a159090f3d69f22198f7437e71e91150a9cb9c18527f07ea562eafa5c65945be,2.448669910430908,3.784428926521985,1.6607811639421337,1.5693318025875103
ms_realrec_nonenglish_male_SNR_16.09dB_mandarin_mic_chair7.wav,GTCRN,178783,a159090f3d69f22198f7437e71e91150a9cb9c18527f07ea562eafa5c65945be,2.724620819091797,3.928834170735642,1.5856868395241084,1.5057544139524641
ms_realrec_nonenglish_male_SNR_16.18dB_cantonese_mic_chair3.wav,Noisy,151903,aedcf1c2854523ca35849d78d750eeb1957ce51da724d435a2d12a71ca53a154,2.3058886528015137,3.219284385377007,1.8308733581148304,1.551982293166638
ms_realrec_nonenglish_male_SNR_16.18dB_cantonese_mic_chair3.wav,RNNoise v0.2,151903,aedcf1c2854523ca35849d78d750eeb1957ce51da724d435a2d12a71ca53a154,2.4401142597198486,3.9202980224688035,1.8537456523502762,1.734705517782253
ms_realrec_nonenglish_male_SNR_16.18dB_cantonese_mic_chair3.wav,GTCRN,151903,aedcf1c2854523ca35849d78d750eeb1957ce51da724d435a2d12a71ca53a154,2.427734375,3.843653790661044,1.5227258356696975,1.4218662451210666
ms_realrec_nonenglish_male_SNR_16.77dB_cantonese_mic_chair.wav,Noisy,192000,de60793d0a65883048329663e7a85840dd81ff6ef4d1d2b8585943b5c3583e99,2.5822620391845703,3.197823742637352,1.7171571429923869,1.5145467746738863
ms_realrec_nonenglish_male_SNR_16.77dB_cantonese_mic_chair.wav,RNNoise v0.2,192000,de60793d0a65883048329663e7a85840dd81ff6ef4d1d2b8585943b5c3583e99,2.6242449283599854,3.630197731696196,1.6393792703675434,1.5367559299666358
ms_realrec_nonenglish_male_SNR_16.77dB_cantonese_mic_chair.wav,GTCRN,192000,de60793d0a65883048329663e7a85840dd81ff6ef4d1d2b8585943b5c3583e99,2.748382806777954,3.8562318493556353,1.5418203701539426,1.475923348509024
ms_realrec_nonenglish_male_SNR_16.82dB_mandarin_mic_cchair.wav,Noisy,183903,1c45abfaeaa68a5d5566fa7adb77012bfe6283769dd98538dfdfacc1ad570e45,2.5565686225891113,3.3666095507107245,2.160201057676714,1.8836226768053161
ms_realrec_nonenglish_male_SNR_16.82dB_mandarin_mic_cchair.wav,RNNoise v0.2,183903,1c45abfaeaa68a5d5566fa7adb77012bfe6283769dd98538dfdfacc1ad570e45,2.545736074447632,3.9744199092519272,2.277261093822119,2.0833707641421313
ms_realrec_nonenglish_male_SNR_16.82dB_mandarin_mic_cchair.wav,GTCRN,183903,1c45abfaeaa68a5d5566fa7adb77012bfe6283769dd98538dfdfacc1ad570e45,2.467860698699951,3.9186211900315397,2.019193444270796,1.8681321335404535
ms_realrec_nonenglish_male_SNR_17.12dB_cantonese_mic_typing.wav,Noisy,192000,8ba3d845c9b7593910d3e3bb66d1725865919fe5f2ee713aa55675c982cdb8ed,2.5179781913757324,2.434651757954502,1.425553853881463,1.3708034899597588
ms_realrec_nonenglish_male_SNR_17.12dB_cantonese_mic_typing.wav,RNNoise v0.2,192000,8ba3d845c9b7593910d3e3bb66d1725865919fe5f2ee713aa55675c982cdb8ed,2.514293909072876,3.6801852700370095,1.8317284353576622,1.6771893119903638
ms_realrec_nonenglish_male_SNR_17.12dB_cantonese_mic_typing.wav,GTCRN,192000,8ba3d845c9b7593910d3e3bb66d1725865919fe5f2ee713aa55675c982cdb8ed,2.904881238937378,3.8011286595951255,1.733242289073006,1.60346813020393
ms_realrec_nonenglish_male_SNR_17.19dB_surfaceb_emusic_korean_5.wav,Noisy,170676,6958f9881793ae06cb6d9e23b55dcfb8b59629e53f7004a5b7693078141d8fed,2.9342801570892334,3.0250572827727025,3.603449324530452,2.7046175342756587
ms_realrec_nonenglish_male_SNR_17.19dB_surfaceb_emusic_korean_5.wav,RNNoise v0.2,170676,6958f9881793ae06cb6d9e23b55dcfb8b59629e53f7004a5b7693078141d8fed,3.8163182735443115,3.917832131190999,3.5739261510560247,3.156119297816163
ms_realrec_nonenglish_male_SNR_17.19dB_surfaceb_emusic_korean_5.wav,GTCRN,170676,6958f9881793ae06cb6d9e23b55dcfb8b59629e53f7004a5b7693078141d8fed,3.9080512523651123,4.116289130980886,3.4963304167788603,3.2152461801260572
ms_realrec_nonenglish_male_SNR_18.09dB_surfaceb_music_korean_2.wav,Noisy,192000,97b303bdd80bf094966fee813bcfd9ee21b6093774dfb0264888f0e9844ff8c2,3.3384625911712646,3.322404348380959,3.5614387841253294,2.866947765095077
ms_realrec_nonenglish_male_SNR_18.09dB_surfaceb_music_korean_2.wav,RNNoise v0.2,192000,97b303bdd80bf094966fee813bcfd9ee21b6093774dfb0264888f0e9844ff8c2,3.689009428024292,3.9846231252708457,3.512260339980187,3.1774161125036744
ms_realrec_nonenglish_male_SNR_18.09dB_surfaceb_music_korean_2.wav,GTCRN,192000,97b303bdd80bf094966fee813bcfd9ee21b6093774dfb0264888f0e9844ff8c2,3.7754828929901123,4.1036315002597545,3.5514087410837796,3.2752382579115977
ms_realrec_nonenglish_male_SNR_18.68dB_cantonese_mic_kitchen.wav,Noisy,160009,00b99039163924d8d0f0f310531af24d99c9f5ee6cf3d9cff863511989287294,2.7181544303894043,2.3669804413025517,2.3465658026235747,1.7156605977263215
ms_realrec_nonenglish_male_SNR_18.68dB_cantonese_mic_kitchen.wav,RNNoise v0.2,160009,00b99039163924d8d0f0f310531af24d99c9f5ee6cf3d9cff863511989287294,2.654182195663452,3.593914606433122,2.2277374411204356,1.9405813906571523
ms_realrec_nonenglish_male_SNR_18.68dB_cantonese_mic_kitchen.wav,GTCRN,160009,00b99039163924d8d0f0f310531af24d99c9f5ee6cf3d9cff863511989287294,2.8329079151153564,3.98556849358582,2.2200326273159163,2.0786708117135233
ms_realrec_nonenglish_male_SNR_18.69dB_surfaceb_emusic_korean_2.wav,Noisy,192000,4f29cfa0f303a0447a613f7a7c30a5c63fb7b4d3146276e7e4330cf2a76924c3,3.4143078327178955,3.931573480856103,3.568016018897317,3.18203544913383
ms_realrec_nonenglish_male_SNR_18.69dB_surfaceb_emusic_korean_2.wav,RNNoise v0.2,192000,4f29cfa0f303a0447a613f7a7c30a5c63fb7b4d3146276e7e4330cf2a76924c3,3.663870096206665,4.0596713482617774,3.5940178599677393,3.276120323154989
ms_realrec_nonenglish_male_SNR_18.69dB_surfaceb_emusic_korean_2.wav,GTCRN,192000,4f29cfa0f303a0447a613f7a7c30a5c63fb7b4d3146276e7e4330cf2a76924c3,3.7184648513793945,4.04459389483528,3.6034964646801257,3.2593285656874094
ms_realrec_nonenglish_male_SNR_19.23dB_cantonese_mic_vechicle.wav,Noisy,171956,daf3194f0b14cacb441364f0f91bf45cd55243c414e632d2ee664bf655ccb136,2.547894239425659,3.9517577985318626,2.3153549271575025,2.1229786355344262
ms_realrec_nonenglish_male_SNR_19.23dB_cantonese_mic_vechicle.wav,RNNoise v0.2,171956,daf3194f0b14cacb441364f0f91bf45cd55243c414e632d2ee664bf655ccb136,2.6000168323516846,4.053432095915058,2.289597515147083,2.126386438287989
ms_realrec_nonenglish_male_SNR_19.23dB_cantonese_mic_vechicle.wav,GTCRN,171956,daf3194f0b14cacb441364f0f91bf45cd55243c414e632d2ee664bf655ccb136,2.7872374057769775,4.0787084422551,2.0375749682198148,1.890984943276265
ms_realrec_nonenglish_male_SNR_19.62dB_surfaceb_piano_korean_5.wav,Noisy,192000,11ad8d427765d18a7a624ee3a582757b6f2724e5408adb45e1753a6e1f40b2e7,3.0773165225982666,2.9152612812760093,3.594504542921364,2.6587130388344344
ms_realrec_nonenglish_male_SNR_19.62dB_surfaceb_piano_korean_5.wav,RNNoise v0.2,192000,11ad8d427765d18a7a624ee3a582757b6f2724e5408adb45e1753a6e1f40b2e7,3.5034332275390625,3.276759361070601,3.5540833252613084,2.8273323452738666
ms_realrec_nonenglish_male_SNR_19.62dB_surfaceb_piano_korean_5.wav,GTCRN,192000,11ad8d427765d18a7a624ee3a582757b6f2724e5408adb45e1753a6e1f40b2e7,3.839702606201172,4.142646832813759,3.455967997253977,3.176432813751171
ms_realrec_nonenglish_male_SNR_19.87dB_surfaceb_emusic_korean_4.wav,Noisy,192000,4fef907d06cd36eeaa30cf0f0e4e2189c3e06069040bfe66bdaae11d01681347,3.2222557067871094,3.534777165900976,3.477738464003938,2.906403715062549
ms_realrec_nonenglish_male_SNR_19.87dB_surfaceb_emusic_korean_4.wav,RNNoise v0.2,192000,4fef907d06cd36eeaa30cf0f0e4e2189c3e06069040bfe66bdaae11d01681347,3.302509069442749,3.6056275953683823,3.55277626500397,2.975172991169414
ms_realrec_nonenglish_male_SNR_19.87dB_surfaceb_emusic_korean_4.wav,GTCRN,192000,4fef907d06cd36eeaa30cf0f0e4e2189c3e06069040bfe66bdaae11d01681347,3.809598922729492,4.011638614940799,3.514073616712946,3.1505155532236007
ms_realrec_nonenglish_male_SNR_20.07dB_mandarin_mic_vechicle.wav,Noisy,190303,de2507bb121c6450ce67c8fe2fc23ce8aba0131985d211745ea810810213ea0c,2.433793544769287,3.7464123669819966,2.2876593199877147,2.0701663509896084
ms_realrec_nonenglish_male_SNR_20.07dB_mandarin_mic_vechicle.wav,RNNoise v0.2,190303,de2507bb121c6450ce67c8fe2fc23ce8aba0131985d211745ea810810213ea0c,2.5575218200683594,4.012120459188639,2.240640290791802,2.1066952513860855
ms_realrec_nonenglish_male_SNR_20.07dB_mandarin_mic_vechicle.wav,GTCRN,190303,de2507bb121c6450ce67c8fe2fc23ce8aba0131985d211745ea810810213ea0c,2.5347352027893066,4.061124504573749,2.419771916954515,2.2488390968539633
ms_realrec_nonenglish_male_SNR_20.09dB_surfaceb_trock_korean_4.wav,Noisy,192000,b9abe0f485b7c70143aa0b028d57507df05f240ffed6f5d7376ba2fc30f8ba78,3.0416057109832764,3.114178967395999,3.464784852109441,2.662447261466026
ms_realrec_nonenglish_male_SNR_20.09dB_surfaceb_trock_korean_4.wav,RNNoise v0.2,192000,b9abe0f485b7c70143aa0b028d57507df05f240ffed6f5d7376ba2fc30f8ba78,3.484997034072876,3.7132746009036715,3.4443736218161303,2.9387155130542513
ms_realrec_nonenglish_male_SNR_20.09dB_surfaceb_trock_korean_4.wav,GTCRN,192000,b9abe0f485b7c70143aa0b028d57507df05f240ffed6f5d7376ba2fc30f8ba78,3.7766284942626953,4.102657817924407,3.353993379973256,3.0360591396521657
ms_realrec_nonenglish_male_SNR_20.22dB_mandarin_mic_typing.wav,Noisy,182623,bc583c1080dcb745054857828100ac9474fc71bd693003cc04c348007188b007,2.3917276859283447,2.88007380622176,1.8987419411824482,1.5870780138525409
ms_realrec_nonenglish_male_SNR_20.22dB_mandarin_mic_typing.wav,RNNoise v0.2,182623,bc583c1080dcb745054857828100ac9474fc71bd693003cc04c348007188b007,2.4456844329833984,3.5581342059710117,1.8768668009820753,1.6610448793204413
ms_realrec_nonenglish_male_SNR_20.22dB_mandarin_mic_typing.wav,GTCRN,182623,bc583c1080dcb745054857828100ac9474fc71bd693003cc04c348007188b007,2.475985527038574,3.7583197385743268,1.8315414960970213,1.7126841833394284
ms_realrec_nonenglish_male_SNR_20.41dB_mandarin_mic_vechicle1.wav,Noisy,162143,9f4457986a1d7726a99de1802b403900f99488b0297280cfab43417c262cd6fd,2.4666807651519775,3.6182688633227507,2.2053222118643574,2.010173447498961
ms_realrec_nonenglish_male_SNR_20.41dB_mandarin_mic_vechicle1.wav,RNNoise v0.2,162143,9f4457986a1d7726a99de1802b403900f99488b0297280cfab43417c262cd6fd,2.354923963546753,4.035746771720228,2.1591481290077095,2.044471182868294
ms_realrec_nonenglish_male_SNR_20.41dB_mandarin_mic_vechicle1.wav,GTCRN,162143,9f4457986a1d7726a99de1802b403900f99488b0297280cfab43417c262cd6fd,2.4912660121917725,4.005215476452166,2.0059395229210715,1.9102748500702702
ms_realrec_nonenglish_male_SNR_20.83dB_surfaceb_piano_korean_0.wav,Noisy,192000,67e777490bf5e4a0415e8e21acc4a1fae40ddfb0bc48aa3406c88a004b2b3757,3.4923553466796875,3.251657346487511,3.5067380266935615,2.80258171621373
ms_realrec_nonenglish_male_SNR_20.83dB_surfaceb_piano_korean_0.wav,RNNoise v0.2,192000,67e777490bf5e4a0415e8e21acc4a1fae40ddfb0bc48aa3406c88a004b2b3757,3.4682223796844482,3.318250580969451,3.502174158426881,2.819431973496181
ms_realrec_nonenglish_male_SNR_20.83dB_surfaceb_piano_korean_0.wav,GTCRN,192000,67e777490bf5e4a0415e8e21acc4a1fae40ddfb0bc48aa3406c88a004b2b3757,3.7593777179718018,3.8027835106339354,3.4776772629060226,3.034122462271219
ms_realrec_nonenglish_male_SNR_20.85dB_surfaceb_trock_korean_3.wav,Noisy,192000,0a8f7a704596f1cf6dfd53fe76f622f80d7b81a7091161a79faa4af5687eb999,3.5628445148468018,3.4378611971891733,3.519624833570854,2.8944555009586246
ms_realrec_nonenglish_male_SNR_20.85dB_surfaceb_trock_korean_3.wav,RNNoise v0.2,192000,0a8f7a704596f1cf6dfd53fe76f622f80d7b81a7091161a79faa4af5687eb999,3.5308897495269775,3.4723622804347674,3.4925230779891225,2.881303360969428
ms_realrec_nonenglish_male_SNR_20.85dB_surfaceb_trock_korean_3.wav,GTCRN,192000,0a8f7a704596f1cf6dfd53fe76f622f80d7b81a7091161a79faa4af5687eb999,3.774749994277954,3.863814714929281,3.4837359587826717,3.0764736811422804
ms_realrec_nonenglish_male_SNR_20.97dB_Headphone_Punjabi_Flip.wav,Noisy,306172,244800701137a3923798b87766c736ddac562b8cd24fd6cc283bd5d365b775fb,3.101732015609741,2.487710808556769,3.425102566559617,2.388581873889975
ms_realrec_nonenglish_male_SNR_20.97dB_Headphone_Punjabi_Flip.wav,RNNoise v0.2,306172,244800701137a3923798b87766c736ddac562b8cd24fd6cc283bd5d365b775fb,3.3359057903289795,3.9654620568679766,3.2537396657489963,2.949217582427534
ms_realrec_nonenglish_male_SNR_20.97dB_Headphone_Punjabi_Flip.wav,GTCRN,306172,244800701137a3923798b87766c736ddac562b8cd24fd6cc283bd5d365b775fb,3.543849468231201,3.927008224856905,3.0967446314252416,2.799625311271156
ms_realrec_nonenglish_male_SNR_20.97dB_mandarin_headset_typing1.wav,Noisy,158516,6fea3862e8e1bb44311badfa3bc264f2ed7b3b0c7b933ac5c142211f49ee53e2,3.5975427627563477,4.141645492467862,3.420536039818355,3.1814844767371118
ms_realrec_nonenglish_male_SNR_20.97dB_mandarin_headset_typing1.wav,RNNoise v0.2,158516,6fea3862e8e1bb44311badfa3bc264f2ed7b3b0c7b933ac5c142211f49ee53e2,3.6656112670898438,4.141621212844391,3.3700329330202017,3.123066705060386
ms_realrec_nonenglish_male_SNR_20.97dB_mandarin_headset_typing1.wav,GTCRN,158516,6fea3862e8e1bb44311badfa3bc264f2ed7b3b0c7b933ac5c142211f49ee53e2,3.8862478733062744,4.190058171137025,3.4567946103889673,3.2396559210865052
ms_realrec_nonenglish_male_SNR_21.02dB_Headphone_Punjabi_Clapping.wav,Noisy,246132,69ad88f64727e87f864e57c1351b2c0fb90d9bbcdf3c5214791833358539e0e8,3.5208017826080322,2.1928052137947627,3.4492748972101737,2.2536548489755743
ms_realrec_nonenglish_male_SNR_21.02dB_Headphone_Punjabi_Clapping.wav,RNNoise v0.2,246132,69ad88f64727e87f864e57c1351b2c0fb90d9bbcdf3c5214791833358539e0e8,3.679292678833008,2.7531195899479375,3.0341635036190895,2.2092851626417036
ms_realrec_nonenglish_male_SNR_21.02dB_Headphone_Punjabi_Clapping.wav,GTCRN,246132,69ad88f64727e87f864e57c1351b2c0fb90d9bbcdf3c5214791833358539e0e8,3.7160141468048096,3.8751905129121282,3.0877503129276747,2.777885981311066
ms_realrec_nonenglish_male_SNR_21.04dB_mandarin_headset_vechicle2.wav,Noisy,192000,7c67334dda5ecc07c94706027372405a443a35ffeede4fdcb30113cbce3d8354,2.529205083847046,3.839772437951289,2.403537461202722,2.1962986727820044
ms_realrec_nonenglish_male_SNR_21.04dB_mandarin_headset_vechicle2.wav,RNNoise v0.2,192000,7c67334dda5ecc07c94706027372405a443a35ffeede4fdcb30113cbce3d8354,2.5238468647003174,4.0413393471855565,2.45439038687492,2.300598568106543
ms_realrec_nonenglish_male_SNR_21.04dB_mandarin_headset_vechicle2.wav,GTCRN,192000,7c67334dda5ecc07c94706027372405a443a35ffeede4fdcb30113cbce3d8354,2.6027750968933105,4.087048624974058,2.3639697796941745,2.243531656589656
ms_realrec_nonenglish_male_SNR_21.11dB_cantonese_mic_vechicle2.wav,Noisy,176009,fa8b69a9ba035b197f5b5cf30ef8a7ee046c42a2cb4c7490ba2f59b5af1d4783,2.6361072063446045,3.480825136621453,2.4665150064658814,2.141443919596518
ms_realrec_nonenglish_male_SNR_21.11dB_cantonese_mic_vechicle2.wav,RNNoise v0.2,176009,fa8b69a9ba035b197f5b5cf30ef8a7ee046c42a2cb4c7490ba2f59b5af1d4783,2.7081408500671387,4.013842523092346,2.414220062198202,2.2500761604584385
ms_realrec_nonenglish_male_SNR_21.11dB_cantonese_mic_vechicle2.wav,GTCRN,176009,fa8b69a9ba035b197f5b5cf30ef8a7ee046c42a2cb4c7490ba2f59b5af1d4783,2.7166850566864014,4.048679069069982,2.253172397146191,2.10545861530644
ms_realrec_nonenglish_male_SNR_21.12dB_surfaceb_music_korean_0.wav,Noisy,192000,ed4c2f0193ccd17eeba5de027d29137f3240071c5f03fd49327554947a2d3425,3.0335795879364014,3.14725406883624,3.5199169420561627,2.7551224046159497
ms_realrec_nonenglish_male_SNR_21.12dB_surfaceb_music_korean_0.wav,RNNoise v0.2,192000,ed4c2f0193ccd17eeba5de027d29137f3240071c5f03fd49327554947a2d3425,3.1743412017822266,3.4924652222952672,3.5655475982314435,2.9663062976882926
ms_realrec_nonenglish_male_SNR_21.12dB_surfaceb_music_korean_0.wav,GTCRN,192000,ed4c2f0193ccd17eeba5de027d29137f3240071c5f03fd49327554947a2d3425,3.6944191455841064,3.814306967430214,3.528903907970688,3.0839828539409235
ms_realrec_nonenglish_male_SNR_21.26dB_surfaceb_music_korean_5.wav,Noisy,192000,837049c6ec1c682aa3c2169e831c0a9a0d360a279189270febd07e89157a5da4,2.679056167602539,2.9703414820590726,3.6394577736910754,2.7400037955843075
ms_realrec_nonenglish_male_SNR_21.26dB_surfaceb_music_korean_5.wav,RNNoise v0.2,192000,837049c6ec1c682aa3c2169e831c0a9a0d360a279189270febd07e89157a5da4,3.3970344066619873,4.116419991982144,3.5405481240920804,3.2478435428061
ms_realrec_nonenglish_male_SNR_21.26dB_surfaceb_music_korean_5.wav,GTCRN,192000,837049c6ec1c682aa3c2169e831c0a9a0d360a279189270febd07e89157a5da4,3.507397413253784,4.129698243004362,3.5302973069065158,3.2407679416308306
ms_realrec_nonenglish_male_SNR_22.04dB_surfaceb_music_korean_4.wav,Noisy,192000,27104115b39f221adcd669218ac6efe528c3a7f54eaef4734ea2068c693e02e1,2.928501844406128,3.1194413012184286,3.641723336972369,2.7781101071704803
ms_realrec_nonenglish_male_SNR_22.04dB_surfaceb_music_korean_4.wav,RNNoise v0.2,192000,27104115b39f221adcd669218ac6efe528c3a7f54eaef4734ea2068c693e02e1,3.3642139434814453,3.8726099972497336,3.5402423026938528,3.1183747677800677
ms_realrec_nonenglish_male_SNR_22.04dB_surfaceb_music_korean_4.wav,GTCRN,192000,27104115b39f221adcd669218ac6efe528c3a7f54eaef4734ea2068c693e02e1,3.7937095165252686,3.901970031194594,3.4063165156935216,3.015754577972959
ms_realrec_nonenglish_male_SNR_22.04dB_surfaceb_trock_korean_0.wav,Noisy,192000,6f2b9cd246154daed4aff10108f0a59c30dbe158a91f6b3452650cf2521d4f93,3.136302947998047,3.004933025047519,3.316201696694511,2.5251318658086634
ms_realrec_nonenglish_male_SNR_22.04dB_surfaceb_trock_korean_0.wav,RNNoise v0.2,192000,6f2b9cd246154daed4aff10108f0a59c30dbe158a91f6b3452650cf2521d4f93,3.229390859603882,3.3404642536891784,3.2166602688271158,2.6009311548275185
ms_realrec_nonenglish_male_SNR_22.04dB_surfaceb_trock_korean_0.wav,GTCRN,192000,6f2b9cd246154daed4aff10108f0a59c30dbe158a91f6b3452650cf2521d4f93,3.638150215148926,3.7611618534281788,3.2168596977378296,2.7783814411363217
ms_realrec_nonenglish_male_SNR_22.08dB_mandarin_mic_clatter.wav,Noisy,161716,224cfd107b6c8a2a2c9e69fea5920aa3505c49cdc7ce1aa729fe43535789be4a,2.6047463417053223,3.401875063642615,2.4555236077811835,2.1494839402445063
ms_realrec_nonenglish_male_SNR_22.08dB_mandarin_mic_clatter.wav,RNNoise v0.2,161716,224cfd107b6c8a2a2c9e69fea5920aa3505c49cdc7ce1aa729fe43535789be4a,2.469862937927246,3.9344954056915906,2.3925111263034853,2.2033163079053018
ms_realrec_nonenglish_male_SNR_22.08dB_mandarin_mic_clatter.wav,GTCRN,161716,224cfd107b6c8a2a2c9e69fea5920aa3505c49cdc7ce1aa729fe43535789be4a,2.806870698928833,4.071509168300548,2.408301473834331,2.230752276764437
ms_realrec_nonenglish_male_SNR_22.29dB_mandarin_mic_chair.wav,Noisy,146143,cebfa96d218eccb805878e30417a84a4957e5efa90c417cf1e94e941b9333397,2.2398107051849365,3.3487511731744495,2.1953098985336283,1.902670272969651
ms_realrec_nonenglish_male_SNR_22.29dB_mandarin_mic_chair.wav,RNNoise v0.2,146143,cebfa96d218eccb805878e30417a84a4957e5efa90c417cf1e94e941b9333397,2.1948893070220947,3.859330472404955,2.2522632699677976,2.088626708918963
ms_realrec_nonenglish_male_SNR_22.29dB_mandarin_mic_chair.wav,GTCRN,146143,cebfa96d218eccb805878e30417a84a4957e5efa90c417cf1e94e941b9333397,2.251844882965088,4.0605492789688835,2.502201581197232,2.3382438842482474
ms_realrec_nonenglish_male_SNR_22.31dB_surfaceb_korean_0.wav,Noisy,192000,c121e79cc80897766cd68b2c9f3fe2459ba3ed1810ef3a6a1829ff2763305bb7,3.163120985031128,3.0190938276174446,3.610829851986329,2.7228879202536977
ms_realrec_nonenglish_male_SNR_22.31dB_surfaceb_korean_0.wav,RNNoise v0.2,192000,c121e79cc80897766cd68b2c9f3fe2459ba3ed1810ef3a6a1829ff2763305bb7,3.576125144958496,3.391670552759301,3.553596109897898,2.875861301527841
ms_realrec_nonenglish_male_SNR_22.31dB_surfaceb_korean_0.wav,GTCRN,192000,c121e79cc80897766cd68b2c9f3fe2459ba3ed1810ef3a6a1829ff2763305bb7,3.747767686843872,4.00775802750104,3.572704299301533,3.2101731403352844
ms_realrec_nonenglish_male_SNR_22.59dB_surfaceb_korean_5.wav,Noisy,119263,6d3818826554831d90fc61246c55dd73639e8a9142644f2c3d288521853765f5,3.7522804737091064,3.3325270951430257,3.643874932474424,2.9560087199702254
ms_realrec_nonenglish_male_SNR_22.59dB_surfaceb_korean_5.wav,RNNoise v0.2,119263,6d3818826554831d90fc61246c55dd73639e8a9142644f2c3d288521853765f5,3.7243847846984863,3.2715224730612698,3.6433306197250053,2.9469083007759105
ms_realrec_nonenglish_male_SNR_22.59dB_surfaceb_korean_5.wav,GTCRN,119263,6d3818826554831d90fc61246c55dd73639e8a9142644f2c3d288521853765f5,3.9892935752868652,3.9863014103843746,3.4787839426480405,3.153016269736578
ms_realrec_nonenglish_male_SNR_23.23dB_surfaceb_emusic_korean_1.wav,Noisy,192000,a23728df136d7255ecddb41c0ec5b1af360ca854ed7a3e7dbde88efafd570644,3.0604324340820312,3.1212132480595485,3.61709914410991,2.7823691280118434
ms_realrec_nonenglish_male_SNR_23.23dB_surfaceb_emusic_korean_1.wav,RNNoise v0.2,192000,a23728df136d7255ecddb41c0ec5b1af360ca854ed7a3e7dbde88efafd570644,3.7742538452148438,3.938592596042232,3.5994370672207876,3.2230747339438657
ms_realrec_nonenglish_male_SNR_23.23dB_surfaceb_emusic_korean_1.wav,GTCRN,192000,a23728df136d7255ecddb41c0ec5b1af360ca854ed7a3e7dbde88efafd570644,3.8709895610809326,4.194649622519795,3.6113407221121587,3.357597531079263
ms_realrec_nonenglish_male_SNR_23.35dB_surfaceb_korean_3.wav,Noisy,192000,bef27ca9c796ebc7e3289690290bea1216f7e5f6516bbc1a258324dfbb31f45d,3.7485568523406982,3.937425546712177,3.602554684844216,3.222214929957195
ms_realrec_nonenglish_male_SNR_23.35dB_surfaceb_korean_3.wav,RNNoise v0.2,192000,bef27ca9c796ebc7e3289690290bea1216f7e5f6516bbc1a258324dfbb31f45d,3.7599518299102783,4.094838773384576,3.626353910443708,3.3308333738153526
ms_realrec_nonenglish_male_SNR_23.35dB_surfaceb_korean_3.wav,GTCRN,192000,bef27ca9c796ebc7e3289690290bea1216f7e5f6516bbc1a258324dfbb31f45d,3.8236706256866455,4.1444811311834,3.6222867835810746,3.351368648937719
ms_realrec_nonenglish_male_SNR_23.72dB_Headphone_Punjabi_Knock.wav,Noisy,295451,412d235fde290184d5c89afd97a2b28ab94b4f5d43e04fec762276ed9c56c11a,3.145249843597412,2.056166151412464,3.478875066702748,2.2043996675771673
ms_realrec_nonenglish_male_SNR_23.72dB_Headphone_Punjabi_Knock.wav,RNNoise v0.2,295451,412d235fde290184d5c89afd97a2b28ab94b4f5d43e04fec762276ed9c56c11a,3.4900076389312744,2.6913828741843173,3.138110246618903,2.25108316569164
ms_realrec_nonenglish_male_SNR_23.72dB_Headphone_Punjabi_Knock.wav,GTCRN,295451,412d235fde290184d5c89afd97a2b28ab94b4f5d43e04fec762276ed9c56c11a,3.6045162677764893,2.9401986542535274,3.174559311104286,2.3839294003327467
ms_realrec_nonenglish_male_SNR_23.87dB_surfaceb_piano_korean_4.wav,Noisy,192000,a1f3d5779dc3021aa33827816a20faf462abe66c03bf9955421c6274de1048e9,3.621147394180298,3.5234884775148316,3.5832671410968544,2.968215022606232
ms_realrec_nonenglish_male_SNR_23.87dB_surfaceb_piano_korean_4.wav,RNNoise v0.2,192000,a1f3d5779dc3021aa33827816a20faf462abe66c03bf9955421c6274de1048e9,3.7605597972869873,3.554997516999588,3.5953286399592344,3.002708126151125
ms_realrec_nonenglish_male_SNR_23.87dB_surfaceb_piano_korean_4.wav,GTCRN,192000,a1f3d5779dc3021aa33827816a20faf462abe66c03bf9955421c6274de1048e9,3.9717769622802734,4.179143702035648,3.5554513764736497,3.304208275614472
ms_realrec_nonenglish_male_SNR_23.97dB_surfaceb_urban_korean2.wav,Noisy,192000,83c01b4634ef1c87ee78809abcfe2c3801a5cd61b3129a3345fd3d731e65eeb3,4.032723903656006,4.180645612349264,3.61783834479862,3.3325915211731307
ms_realrec_nonenglish_male_SNR_23.97dB_surfaceb_urban_korean2.wav,RNNoise v0.2,192000,83c01b4634ef1c87ee78809abcfe2c3801a5cd61b3129a3345fd3d731e65eeb3,4.104565143585205,4.168550601366989,3.6233886642400583,3.3417187436926508
ms_realrec_nonenglish_male_SNR_23.97dB_surfaceb_urban_korean2.wav,GTCRN,192000,83c01b4634ef1c87ee78809abcfe2c3801a5cd61b3129a3345fd3d731e65eeb3,4.080340385437012,4.215274682086526,3.63281602641008,3.366007472009416
ms_realrec_nonenglish_male_SNR_24.01dB_cantonese_headset_kitchen_101.wav,Noisy,170889,10f4d2f1f805e0b16fbab57f8c746082b2eb9cb477101458e6636fed6c336cdf,3.7502799034118652,3.9693065844052517,3.548712736899235,3.217127118477443
ms_realrec_nonenglish_male_SNR_24.01dB_cantonese_headset_kitchen_101.wav,RNNoise v0.2,170889,10f4d2f1f805e0b16fbab57f8c746082b2eb9cb477101458e6636fed6c336cdf,3.866591691970825,4.154873216595372,3.4928238957975215,3.2804441675028744
ms_realrec_nonenglish_male_SNR_24.01dB_cantonese_headset_kitchen_101.wav,GTCRN,170889,10f4d2f1f805e0b16fbab57f8c746082b2eb9cb477101458e6636fed6c336cdf,4.057715892791748,4.205059938442552,3.528883368909062,3.3109884680001507
ms_realrec_nonenglish_male_SNR_24.22dB_mandarin_headset_typing2.wav,Noisy,192000,7aefe9f2615444b24efe1b703496c422d976dfdcff4e37246696556b129c6fc9,3.558722734451294,4.018718321840747,3.537952713855464,3.217265476245627
ms_realrec_nonenglish_male_SNR_24.22dB_mandarin_headset_typing2.wav,RNNoise v0.2,192000,7aefe9f2615444b24efe1b703496c422d976dfdcff4e37246696556b129c6fc9,3.6191623210906982,4.054985886654676,3.5290837776152717,3.2250061494430855
ms_realrec_nonenglish_male_SNR_24.22dB_mandarin_headset_typing2.wav,GTCRN,192000,7aefe9f2615444b24efe1b703496c422d976dfdcff4e37246696556b129c6fc9,3.811063528060913,4.201010068918024,3.546870402424956,3.3046839538955894
ms_realrec_nonenglish_male_SNR_24.49dB_cantonese_headset_vehicle.wav,Noisy,159369,b9c33c26f84fac762aeda9703d06ac65228f08098ed55f71c26eecb12945c4eb,3.8224053382873535,4.147425793806552,3.469386452051462,3.2157046008112666
ms_realrec_nonenglish_male_SNR_24.49dB_cantonese_headset_vehicle.wav,RNNoise v0.2,159369,b9c33c26f84fac762aeda9703d06ac65228f08098ed55f71c26eecb12945c4eb,3.842406749725342,4.107318461591005,3.4663433896787623,3.195330894897323
ms_realrec_nonenglish_male_SNR_24.49dB_cantonese_headset_vehicle.wav,GTCRN,159369,b9c33c26f84fac762aeda9703d06ac65228f08098ed55f71c26eecb12945c4eb,3.967787742614746,4.204743682185862,3.5034850932039086,3.277245953674792
ms_realrec_nonenglish_male_SNR_24.85dB_cantonese_headset_clatter_12.wav,Noisy,176649,69c3dd23bd5fcce5d78008b90f77eaae6500c3c6c83ceefef61f2f683bf478f9,3.764918088912964,4.186648548439843,3.624240047892745,3.3935577318757275
ms_realrec_nonenglish_male_SNR_24.85dB_cantonese_headset_clatter_12.wav,RNNoise v0.2,176649,69c3dd23bd5fcce5d78008b90f77eaae6500c3c6c83ceefef61f2f683bf478f9,3.80588436126709,4.201350389454158,3.5802292059278527,3.368707229256903
ms_realrec_nonenglish_male_SNR_24.85dB_cantonese_headset_clatter_12.wav,GTCRN,176649,69c3dd23bd5fcce5d78008b90f77eaae6500c3c6c83ceefef61f2f683bf478f9,3.960653305053711,4.195599066038915,3.5152751338316266,3.2981420314640584
ms_realrec_nonenglish_male_SNR_24.92dB_surfaceb_urban_korean0.wav,Noisy,192000,c43fd1167fbd6437ff190fed924b96d255d13e656ce32545b841be900f024e94,3.5289909839630127,3.4502235817039906,3.5068304184973846,2.904093367928221
ms_realrec_nonenglish_male_SNR_24.92dB_surfaceb_urban_korean0.wav,RNNoise v0.2,192000,c43fd1167fbd6437ff190fed924b96d255d13e656ce32545b841be900f024e94,3.670926332473755,3.542967534383076,3.516317671768377,2.9438486490549174
ms_realrec_nonenglish_male_SNR_24.92dB_surfaceb_urban_korean0.wav,GTCRN,192000,c43fd1167fbd6437ff190fed924b96d255d13e656ce32545b841be900f024e94,3.8304567337036133,3.8350208291171755,3.44477202776069,3.0083523679439934
ms_realrec_nonenglish_male_SNR_25.26dB_surfaceb_trock_korean_1.wav,Noisy,192000,e0b40000f606f7cf81c6aacf20eb70061b7ca4e9cd763f105cf3e4f52f082ed4,3.0478122234344482,3.151926324969748,3.5215862026801297,2.727155563992999
ms_realrec_nonenglish_male_SNR_25.26dB_surfaceb_trock_korean_1.wav,RNNoise v0.2,192000,e0b40000f606f7cf81c6aacf20eb70061b7ca4e9cd763f105cf3e4f52f082ed4,3.481961250305176,3.6521986533171074,3.546799244117268,2.988832569319218
ms_realrec_nonenglish_male_SNR_25.26dB_surfaceb_trock_korean_1.wav,GTCRN,192000,e0b40000f606f7cf81c6aacf20eb70061b7ca4e9cd763f105cf3e4f52f082ed4,3.5895307064056396,4.0858696732465365,3.383005669338831,3.0581285869151316
ms_realrec_nonenglish_male_SNR_25.45dB_Headphone_Punjabi_PlasticBag.wav,Noisy,315606,a762075f3b9163c48775a3f2eec17fd99c6be864dd6fcba1e1f7fa64e4c39fcc,2.7058751583099365,1.8914208226883347,3.2964728213849717,2.0270690758571264
ms_realrec_nonenglish_male_SNR_25.45dB_Headphone_Punjabi_PlasticBag.wav,RNNoise v0.2,315606,a762075f3b9163c48775a3f2eec17fd99c6be864dd6fcba1e1f7fa64e4c39fcc,2.8408043384552,3.6411280975506277,2.8257106714368265,2.4251879037206256
ms_realrec_nonenglish_male_SNR_25.45dB_Headphone_Punjabi_PlasticBag.wav,GTCRN,315606,a762075f3b9163c48775a3f2eec17fd99c6be864dd6fcba1e1f7fa64e4c39fcc,2.839221954345703,3.88544873615687,2.6425204121316606,2.372012667629742
ms_realrec_nonenglish_male_SNR_25.73dB_cantonese_headset_typing.wav,Noisy,175156,2c67c57f61735f9546db3b7ac34dd65ff2b6d846bb7fd77eb1b0f7949901d1da,3.7038118839263916,4.139545844589331,3.5358655049024232,3.2836335710332953
ms_realrec_nonenglish_male_SNR_25.73dB_cantonese_headset_typing.wav,RNNoise v0.2,175156,2c67c57f61735f9546db3b7ac34dd65ff2b6d846bb7fd77eb1b0f7949901d1da,3.7382278442382812,4.150670030953588,3.5446157130583544,3.292809518804508
ms_realrec_nonenglish_male_SNR_25.73dB_cantonese_headset_typing.wav,GTCRN,175156,2c67c57f61735f9546db3b7ac34dd65ff2b6d846bb7fd77eb1b0f7949901d1da,3.9108686447143555,4.207069997356743,3.5837459001799155,3.362432178379822
ms_realrec_nonenglish_male_SNR_25.79dB_surfaceb_piano_korean_1.wav,Noisy,192000,123b4c58cd1ed2e0c37271b25207a8e4a8986a1b7f875fafb9a34d67e7f80603,3.1457183361053467,3.1894425619311395,3.5977094556956852,2.8379607917820184
ms_realrec_nonenglish_male_SNR_25.79dB_surfaceb_piano_korean_1.wav,RNNoise v0.2,192000,123b4c58cd1ed2e0c37271b25207a8e4a8986a1b7f875fafb9a34d67e7f80603,3.5463359355926514,3.652043699119348,3.6167603874021608,3.0606000532605204
ms_realrec_nonenglish_male_SNR_25.79dB_surfaceb_piano_korean_1.wav,GTCRN,192000,123b4c58cd1ed2e0c37271b25207a8e4a8986a1b7f875fafb9a34d67e7f80603,3.883817672729492,4.109464339677004,3.4799577331077765,3.1759162627353064
ms_realrec_nonenglish_male_SNR_26.01dB_surfaceb_urban_korean3.wav,Noisy,192000,31b0688860a8a3e7340f11e2c28d8f5681077724720df64d9a7329a2267e19db,3.5851707458496094,3.494845664716847,3.5061915221888,2.920083008673609
ms_realrec_nonenglish_male_SNR_26.01dB_surfaceb_urban_korean3.wav,RNNoise v0.2,192000,31b0688860a8a3e7340f11e2c28d8f5681077724720df64d9a7329a2267e19db,3.7206859588623047,3.644796087090986,3.536204240700549,3.000353880043208
ms_realrec_nonenglish_male_SNR_26.01dB_surfaceb_urban_korean3.wav,GTCRN,192000,31b0688860a8a3e7340f11e2c28d8f5681077724720df64d9a7329a2267e19db,3.9433200359344482,3.943044293325664,3.4937673411328354,3.116298478607512
ms_realrec_nonenglish_male_SNR_26.35dB_Headphone_Punjabi2.wav,Noisy,218365,5f3d6e91a5d0b1f634a8c60763dd996ecf331d839a2e3d7a045a81786edb777f,3.61330509185791,3.5448552014429398,3.4744581656563756,2.938136909249301
ms_realrec_nonenglish_male_SNR_26.35dB_Headphone_Punjabi2.wav,RNNoise v0.2,218365,5f3d6e91a5d0b1f634a8c60763dd996ecf331d839a2e3d7a045a81786edb777f,3.686448574066162,3.492918266346552,3.480226698878645,2.915251699194582
ms_realrec_nonenglish_male_SNR_26.35dB_Headphone_Punjabi2.wav,GTCRN,218365,5f3d6e91a5d0b1f634a8c60763dd996ecf331d839a2e3d7a045a81786edb777f,3.7296500205993652,3.8798795525219214,3.2427658810446545,2.8983287230233303
ms_realrec_nonenglish_male_SNR_26.91dB_Headphone_Punjabi_Fingerstap.wav,Noisy,304370,bf5b9d4d357e7dad8218003e6f31d9dc0c457211acb2ead2169fa847ede40516,3.4564647674560547,2.477141970302476,3.4299632719263293,2.382696687962561
ms_realrec_nonenglish_male_SNR_26.91dB_Headphone_Punjabi_Fingerstap.wav,RNNoise v0.2,304370,bf5b9d4d357e7dad8218003e6f31d9dc0c457211acb2ead2169fa847ede40516,3.5683481693267822,3.319066279306543,3.2929194702118467,2.6649959923060775
ms_realrec_nonenglish_male_SNR_26.91dB_Headphone_Punjabi_Fingerstap.wav,GTCRN,304370,bf5b9d4d357e7dad8218003e6f31d9dc0c457211acb2ead2169fa847ede40516,3.628246307373047,3.3339658807336083,3.2470011424831084,2.649510585524402
ms_realrec_nonenglish_male_SNR_27.45dB_cantonese_mic_vechicle6.wav,Noisy,164276,971705458095a56377b93ee2c0ef920a81b305964d549b299a4cc8bda5649af1,3.4651968479156494,3.8927886455736465,2.976105813362205,2.71637557534659
ms_realrec_nonenglish_male_SNR_27.45dB_cantonese_mic_vechicle6.wav,RNNoise v0.2,164276,971705458095a56377b93ee2c0ef920a81b305964d549b299a4cc8bda5649af1,3.524770736694336,4.188772028852015,3.139666624799699,2.969180669160029
ms_realrec_nonenglish_male_SNR_27.45dB_cantonese_mic_vechicle6.wav,GTCRN,164276,971705458095a56377b93ee2c0ef920a81b305964d549b299a4cc8bda5649af1,3.47928786277771,4.198595557623324,3.0725312919723153,2.9189924934437625
ms_realrec_nonenglish_male_SNR_27.6dB_surfaceb_trock_korean_2.wav,Noisy,192000,48fe6b21e8f03079f8248915350535114ef9cbb45ed10abf21246b88240a2445,4.01356840133667,4.14292385961662,3.5336218348871378,3.2204262117006572
ms_realrec_nonenglish_male_SNR_27.6dB_surfaceb_trock_korean_2.wav,RNNoise v0.2,192000,48fe6b21e8f03079f8248915350535114ef9cbb45ed10abf21246b88240a2445,4.047151565551758,4.15347098766521,3.5512851909936387,3.2444930007481325
ms_realrec_nonenglish_male_SNR_27.6dB_surfaceb_trock_korean_2.wav,GTCRN,192000,48fe6b21e8f03079f8248915350535114ef9cbb45ed10abf21246b88240a2445,4.021669387817383,4.133247978408693,3.495450078360736,3.163783264360436
ms_realrec_nonenglish_male_SNR_28.04dB_surfaceb_piano_korean_2.wav,Noisy,192000,464e538d508a8ce7da3341c10c42f08d6f43a8ea99af62fc91314a4c8b817065,4.033588886260986,3.7667935172649565,3.6125199065083335,3.1200417714675255
ms_realrec_nonenglish_male_SNR_28.04dB_surfaceb_piano_korean_2.wav,RNNoise v0.2,192000,464e538d508a8ce7da3341c10c42f08d6f43a8ea99af62fc91314a4c8b817065,4.107395648956299,3.996094664160872,3.6152994811957715,3.252026136001876
ms_realrec_nonenglish_male_SNR_28.04dB_surfaceb_piano_korean_2.wav,GTCRN,192000,464e538d508a8ce7da3341c10c42f08d6f43a8ea99af62fc91314a4c8b817065,4.07240629196167,4.2043332437181755,3.6071598694429716,3.3567184313651666
ms_realrec_nonenglish_male_SNR_28.52dB_Headphone_Punjabi_Typing.wav,Noisy,294536,045a65a457ead5f320a6d841855560696368eda53f9b188c0d88e0b8c902dd60,2.8926570415496826,2.009853989238187,3.551930334192909,2.226327374324162
ms_realrec_nonenglish_male_SNR_28.52dB_Headphone_Punjabi_Typing.wav,RNNoise v0.2,294536,045a65a457ead5f320a6d841855560696368eda53f9b188c0d88e0b8c902dd60,3.0861966609954834,2.249674915594788,3.5691669259477377,2.40796318679021
ms_realrec_nonenglish_male_SNR_28.52dB_Headphone_Punjabi_Typing.wav,GTCRN,294536,045a65a457ead5f320a6d841855560696368eda53f9b188c0d88e0b8c902dd60,3.4356465339660645,3.9561049307615326,3.5530256894175167,3.202774905039206
ms_realrec_nonenglish_male_SNR_28.53dB_surfaceb_music_korean_3.wav,Noisy,192000,8ec56a302f9b4aededfa2c1a24dae2e167c11bf5e5790c0e6ad8ae6887091c28,2.8973381519317627,3.5197464020309663,3.5959776578220812,2.977080541346426
ms_realrec_nonenglish_male_SNR_28.53dB_surfaceb_music_korean_3.wav,RNNoise v0.2,192000,8ec56a302f9b4aededfa2c1a24dae2e167c11bf5e5790c0e6ad8ae6887091c28,3.4820804595947266,3.9774799744282325,3.509715906333969,3.123905894711916
ms_realrec_nonenglish_male_SNR_28.53dB_surfaceb_music_korean_3.wav,GTCRN,192000,8ec56a302f9b4aededfa2c1a24dae2e167c11bf5e5790c0e6ad8ae6887091c28,3.5963516235351562,4.167638304688769,3.544763741805049,3.2697295665756894
ms_realrec_nonenglish_male_SNR_29.12dB_surfaceb_korean_4.wav,Noisy,192000,8e6098359457f60b9cdd659663ed31dd7350b7117de7d280056db9f2cb63b8a8,2.9948689937591553,3.2608476545551106,3.609958367860227,2.8682213194409854
ms_realrec_nonenglish_male_SNR_29.12dB_surfaceb_korean_4.wav,RNNoise v0.2,192000,8e6098359457f60b9cdd659663ed31dd7350b7117de7d280056db9f2cb63b8a8,3.8455917835235596,3.572955804389963,3.5619996192137697,2.985543216905718
ms_realrec_nonenglish_male_SNR_29.12dB_surfaceb_korean_4.wav,GTCRN,192000,8e6098359457f60b9cdd659663ed31dd7350b7117de7d280056db9f2cb63b8a8,3.938015937805176,3.97467498666859,3.5279779790154073,3.17140591680908
ms_realrec_nonenglish_male_SNR_29.47dB_surfaceb_emusic_korean_0.wav,Noisy,192000,131711288d5b95fdb91761c19a242a6a2eed009a68a057c5ccd66aef724b9815,3.5383787155151367,3.5794151879635194,3.5154490412803283,2.939655527028982
ms_realrec_nonenglish_male_SNR_29.47dB_surfaceb_emusic_korean_0.wav,RNNoise v0.2,192000,131711288d5b95fdb91761c19a242a6a2eed009a68a057c5ccd66aef724b9815,3.6538925170898438,3.805086353344707,3.548134923124359,3.088815872772834
ms_realrec_nonenglish_male_SNR_29.47dB_surfaceb_emusic_korean_0.wav,GTCRN,192000,131711288d5b95fdb91761c19a242a6a2eed009a68a057c5ccd66aef724b9815,3.9560024738311768,4.129691294456858,3.5085580064884745,3.2214807218641255
ms_realrec_nonenglish_male_SNR_29.66dB_cantonese_mic_clatter.wav,Noisy,157876,7b9261f1d88f06f48d411bf8a6c24d4347861bfebf4f0af6b958327091260eaa,2.6754891872406006,3.458585408819221,2.341196901777755,2.073195266282343
ms_realrec_nonenglish_male_SNR_29.66dB_cantonese_mic_clatter.wav,RNNoise v0.2,157876,7b9261f1d88f06f48d411bf8a6c24d4347861bfebf4f0af6b958327091260eaa,2.772749662399292,3.9698841967474676,2.6825189987139857,2.481603218916387
ms_realrec_nonenglish_male_SNR_29.66dB_cantonese_mic_clatter.wav,GTCRN,157876,7b9261f1d88f06f48d411bf8a6c24d4347861bfebf4f0af6b958327091260eaa,2.849900245666504,4.092959552165623,2.7480420826996323,2.569139001980869
ms_realrec_nonenglish_male_SNR_30.02dB_surfaceb_korean_2.wav,Noisy,192000,5cb619981857b481c0daf298b2ddc7e7c3615b172b0826611dc4300346fa8546,3.7127115726470947,4.197956991706731,3.6885099841083053,3.437456160932187
ms_realrec_nonenglish_male_SNR_30.02dB_surfaceb_korean_2.wav,RNNoise v0.2,192000,5cb619981857b481c0daf298b2ddc7e7c3615b172b0826611dc4300346fa8546,3.718172788619995,4.21787210912185,3.703063230923188,3.4693250369014184
ms_realrec_nonenglish_male_SNR_30.02dB_surfaceb_korean_2.wav,GTCRN,192000,5cb619981857b481c0daf298b2ddc7e7c3615b172b0826611dc4300346fa8546,3.7541115283966064,4.219965737414639,3.6939756675586732,3.4626149504851647
ms_realrec_nonenglish_male_SNR_30.18dB_surfaceb_urban_korean1.wav,Noisy,192000,a7e5e0ab9fcdf5190f15c51e44b5ebca55c57bc9a174f62bfe9e72f789aaecf4,3.313222885131836,3.7438167628814294,3.574583474938652,3.085004063178364
ms_realrec_nonenglish_male_SNR_30.18dB_surfaceb_urban_korean1.wav,RNNoise v0.2,192000,a7e5e0ab9fcdf5190f15c51e44b5ebca55c57bc9a174f62bfe9e72f789aaecf4,3.763233184814453,4.096027454116664,3.61856904066375,3.302190531159502
ms_realrec_nonenglish_male_SNR_30.18dB_surfaceb_urban_korean1.wav,GTCRN,192000,a7e5e0ab9fcdf5190f15c51e44b5ebca55c57bc9a174f62bfe9e72f789aaecf4,3.7545948028564453,4.120252257099988,3.532444078553899,3.2208311956331355
ms_realrec_nonenglish_male_SNR_30.2dB_surfaceb_korean_1.wav,Noisy,192000,70671d7b8ce0272f5ca1200e16048ec71589aa182abba90956630bdea561a43f,3.0219719409942627,2.856428426322348,3.5947369329642993,2.6522609502350876
ms_realrec_nonenglish_male_SNR_30.2dB_surfaceb_korean_1.wav,RNNoise v0.2,192000,70671d7b8ce0272f5ca1200e16048ec71589aa182abba90956630bdea561a43f,3.627187490463257,4.002222879646109,3.59341389156778,3.2516506910976557
ms_realrec_nonenglish_male_SNR_30.2dB_surfaceb_korean_1.wav,GTCRN,192000,70671d7b8ce0272f5ca1200e16048ec71589aa182abba90956630bdea561a43f,3.6978414058685303,4.085694509401592,3.5674102131733583,3.2797410080573566
ms_realrec_nonenglish_male_SNR_30.5dB_Headphone_Punjabi_Paper.wav,Noisy,276240,5b814e80b18374c6c90234f15030f2cfe36bb68a619445ac15e41df668edc0af,2.606459140777588,1.3193629699903549,2.8334420228038013,1.5455199294542314
ms_realrec_nonenglish_male_SNR_30.5dB_Headphone_Punjabi_Paper.wav,RNNoise v0.2,276240,5b814e80b18374c6c90234f15030f2cfe36bb68a619445ac15e41df668edc0af,2.662260055541992,3.620156524108188,2.471165713978287,2.1320441334171663
ms_realrec_nonenglish_male_SNR_30.5dB_Headphone_Punjabi_Paper.wav,GTCRN,276240,5b814e80b18374c6c90234f15030f2cfe36bb68a619445ac15e41df668edc0af,2.5642426013946533,3.691158050719362,2.210682441230323,1.9449662970219748
ms_realrec_nonenglish_male_SNR_30.74dB_surfaceb_music_korean_1.wav,Noisy,192000,0a5b8ac37801e9553bcea9d4ba4d63402ab6c8b7d4fcc4ca473766142e423ebe,2.9871671199798584,3.2324910697658495,3.5898262964735785,2.8405418371307722
ms_realrec_nonenglish_male_SNR_30.74dB_surfaceb_music_korean_1.wav,RNNoise v0.2,192000,0a5b8ac37801e9553bcea9d4ba4d63402ab6c8b7d4fcc4ca473766142e423ebe,3.28466796875,4.011215696204396,3.550391731130302,3.20625013685493
ms_realrec_nonenglish_male_SNR_30.74dB_surfaceb_music_korean_1.wav,GTCRN,192000,0a5b8ac37801e9553bcea9d4ba4d63402ab6c8b7d4fcc4ca473766142e423ebe,3.461472511291504,4.160577568239879,3.5454485489986354,3.286983034255188
ms_realrec_nonenglish_male_SNR_32.29dB_mandarin_headset_vechicle1.wav,Noisy,181769,5068cd5e7bab849ffd54124b21bc5d39033eeea5636c41fc7741518028e3cfd0,3.9896132946014404,4.179571672216644,3.6193070448973623,3.3758621196471887
ms_realrec_nonenglish_male_SNR_32.29dB_mandarin_headset_vechicle1.wav,RNNoise v0.2,181769,5068cd5e7bab849ffd54124b21bc5d39033eeea5636c41fc7741518028e3cfd0,3.9911117553710938,4.208102767154917,3.6293209509608286,3.40442263182951
ms_realrec_nonenglish_male_SNR_32.29dB_mandarin_headset_vechicle1.wav,GTCRN,181769,5068cd5e7bab849ffd54124b21bc5d39033eeea5636c41fc7741518028e3cfd0,4.072473526000977,4.223923874122844,3.635618564132626,3.4135007515763074
ms_realrec_nonenglish_male_SNR_32.5dB_surfaceb_emusic_korean_3.wav,Noisy,192000,4bf6f1e3d7b4f7e92667b953834263fa280d73049ad5bb2357b87ab2a9615d3b,3.778487205505371,4.158179753008036,3.5728250963963486,3.29639970944803
ms_realrec_nonenglish_male_SNR_32.5dB_surfaceb_emusic_korean_3.wav,RNNoise v0.2,192000,4bf6f1e3d7b4f7e92667b953834263fa280d73049ad5bb2357b87ab2a9615d3b,3.952214002609253,4.186500222958862,3.5809540358837535,3.3160496187441963
ms_realrec_nonenglish_male_SNR_32.5dB_surfaceb_emusic_korean_3.wav,GTCRN,192000,4bf6f1e3d7b4f7e92667b953834263fa280d73049ad5bb2357b87ab2a9615d3b,3.8952524662017822,4.1956072973432335,3.582511470464239,3.3254751677010645
ms_realrec_nonenglish_male_SNR_32.78dB_surfaceb_trock_korean_5.wav,Noisy,146783,c2090876de94e1cc894c6d00a0aa80559415f36b69a514edcb381441202e132a,3.7782154083251953,4.087609987923698,3.578927499370418,3.2476149869499666
ms_realrec_nonenglish_male_SNR_32.78dB_surfaceb_trock_korean_5.wav,RNNoise v0.2,146783,c2090876de94e1cc894c6d00a0aa80559415f36b69a514edcb381441202e132a,3.828263282775879,4.120689187293705,3.5356002350366937,3.2257322505653545
ms_realrec_nonenglish_male_SNR_32.78dB_surfaceb_trock_korean_5.wav,GTCRN,146783,c2090876de94e1cc894c6d00a0aa80559415f36b69a514edcb381441202e132a,3.828660488128662,4.1939717993722025,3.5976231719915175,3.3183986000839916
ms_realrec_nonenglish_male_SNR_34.16dB_Headphone_Punjabi_fan.wav,Noisy,273810,8e164232fbc66a83252769c185f611a1f32b05d48871418eb7549cfe05890c78,3.1139657497406006,3.0375512955409514,3.509772799604552,2.6994569645605275
ms_realrec_nonenglish_male_SNR_34.16dB_Headphone_Punjabi_fan.wav,RNNoise v0.2,273810,8e164232fbc66a83252769c185f611a1f32b05d48871418eb7549cfe05890c78,3.6888580322265625,4.043790179905185,3.3902479365305718,3.0980105347997045
ms_realrec_nonenglish_male_SNR_34.16dB_Headphone_Punjabi_fan.wav,GTCRN,273810,8e164232fbc66a83252769c185f611a1f32b05d48871418eb7549cfe05890c78,3.7924323081970215,4.132300201696806,3.5229570398149037,3.250345794360174
ms_realrec_nonenglish_male_SNR_34.95dB_Headphone_Punjabi.wav,Noisy,195322,005d6abb9779ef4828857f64528c00e95365f42e922fe2129968fed2865d7aa2,3.575697898864746,3.5336885149043655,3.3964090247498286,2.891252207290652
ms_realrec_nonenglish_male_SNR_34.95dB_Headphone_Punjabi.wav,RNNoise v0.2,195322,005d6abb9779ef4828857f64528c00e95365f42e922fe2129968fed2865d7aa2,3.7901527881622314,3.9296844160382443,3.5078244840916923,3.149232489219582
ms_realrec_nonenglish_male_SNR_34.95dB_Headphone_Punjabi.wav,GTCRN,195322,005d6abb9779ef4828857f64528c00e95365f42e922fe2129968fed2865d7aa2,3.7926642894744873,3.9571878882199933,3.421041001508699,3.079791687258608
ms_realrec_nonenglish_male_SNR_35.58dB_surfaceb_piano_korean_3.wav,Noisy,192000,3ab61c5153d36bb32172d5f25afd67dad56799efba20c16ae04837046d3c9aab,3.990612030029297,4.188897607988975,3.5852955241284334,3.3262227181001784
ms_realrec_nonenglish_male_SNR_35.58dB_surfaceb_piano_korean_3.wav,RNNoise v0.2,192000,3ab61c5153d36bb32172d5f25afd67dad56799efba20c16ae04837046d3c9aab,4.033179759979248,4.220827779074713,3.635652240486268,3.3776867513152986
ms_realrec_nonenglish_male_SNR_35.58dB_surfaceb_piano_korean_3.wav,GTCRN,192000,3ab61c5153d36bb32172d5f25afd67dad56799efba20c16ae04837046d3c9aab,3.9572832584381104,4.2028803917876045,3.5730935960503167,3.3264460251960415
ms_realrec_nonenglish_male_SNR_41.14dB_mandarin_headset_kitchen.wav,Noisy,183689,8b1f260e52b5bce4c9b869fb71571161b1c9b8b4bac95364a8bf68a91063d303,3.825850009918213,4.174598125076065,3.631918409962479,3.3904195337113174
ms_realrec_nonenglish_male_SNR_41.14dB_mandarin_headset_kitchen.wav,RNNoise v0.2,183689,8b1f260e52b5bce4c9b869fb71571161b1c9b8b4bac95364a8bf68a91063d303,3.9586663246154785,4.213468051509272,3.641110094045768,3.437138245511294
ms_realrec_nonenglish_male_SNR_41.14dB_mandarin_headset_kitchen.wav,GTCRN,183689,8b1f260e52b5bce4c9b869fb71571161b1c9b8b4bac95364a8bf68a91063d303,4.011259078979492,4.212120369365446,3.6136286529271295,3.411448123210859
nonenglish_synthetic_female_SNR_11.8dB_italian_7.wav,Noisy,192000,bf4f9cef50acf65ff523a82d6401dbc3d31288d6d315c8d0a8ea78d35ecd0732,2.923569679260254,1.8368320702529362,2.8311475303755453,1.8308342232535049
nonenglish_synthetic_female_SNR_11.8dB_italian_7.wav,RNNoise v0.2,192000,bf4f9cef50acf65ff523a82d6401dbc3d31288d6d315c8d0a8ea78d35ecd0732,3.7281856536865234,4.069716037627867,3.090812667894536,2.8405173073706265
nonenglish_synthetic_female_SNR_11.8dB_italian_7.wav,GTCRN,192000,bf4f9cef50acf65ff523a82d6401dbc3d31288d6d315c8d0a8ea78d35ecd0732,3.693699836730957,3.9517127245744406,2.6884824115168002,2.472883170089484
nonenglish_synthetic_female_SNR_12.21dB_italian_12.wav,Noisy,192000,6a00ceaa3a59997df460482693752bf169f081f2befba80207fa972c96eca4e4,2.6079728603363037,2.4926188277872963,3.4152761077375686,2.3661615255388297
nonenglish_synthetic_female_SNR_12.21dB_italian_12.wav,RNNoise v0.2,192000,6a00ceaa3a59997df460482693752bf169f081f2befba80207fa972c96eca4e4,3.165318250656128,3.792081549472051,3.0982430753674994,2.7413062023865007
nonenglish_synthetic_female_SNR_12.21dB_italian_12.wav,GTCRN,192000,6a00ceaa3a59997df460482693752bf169f081f2befba80207fa972c96eca4e4,3.519948720932007,3.7731347070415633,3.0295223382932073,2.670316250348966
nonenglish_synthetic_female_SNR_25.27dB_italian_4.wav,Noisy,192000,bac505a99bc57eefe5c45cb5f9dd7f49dc131136acbaa56bf018cfae5cd6416d,2.7738349437713623,2.557883949406246,2.914428342888342,2.1457039923616423
nonenglish_synthetic_female_SNR_25.27dB_italian_4.wav,RNNoise v0.2,192000,bac505a99bc57eefe5c45cb5f9dd7f49dc131136acbaa56bf018cfae5cd6416d,3.0706088542938232,3.65416838505922,2.9176073559966635,2.529852233433909
nonenglish_synthetic_female_SNR_25.27dB_italian_4.wav,GTCRN,192000,bac505a99bc57eefe5c45cb5f9dd7f49dc131136acbaa56bf018cfae5cd6416d,3.2652885913848877,4.02208972373605,3.083329146157036,2.8172133871666687
nonenglish_synthetic_group_SNR_17.34dB_italian_14.wav,Noisy,192000,c7605e1317cd624873c358dd36daea4637f977354487f1ee4d4635f65b87269d,2.779254913330078,2.1588939429691343,3.2262784081385134,2.1723964123236996
nonenglish_synthetic_group_SNR_17.34dB_italian_14.wav,RNNoise v0.2,192000,c7605e1317cd624873c358dd36daea4637f977354487f1ee4d4635f65b87269d,2.9649343490600586,3.412825856879596,3.095115191356983,2.5732568377050336
nonenglish_synthetic_group_SNR_17.34dB_italian_14.wav,GTCRN,192000,c7605e1317cd624873c358dd36daea4637f977354487f1ee4d4635f65b87269d,3.1301727294921875,3.620625252661746,2.763923846250098,2.410998172433833
nonenglish_synthetic_male_SNR_10.18dB_chinese_0.wav,Noisy,192000,76910f5294aa1117464ea87bc4c121be2dbe30195a3f00e25504f6e1d1ca9be7,2.412447690963745,3.0771487342046107,3.282435664338005,2.4994446273164392
nonenglish_synthetic_male_SNR_10.18dB_chinese_0.wav,RNNoise v0.2,192000,76910f5294aa1117464ea87bc4c121be2dbe30195a3f00e25504f6e1d1ca9be7,3.217741012573242,4.107468344038948,3.212500367652946,2.9704589313914678
nonenglish_synthetic_male_SNR_10.18dB_chinese_0.wav,GTCRN,192000,76910f5294aa1117464ea87bc4c121be2dbe30195a3f00e25504f6e1d1ca9be7,3.3040266036987305,4.04412203301034,2.93553928789948,2.709594703749566
nonenglish_synthetic_male_SNR_10.26dB_french_11.wav,Noisy,192000,06f72350c0990f84a3fdf9686f349b262a170050a6181622f4dd6a7c9ec2a7fd,2.776717185974121,2.9282948501974952,3.3566147313564,2.51723659847134
nonenglish_synthetic_male_SNR_10.26dB_french_11.wav,RNNoise v0.2,192000,06f72350c0990f84a3fdf9686f349b262a170050a6181622f4dd6a7c9ec2a7fd,3.2114267349243164,4.035865066290822,3.113597324313566,2.826882171802867
nonenglish_synthetic_male_SNR_10.26dB_french_11.wav,GTCRN,192000,06f72350c0990f84a3fdf9686f349b262a170050a6181622f4dd6a7c9ec2a7fd,3.319838285446167,3.9689323817667685,2.737892649245492,2.4897185460529783
nonenglish_synthetic_male_SNR_10.39dB_french_4.wav,Noisy,192000,0d7694d24be7656a2efbca552c2c1c5ee007f348c847e1a590f7c0d28702cd14,2.7225663661956787,2.608736021209235,3.2376723507885283,2.309271932494124
nonenglish_synthetic_male_SNR_10.39dB_french_4.wav,RNNoise v0.2,192000,0d7694d24be7656a2efbca552c2c1c5ee007f348c847e1a590f7c0d28702cd14,3.250391721725464,4.062409511126321,3.0766986857064285,2.8222053906272215
nonenglish_synthetic_male_SNR_10.39dB_french_4.wav,GTCRN,192000,0d7694d24be7656a2efbca552c2c1c5ee007f348c847e1a590f7c0d28702cd14,3.3473780155181885,4.061401680095202,2.9936040804083563,2.7498124028109996
nonenglish_synthetic_male_SNR_10.42dB_portuguese_10.wav,Noisy,192000,c11132a7838326ce1abeb2580ed8dbbeaf1b1eb7e9f554b88c1ee1e45224e0b7,2.4734508991241455,2.1440737317096255,2.5371812720370666,1.8162579820371387
nonenglish_synthetic_male_SNR_10.42dB_portuguese_10.wav,RNNoise v0.2,192000,c11132a7838326ce1abeb2580ed8dbbeaf1b1eb7e9f554b88c1ee1e45224e0b7,2.975147008895874,3.947847402098926,2.4403322231787095,2.235508949428453
nonenglish_synthetic_male_SNR_10.42dB_portuguese_10.wav,GTCRN,192000,c11132a7838326ce1abeb2580ed8dbbeaf1b1eb7e9f554b88c1ee1e45224e0b7,2.9720077514648438,3.866277982805444,2.3905689566396937,2.1555460535233664
nonenglish_synthetic_male_SNR_10.43dB_italian_2.wav,Noisy,192000,fe79ccb26d8c432f32211286d404a583c0bca6156818920eb96276cf2397da79,2.950424909591675,2.9595967089593196,3.5191658277037146,2.5905636791736426
nonenglish_synthetic_male_SNR_10.43dB_italian_2.wav,RNNoise v0.2,192000,fe79ccb26d8c432f32211286d404a583c0bca6156818920eb96276cf2397da79,3.5060813426971436,4.108933867351332,3.2928538786647454,3.0436956742426946
nonenglish_synthetic_male_SNR_10.43dB_italian_2.wav,GTCRN,192000,fe79ccb26d8c432f32211286d404a583c0bca6156818920eb96276cf2397da79,3.4875595569610596,4.0893917781078395,3.245157592377763,2.9927211112699474
nonenglish_synthetic_male_SNR_10.81dB_french_2.wav,Noisy,192000,68b7cda9ea508ab00be98f5ac35e1740e528ce0e2fffe15c4a0152d3d17a27b6,3.2759971618652344,3.41774018463135,3.529847231170018,2.8945908946751477
nonenglish_synthetic_male_SNR_10.81dB_french_2.wav,RNNoise v0.2,192000,68b7cda9ea508ab00be98f5ac35e1740e528ce0e2fffe15c4a0152d3d17a27b6,3.721062421798706,4.176529803033847,3.4981160883218045,3.248658483206373
nonenglish_synthetic_male_SNR_10.81dB_french_2.wav,GTCRN,192000,68b7cda9ea508ab00be98f5ac35e1740e528ce0e2fffe15c4a0152d3d17a27b6,3.7894012928009033,4.096029424566459,3.411839433342266,3.136278645432213
nonenglish_synthetic_male_SNR_11.32dB_german_8.wav,Noisy,192000,7c19dfeba7eb7061cc34032ed761e577150b1ac26898932cedc868d07cb0ce18,2.2658028602600098,1.6011815324552863,2.5148005291475943,1.5641414037124006
nonenglish_synthetic_male_SNR_11.32dB_german_8.wav,RNNoise v0.2,192000,7c19dfeba7eb7061cc34032ed761e577150b1ac26898932cedc868d07cb0ce18,3.019648313522339,3.9636921028125767,2.678774345948462,2.46139306759024
nonenglish_synthetic_male_SNR_11.32dB_german_8.wav,GTCRN,192000,7c19dfeba7eb7061cc34032ed761e577150b1ac26898932cedc868d07cb0ce18,3.0328292846679688,3.7440108903108738,1.9544034532548764,1.7730121501918334
nonenglish_synthetic_male_SNR_11.8dB_french_7.wav,Noisy,192000,3f82f448d444ec0dc799cb67f15a1f8eecd9f9ebb63a6696ac00a87ae8f6d27f,2.4498798847198486,1.8878377734899094,2.7632961401813514,1.7548186243118795
nonenglish_synthetic_male_SNR_11.8dB_french_7.wav,RNNoise v0.2,192000,3f82f448d444ec0dc799cb67f15a1f8eecd9f9ebb63a6696ac00a87ae8f6d27f,2.908827543258667,3.79462078245326,2.838078788406951,2.4969535791887805
nonenglish_synthetic_male_SNR_11.8dB_french_7.wav,GTCRN,192000,3f82f448d444ec0dc799cb67f15a1f8eecd9f9ebb63a6696ac00a87ae8f6d27f,3.1575067043304443,3.8951698843183453,2.8684987460547973,2.5648030712627974
nonenglish_synthetic_male_SNR_12.77dB_portuguese_0.wav,Noisy,192000,a89b930248830f02a03b87a02bd4284043508fc1f38015980f2d1018b465b0fd,2.9736156463623047,2.2164383850167613,3.224668400825942,2.164300159934721
nonenglish_synthetic_male_SNR_12.77dB_portuguese_0.wav,RNNoise v0.2,192000,a89b930248830f02a03b87a02bd4284043508fc1f38015980f2d1018b465b0fd,3.248210906982422,3.898657062416671,2.9337033333896776,2.6302264851841435
nonenglish_synthetic_male_SNR_12.77dB_portuguese_0.wav,GTCRN,192000,a89b930248830f02a03b87a02bd4284043508fc1f38015980f2d1018b465b0fd,3.439880609512329,3.640111811638563,3.0231206570369857,2.6126814075835347
nonenglish_synthetic_male_SNR_12.94dB_italian_8.wav,Noisy,192000,b165714d858d1e87147f382832e4ff97809de64db4931e70f09950c77ab25bf1,2.5875396728515625,1.8035847467608768,2.846189391621747,1.8117003309349495
nonenglish_synthetic_male_SNR_12.94dB_italian_8.wav,RNNoise v0.2,192000,b165714d858d1e87147f382832e4ff97809de64db4931e70f09950c77ab25bf1,3.286707878112793,3.9378669134272735,3.351051173246655,2.9928298144891077
nonenglish_synthetic_male_SNR_12.94dB_italian_8.wav,GTCRN,192000,b165714d858d1e87147f382832e4ff97809de64db4931e70f09950c77ab25bf1,3.5390121936798096,4.126516347689983,3.1621806730198365,2.937874676309189
nonenglish_synthetic_male_SNR_13.38dB_portuguese_1.wav,Noisy,192000,d40146192908a13a99f9e4887c93390b81e23a5c10c6e00a4b952592d54b8980,2.9375228881835938,3.4006813616755824,3.4714639688324525,2.737854174456689
nonenglish_synthetic_male_SNR_13.38dB_portuguese_1.wav,RNNoise v0.2,192000,d40146192908a13a99f9e4887c93390b81e23a5c10c6e00a4b952592d54b8980,3.1211555004119873,3.367730728648431,3.3051490158010224,2.672378882702651
nonenglish_synthetic_male_SNR_13.38dB_portuguese_1.wav,GTCRN,192000,d40146192908a13a99f9e4887c93390b81e23a5c10c6e00a4b952592d54b8980,3.479430913925171,4.104338085484862,3.3706482836737783,3.0716780297151978
nonenglish_synthetic_male_SNR_14.06dB_german_7.wav,Noisy,192000,409d3c10e89e3822cd14edad23c7f39c2215a6ca18856e4a0344fe00a21bec08,3.03839111328125,3.093508679254626,3.196847865356546,2.478210666949041
nonenglish_synthetic_male_SNR_14.06dB_german_7.wav,RNNoise v0.2,192000,409d3c10e89e3822cd14edad23c7f39c2215a6ca18856e4a0344fe00a21bec08,3.5967864990234375,4.026635663249495,3.0642359496596403,2.7944678139939136
nonenglish_synthetic_male_SNR_14.06dB_german_7.wav,GTCRN,192000,409d3c10e89e3822cd14edad23c7f39c2215a6ca18856e4a0344fe00a21bec08,3.7046546936035156,4.032726159550151,3.092086144211594,2.8110124727566324
nonenglish_synthetic_male_SNR_14.08dB_french_10.wav,Noisy,192000,bbde76496a3229df4a5626171221a84f2b360490cf1106acfb507e70112fe0f2,2.4139087200164795,1.9020451345445115,2.789812228942635,1.6683584989382585
nonenglish_synthetic_male_SNR_14.08dB_french_10.wav,RNNoise v0.2,192000,bbde76496a3229df4a5626171221a84f2b360490cf1106acfb507e70112fe0f2,3.0582523345947266,3.9125352789967827,2.4986278518118805,2.277455125039145
nonenglish_synthetic_male_SNR_14.08dB_french_10.wav,GTCRN,192000,bbde76496a3229df4a5626171221a84f2b360490cf1106acfb507e70112fe0f2,3.404214859008789,3.9954852866610087,2.5790363689691715,2.366796513215533
nonenglish_synthetic_male_SNR_14.5dB_french_1.wav,Noisy,192000,986bebd39c4dffcf3eee8ace1c5b8205fbc91980da9d2f2224221d46edb0647d,2.7750232219696045,1.7213166613598423,3.0681819107472132,1.8057788740328486
nonenglish_synthetic_male_SNR_14.5dB_french_1.wav,RNNoise v0.2,192000,986bebd39c4dffcf3eee8ace1c5b8205fbc91980da9d2f2224221d46edb0647d,2.6876914501190186,2.049821669185379,3.0439595157757804,1.9185873461489311
nonenglish_synthetic_male_SNR_14.5dB_french_1.wav,GTCRN,192000,986bebd39c4dffcf3eee8ace1c5b8205fbc91980da9d2f2224221d46edb0647d,3.3350765705108643,3.471338713207832,2.912575236286944,2.462561162151848
nonenglish_synthetic_male_SNR_14.8dB_german_9.wav,Noisy,192000,d420afa4fabc1658cbf729252cad481e7fa8b38bebaa0f0a0c841ecf1454d843,2.776038408279419,3.271569489162746,3.218186501853978,2.5117686373777395
nonenglish_synthetic_male_SNR_14.8dB_german_9.wav,RNNoise v0.2,192000,d420afa4fabc1658cbf729252cad481e7fa8b38bebaa0f0a0c841ecf1454d843,3.0563576221466064,3.9018467530895955,3.133507409293809,2.764810846849802
nonenglish_synthetic_male_SNR_14.8dB_german_9.wav,GTCRN,192000,d420afa4fabc1658cbf729252cad481e7fa8b38bebaa0f0a0c841ecf1454d843,3.3712565898895264,3.7144109629393944,3.0296964404060502,2.577817394622725
nonenglish_synthetic_male_SNR_14.9dB_french_0.wav,Noisy,192000,c74ccb84f0777ea9fcfd0b5bfd9aba9a488fcdb9d078a15e8ff1c4812b40a60a,2.7225544452667236,2.1554061061298913,2.7625260798982882,1.8540053599836106
nonenglish_synthetic_male_SNR_14.9dB_french_0.wav,RNNoise v0.2,192000,c74ccb84f0777ea9fcfd0b5bfd9aba9a488fcdb9d078a15e8ff1c4812b40a60a,3.0920259952545166,4.022765100747831,2.9612339524366207,2.702660799134638
nonenglish_synthetic_male_SNR_14.9dB_french_0.wav,GTCRN,192000,c74ccb84f0777ea9fcfd0b5bfd9aba9a488fcdb9d078a15e8ff1c4812b40a60a,3.1998183727264404,3.8606691315461474,2.6519502132765886,2.397845196204477
nonenglish_synthetic_male_SNR_15.11dB_german_14.wav,Noisy,192000,738258367a21bc0e36e6d84fb2d80f9ab2364875d355ccd9cc800caf7157a182,2.478012800216675,2.2928176011606993,3.1717345273020303,2.135989132499579
nonenglish_synthetic_male_SNR_15.11dB_german_14.wav,RNNoise v0.2,192000,738258367a21bc0e36e6d84fb2d80f9ab2364875d355ccd9cc800caf7157a182,3.120866060256958,3.9456567211902347,2.895298576962096,2.639560431257189
nonenglish_synthetic_male_SNR_15.11dB_german_14.wav,GTCRN,192000,738258367a21bc0e36e6d84fb2d80f9ab2364875d355ccd9cc800caf7157a182,3.335249185562134,3.98339779328505,2.801412656927665,2.5448854893261754
nonenglish_synthetic_male_SNR_15.74dB_french_9.wav,Noisy,192000,d47c406fbb951dd0b5507a554edce98dda53d6f4f9ced91c9050725bd58b772d,3.4018795490264893,3.657098146419168,3.4210583922021587,2.9194642846109873
nonenglish_synthetic_male_SNR_15.74dB_french_9.wav,RNNoise v0.2,192000,d47c406fbb951dd0b5507a554edce98dda53d6f4f9ced91c9050725bd58b772d,3.53796648979187,4.08803244204766,3.0873754721413,2.844782201632165
nonenglish_synthetic_male_SNR_15.74dB_french_9.wav,GTCRN,192000,d47c406fbb951dd0b5507a554edce98dda53d6f4f9ced91c9050725bd58b772d,3.5832698345184326,4.171412352601647,3.297300981469018,3.0604057111123457
nonenglish_synthetic_male_SNR_16.09dB_german_15.wav,Noisy,192000,345e2c7febd91e965eb5b33c2ac5d8e9eaece8c9577a1c1eadf167d554773f9d,2.899160385131836,2.386378055752541,3.178894586758956,2.1466718661445423
nonenglish_synthetic_male_SNR_16.09dB_german_15.wav,RNNoise v0.2,192000,345e2c7febd91e965eb5b33c2ac5d8e9eaece8c9577a1c1eadf167d554773f9d,3.1404683589935303,2.577623294582051,3.2054744499650827,2.260017058550201
nonenglish_synthetic_male_SNR_16.09dB_german_15.wav,GTCRN,192000,345e2c7febd91e965eb5b33c2ac5d8e9eaece8c9577a1c1eadf167d554773f9d,3.3588666915893555,3.76168788606115,2.942485412967036,2.5923696210727063
nonenglish_synthetic_male_SNR_16.15dB_italian_5.wav,Noisy,192000,ba0feab0791abeade352838bfea96ae142d2ef08e559f3a5de2800d86b38111a,2.7735536098480225,2.110357163078115,2.7587330921699382,1.908772799776257
nonenglish_synthetic_male_SNR_16.15dB_italian_5.wav,RNNoise v0.2,192000,ba0feab0791abeade352838bfea96ae142d2ef08e559f3a5de2800d86b38111a,3.1753756999969482,3.6930871682332564,2.961132832525075,2.575864065238976
nonenglish_synthetic_male_SNR_16.15dB_italian_5.wav,GTCRN,192000,ba0feab0791abeade352838bfea96ae142d2ef08e559f3a5de2800d86b38111a,3.407395601272583,3.9292446619031574,2.9812607052339857,2.6759097073755758
nonenglish_synthetic_male_SNR_16.57dB_italian_1.wav,Noisy,192000,884c64a7a08c273fad6541295cc01004c44645888ff46f347c0d2336010e678d,3.0406723022460938,3.187790126285577,3.5426448519274434,2.773925819098835
nonenglish_synthetic_male_SNR_16.57dB_italian_1.wav,RNNoise v0.2,192000,884c64a7a08c273fad6541295cc01004c44645888ff46f347c0d2336010e678d,3.537757158279419,4.099101705552443,3.368209448494809,3.099535030115934
nonenglish_synthetic_male_SNR_16.57dB_italian_1.wav,GTCRN,192000,884c64a7a08c273fad6541295cc01004c44645888ff46f347c0d2336010e678d,3.6652653217315674,4.153145789800274,3.365686119880324,3.1291019471898154
nonenglish_synthetic_male_SNR_16.57dB_portuguese_7.wav,Noisy,192000,6c7779dc8844f8db2d5dd4920f0566e426f0ece8576b734ed870502e476d63d3,2.8248178958892822,3.3078280482699376,3.482904468112521,2.7412283756658997
nonenglish_synthetic_male_SNR_16.57dB_portuguese_7.wav,RNNoise v0.2,192000,6c7779dc8844f8db2d5dd4920f0566e426f0ece8576b734ed870502e476d63d3,3.5731399059295654,4.053215800830469,3.2297804037124753,2.929058077561964
nonenglish_synthetic_male_SNR_16.57dB_portuguese_7.wav,GTCRN,192000,6c7779dc8844f8db2d5dd4920f0566e426f0ece8576b734ed870502e476d63d3,3.755547285079956,4.097749235242767,3.271411197257709,2.992017931175577
nonenglish_synthetic_male_SNR_16.71dB_french_3.wav,Noisy,192000,609af377ade00afd0103b88ba6da220d2fcdbb79cf2b89400137482159a2a4e0,2.743187189102173,3.252567429040733,3.2181592634560716,2.5174023461223407
nonenglish_synthetic_male_SNR_16.71dB_french_3.wav,RNNoise v0.2,192000,609af377ade00afd0103b88ba6da220d2fcdbb79cf2b89400137482159a2a4e0,3.207733392715454,3.9477236560873905,3.071889501018154,2.7738580425134316
nonenglish_synthetic_male_SNR_16.71dB_french_3.wav,GTCRN,192000,609af377ade00afd0103b88ba6da220d2fcdbb79cf2b89400137482159a2a4e0,3.5955638885498047,4.078870331041915,3.127828149999965,2.8823429090608603
nonenglish_synthetic_male_SNR_17.1dB_french_8.wav,Noisy,192000,e6a8ec51ebd7f326366d5683452d83bfbe0afa107276f78c241249b4cfb6ce2e,2.9653842449188232,2.2567716678584584,2.6909847435983063,1.9640627008616478
nonenglish_synthetic_male_SNR_17.1dB_french_8.wav,RNNoise v0.2,192000,e6a8ec51ebd7f326366d5683452d83bfbe0afa107276f78c241249b4cfb6ce2e,3.3262245655059814,3.0349274107159254,3.039227889317574,2.2982541432434798
nonenglish_synthetic_male_SNR_17.1dB_french_8.wav,GTCRN,192000,e6a8ec51ebd7f326366d5683452d83bfbe0afa107276f78c241249b4cfb6ce2e,3.432138204574585,3.59261569573832,3.0016865553536385,2.500174531364011
nonenglish_synthetic_male_SNR_17.32dB_german_2.wav,Noisy,192000,03d856389f08066ab4006abe1c168306109efceb45ad898afd0e5732816e6e5b,2.639436960220337,2.6959382151554494,3.257711302098157,2.3286391585283064
nonenglish_synthetic_male_SNR_17.32dB_german_2.wav,RNNoise v0.2,192000,03d856389f08066ab4006abe1c168306109efceb45ad898afd0e5732816e6e5b,2.843621015548706,3.98955406221037,2.484521265251869,2.2719615224314946
nonenglish_synthetic_male_SNR_17.32dB_german_2.wav,GTCRN,192000,03d856389f08066ab4006abe1c168306109efceb45ad898afd0e5732816e6e5b,3.0360307693481445,4.021957687907725,2.5468347144315495,2.3285330437588363
nonenglish_synthetic_male_SNR_17.69dB_portuguese_4.wav,Noisy,192000,5c75e25633319f20006eebf926974f7a9c55b72652ff974ae962e7ab5afab6df,2.8458049297332764,2.632070177992264,3.0923671174436795,2.27244113317304
nonenglish_synthetic_male_SNR_17.69dB_portuguese_4.wav,RNNoise v0.2,192000,5c75e25633319f20006eebf926974f7a9c55b72652ff974ae962e7ab5afab6df,3.0102360248565674,3.788300032422215,2.926415946418907,2.600753048444244
nonenglish_synthetic_male_SNR_17.69dB_portuguese_4.wav,GTCRN,192000,5c75e25633319f20006eebf926974f7a9c55b72652ff974ae962e7ab5afab6df,3.409196138381958,3.836350306383153,3.0842977013527673,2.7507190335449607
nonenglish_synthetic_male_SNR_17.75dB_italian_10.wav,Noisy,192000,094aec5741c57a0f43f549b5945cfce1f08d6b008ac01a12e62cba4477fa7452,2.7333734035491943,1.8545986182329584,2.753850781982216,1.8213086259979967
nonenglish_synthetic_male_SNR_17.75dB_italian_10.wav,RNNoise v0.2,192000,094aec5741c57a0f43f549b5945cfce1f08d6b008ac01a12e62cba4477fa7452,2.8222949504852295,3.4182914844764256,2.9464121534817007,2.426063637101582
nonenglish_synthetic_male_SNR_17.75dB_italian_10.wav,GTCRN,192000,094aec5741c57a0f43f549b5945cfce1f08d6b008ac01a12e62cba4477fa7452,2.854761838912964,3.6469869504586647,2.937357772190443,2.5190885369361626
nonenglish_synthetic_male_SNR_17.76dB_italian_6.wav,Noisy,192000,42d0080fc2ce2dac1ecba9692e6aa9eb8e76f8ab79ac528ac769820e13efd04f,2.501194715499878,1.369203747543951,1.666197766716806,1.3355480887228104
nonenglish_synthetic_male_SNR_17.76dB_italian_6.wav,RNNoise v0.2,192000,42d0080fc2ce2dac1ecba9692e6aa9eb8e76f8ab79ac528ac769820e13efd04f,3.167024612426758,2.863591467236007,2.056848560378013,1.7169610087536435
nonenglish_synthetic_male_SNR_17.76dB_italian_6.wav,GTCRN,192000,42d0080fc2ce2dac1ecba9692e6aa9eb8e76f8ab79ac528ac769820e13efd04f,3.0674705505371094,2.995409545484405,2.285952242333187,1.9242830575525767
nonenglish_synthetic_male_SNR_18.27dB_italian_11.wav,Noisy,192000,fa45df2940cad599f2bf6d5cfea1426b30d0047079a9dde47ef2959d1c6212a0,2.6274101734161377,2.2545231995071098,3.3862877715181448,2.2719471081298983
nonenglish_synthetic_male_SNR_18.27dB_italian_11.wav,RNNoise v0.2,192000,fa45df2940cad599f2bf6d5cfea1426b30d0047079a9dde47ef2959d1c6212a0,2.825471878051758,3.287977331987897,3.2250442314081877,2.5647805807070263
nonenglish_synthetic_male_SNR_18.27dB_italian_11.wav,GTCRN,192000,fa45df2940cad599f2bf6d5cfea1426b30d0047079a9dde47ef2959d1c6212a0,3.2003469467163086,3.712351402074219,3.2017304103360225,2.7689287908357234
nonenglish_synthetic_male_SNR_18.63dB_french_6.wav,Noisy,192000,ed090d2403171737e9d2b53bad8bccfca54eba9a82a8ad7e36e5607e83b628f4,2.9146385192871094,3.330947593884981,3.44805859878011,2.7779953939101047
nonenglish_synthetic_male_SNR_18.63dB_french_6.wav,RNNoise v0.2,192000,ed090d2403171737e9d2b53bad8bccfca54eba9a82a8ad7e36e5607e83b628f4,3.376622438430786,3.8313174265363803,3.2505093359803374,2.8686124570824134
nonenglish_synthetic_male_SNR_18.63dB_french_6.wav,GTCRN,192000,ed090d2403171737e9d2b53bad8bccfca54eba9a82a8ad7e36e5607e83b628f4,3.6443698406219482,4.076907913972499,3.2090739487685718,2.9508101795633235
nonenglish_synthetic_male_SNR_18.6dB_german_13.wav,Noisy,192000,7c5bcb3292e22f5266eead2925bff9bf1b9ad65d3a0e150727d97753c26e9e14,3.0476691722869873,2.9488164579359313,3.3512298034876564,2.499668087387599
nonenglish_synthetic_male_SNR_18.6dB_german_13.wav,RNNoise v0.2,192000,7c5bcb3292e22f5266eead2925bff9bf1b9ad65d3a0e150727d97753c26e9e14,3.4880917072296143,4.042319465823344,3.1951840812578998,2.929165470784231
nonenglish_synthetic_male_SNR_18.6dB_german_13.wav,GTCRN,192000,7c5bcb3292e22f5266eead2925bff9bf1b9ad65d3a0e150727d97753c26e9e14,3.4447269439697266,4.143132105152155,3.301549483833241,3.0530155782580213
nonenglish_synthetic_male_SNR_19.53dB_french_14.wav,Noisy,192000,a589bdc8c77ac92cc0d1a07041120bd9119c932550bd5035fcdcc84d47167416,3.374751329421997,3.521860758940489,3.309004559542787,2.8136370819467924
nonenglish_synthetic_male_SNR_19.53dB_french_14.wav,RNNoise v0.2,192000,a589bdc8c77ac92cc0d1a07041120bd9119c932550bd5035fcdcc84d47167416,3.6260769367218018,3.5281680012943055,3.1829428571720846,2.7126623291612546
nonenglish_synthetic_male_SNR_19.53dB_french_14.wav,GTCRN,192000,a589bdc8c77ac92cc0d1a07041120bd9119c932550bd5035fcdcc84d47167416,3.7088611125946045,4.089799929923679,3.307395725078367,3.044513045070294
nonenglish_synthetic_male_SNR_19.82dB_portuguese_2.wav,Noisy,192000,283c9fc9bc6b1e7006183f92c8b493d0e9e5a2af31fe9156675153f19d6bdf24,3.0664262771606445,3.4081496090753114,3.398646802522547,2.7994640569223233
nonenglish_synthetic_male_SNR_19.82dB_portuguese_2.wav,RNNoise v0.2,192000,283c9fc9bc6b1e7006183f92c8b493d0e9e5a2af31fe9156675153f19d6bdf24,3.4011669158935547,4.15321218548351,3.402380123282836,3.177815711645304
nonenglish_synthetic_male_SNR_19.82dB_portuguese_2.wav,GTCRN,192000,283c9fc9bc6b1e7006183f92c8b493d0e9e5a2af31fe9156675153f19d6bdf24,3.734074592590332,4.027181531605403,3.3464069272143333,3.050722010887013
nonenglish_synthetic_male_SNR_20.36dB_portuguese_6.wav,Noisy,192000,b6e939785aeeb06d8559cf468e66c7b783ee1f82ec648a67f6ddc20fa5f715d7,3.394641160964966,3.1614908677767715,3.521374656686959,2.826321040926103
nonenglish_synthetic_male_SNR_20.36dB_portuguese_6.wav,RNNoise v0.2,192000,b6e939785aeeb06d8559cf468e66c7b783ee1f82ec648a67f6ddc20fa5f715d7,3.7367103099823,3.929659534283575,3.340906044360826,3.009723342658459
nonenglish_synthetic_male_SNR_20.36dB_portuguese_6.wav,GTCRN,192000,b6e939785aeeb06d8559cf468e66c7b783ee1f82ec648a67f6ddc20fa5f715d7,3.741377115249634,4.068228469295435,3.39676229337361,3.1208214348024086
nonenglish_synthetic_male_SNR_20.41dB_italian_0.wav,Noisy,192000,7d81ccb04e982c5ffeb12dc7ccb679556acfeec11f2d5fcea58532d4fe905d1d,3.108543634414673,3.4670058803236654,3.3558797232049025,2.806251222352589
nonenglish_synthetic_male_SNR_20.41dB_italian_0.wav,RNNoise v0.2,192000,7d81ccb04e982c5ffeb12dc7ccb679556acfeec11f2d5fcea58532d4fe905d1d,3.526010751724243,3.9530956024772785,3.3024606623052435,2.960034093340937
nonenglish_synthetic_male_SNR_20.41dB_italian_0.wav,GTCRN,192000,7d81ccb04e982c5ffeb12dc7ccb679556acfeec11f2d5fcea58532d4fe905d1d,3.6933887004852295,3.9292173498638974,3.2028594414416127,2.8641527939012383
nonenglish_synthetic_male_SNR_21.02dB_german_4.wav,Noisy,192000,38151930b8c58e66c556bfd89455b59a49e9b98d24c309a91af094635fb4368e,2.7958743572235107,2.912669737632312,3.21943008190417,2.464573833141477
nonenglish_synthetic_male_SNR_21.02dB_german_4.wav,RNNoise v0.2,192000,38151930b8c58e66c556bfd89455b59a49e9b98d24c309a91af094635fb4368e,2.8822476863861084,3.304820448418114,2.962237070494869,2.4234303486330773
nonenglish_synthetic_male_SNR_21.02dB_german_4.wav,GTCRN,192000,38151930b8c58e66c556bfd89455b59a49e9b98d24c309a91af094635fb4368e,3.2437143325805664,3.756432379650113,3.176340356729048,2.796442880766179
nonenglish_synthetic_male_SNR_21.0dB_german_1.wav,Noisy,192000,287ca584dff3d30ba5c5db6d077e87189a00b6908a60dff2b84b8a8bc6515c21,3.0877015590667725,3.5702671994006105,3.436766589120785,2.8483797074682506
nonenglish_synthetic_male_SNR_21.0dB_german_1.wav,RNNoise v0.2,192000,287ca584dff3d30ba5c5db6d077e87189a00b6908a60dff2b84b8a8bc6515c21,3.5231151580810547,4.051731169797505,3.3335472038972687,3.0428245703496497
nonenglish_synthetic_male_SNR_21.0dB_german_1.wav,GTCRN,192000,287ca584dff3d30ba5c5db6d077e87189a00b6908a60dff2b84b8a8bc6515c21,3.680986166000366,4.145598676629595,3.4754999307588537,3.2173368920293677
nonenglish_synthetic_male_SNR_21.34dB_french_12.wav,Noisy,192000,4b5330573b343ec49d797e51fbb5563fac3b944667ac08a352339d3f93df6b5f,2.887314796447754,2.2497950145937056,3.268141631020479,2.1843389480435222
nonenglish_synthetic_male_SNR_21.34dB_french_12.wav,RNNoise v0.2,192000,4b5330573b343ec49d797e51fbb5563fac3b944667ac08a352339d3f93df6b5f,3.219304323196411,3.588072262582685,2.908552688256784,2.509818193063186
nonenglish_synthetic_male_SNR_21.34dB_french_12.wav,GTCRN,192000,4b5330573b343ec49d797e51fbb5563fac3b944667ac08a352339d3f93df6b5f,3.519806146621704,4.062803636799472,3.1373335442555272,2.8845645980471097
nonenglish_synthetic_male_SNR_21.59dB_german_5.wav,Noisy,192000,0eb60fb922e6343dc1c9b7b84de2d74af3c05bcffc1ec83e0c929b785e8d07a0,2.7369778156280518,2.8531444714204572,2.825839660766746,2.18823125345509
nonenglish_synthetic_male_SNR_21.59dB_german_5.wav,RNNoise v0.2,192000,0eb60fb922e6343dc1c9b7b84de2d74af3c05bcffc1ec83e0c929b785e8d07a0,2.9566924571990967,3.8687286092480218,3.1617025900259534,2.791699938800075
nonenglish_synthetic_male_SNR_21.59dB_german_5.wav,GTCRN,192000,0eb60fb922e6343dc1c9b7b84de2d74af3c05bcffc1ec83e0c929b785e8d07a0,3.195345878601074,4.034203196805993,3.2005968913909513,2.8887007331266035
nonenglish_synthetic_male_SNR_21.75dB_german_0.wav,Noisy,192000,8ad151cabe7fd5f5d32e49e23d723af532e2a334bd4650357e656eb7c3687285,2.9738852977752686,3.301021274484899,3.455024653358223,2.755698402909608
nonenglish_synthetic_male_SNR_21.75dB_german_0.wav,RNNoise v0.2,192000,8ad151cabe7fd5f5d32e49e23d723af532e2a334bd4650357e656eb7c3687285,3.3851425647735596,4.070429343181724,3.209920723338481,2.9344499657622602
nonenglish_synthetic_male_SNR_21.75dB_german_0.wav,GTCRN,192000,8ad151cabe7fd5f5d32e49e23d723af532e2a334bd4650357e656eb7c3687285,3.479322671890259,4.031730667939319,3.128596760240482,2.8428233988793123
nonenglish_synthetic_male_SNR_21.79dB_italian_3.wav,Noisy,192000,95b1f92f25aca13b7198e60058c68f84523c203f6e1a5cbb8ba5a3a3b98b0f5f,3.1856911182403564,3.209989484772971,3.4541530324459875,2.734767690878895
nonenglish_synthetic_male_SNR_21.79dB_italian_3.wav,RNNoise v0.2,192000,95b1f92f25aca13b7198e60058c68f84523c203f6e1a5cbb8ba5a3a3b98b0f5f,3.479412317276001,4.0140690151808345,3.3567015811509457,3.0575707976723536
nonenglish_synthetic_male_SNR_21.79dB_italian_3.wav,GTCRN,192000,95b1f92f25aca13b7198e60058c68f84523c203f6e1a5cbb8ba5a3a3b98b0f5f,3.8638322353363037,4.064012223249944,3.368448953910459,3.0931177212686634
nonenglish_synthetic_male_SNR_22.08dB_german_11.wav,Noisy,192000,18b378eed1b1da04b2bdfc77dfaf4b54a7201883750150211193792cc1d96a61,3.2526443004608154,3.7883230967088086,3.2821687421748784,2.8647792754016126
nonenglish_synthetic_male_SNR_22.08dB_german_11.wav,RNNoise v0.2,192000,18b378eed1b1da04b2bdfc77dfaf4b54a7201883750150211193792cc1d96a61,3.526433229446411,4.118880668264761,3.3050594839984893,3.0177964309294616
nonenglish_synthetic_male_SNR_22.08dB_german_11.wav,GTCRN,192000,18b378eed1b1da04b2bdfc77dfaf4b54a7201883750150211193792cc1d96a61,3.7185022830963135,4.133990841732893,3.2946863217006093,3.0101156802302316
nonenglish_synthetic_male_SNR_23.08dB_portuguese_5.wav,Noisy,192000,1d3773dbd0319447e8e62ed90ffa2ffe23df13f251771f563c4a8042a2c3b2e1,3.009722948074341,3.3657171302990463,3.403702399922457,2.8121899252241653
nonenglish_synthetic_male_SNR_23.08dB_portuguese_5.wav,RNNoise v0.2,192000,1d3773dbd0319447e8e62ed90ffa2ffe23df13f251771f563c4a8042a2c3b2e1,3.7198774814605713,4.120162035524822,3.2435852145526916,3.0015726765889847
nonenglish_synthetic_male_SNR_23.08dB_portuguese_5.wav,GTCRN,192000,1d3773dbd0319447e8e62ed90ffa2ffe23df13f251771f563c4a8042a2c3b2e1,3.731409788131714,3.990932376461954,3.1549434842274025,2.873044630586593
nonenglish_synthetic_male_SNR_23.09dB_french_5.wav,Noisy,192000,422130ff73b323e5cc1ac9b4bf5c14431fd806182310d5bcc366f0209fb04f23,3.1880178451538086,2.8260902227659215,3.3495886174277865,2.4982196433924777
nonenglish_synthetic_male_SNR_23.09dB_french_5.wav,RNNoise v0.2,192000,422130ff73b323e5cc1ac9b4bf5c14431fd806182310d5bcc366f0209fb04f23,3.5187466144561768,3.9669878244090824,3.2257007223785727,2.920154306077125
nonenglish_synthetic_male_SNR_23.09dB_french_5.wav,GTCRN,192000,422130ff73b323e5cc1ac9b4bf5c14431fd806182310d5bcc366f0209fb04f23,3.797312021255493,4.058814272191444,3.262951673939605,2.9928706872957758
nonenglish_synthetic_male_SNR_24.15dB_german_3.wav,Noisy,192000,c8764ae7cb1ec5388409c3bd697cd9f0fa3113bf259c42d4c2420853cba70290,2.975571632385254,3.0218417700879265,3.420010344074413,2.5730862039567497
nonenglish_synthetic_male_SNR_24.15dB_german_3.wav,RNNoise v0.2,192000,c8764ae7cb1ec5388409c3bd697cd9f0fa3113bf259c42d4c2420853cba70290,3.299692153930664,3.302228997148959,3.228559934983727,2.598500875911355
nonenglish_synthetic_male_SNR_24.15dB_german_3.wav,GTCRN,192000,c8764ae7cb1ec5388409c3bd697cd9f0fa3113bf259c42d4c2420853cba70290,3.6630592346191406,3.972894929460221,3.270787122937515,2.9597472103205047
nonenglish_synthetic_male_SNR_25.26dB_french_13.wav,Noisy,192000,e687a6a691ee2de17872a22ce2e157e13e550e66e0688acf0a431436a3798629,3.147852897644043,3.064834954794648,3.473535903535414,2.717254627441972
nonenglish_synthetic_male_SNR_25.26dB_french_13.wav,RNNoise v0.2,192000,e687a6a691ee2de17872a22ce2e157e13e550e66e0688acf0a431436a3798629,3.255373954772949,3.2224289222700424,3.4960847777536395,2.8363355372292873
nonenglish_synthetic_male_SNR_25.26dB_french_13.wav,GTCRN,192000,e687a6a691ee2de17872a22ce2e157e13e550e66e0688acf0a431436a3798629,3.5898592472076416,3.917896602075499,3.2628079974659445,2.9326499464042683
nonenglish_synthetic_male_SNR_25.48dB_german_10.wav,Noisy,192000,58fd0dce94ff276dfef1bd7bc41b76f27e86ca4e2954a370bd6e8087a253115c,2.7999660968780518,2.835571967766407,3.283857605961295,2.462437947629119
nonenglish_synthetic_male_SNR_25.48dB_german_10.wav,RNNoise v0.2,192000,58fd0dce94ff276dfef1bd7bc41b76f27e86ca4e2954a370bd6e8087a253115c,2.8219728469848633,3.24766584892053,3.249751296291675,2.6229121053656868
nonenglish_synthetic_male_SNR_25.48dB_german_10.wav,GTCRN,192000,58fd0dce94ff276dfef1bd7bc41b76f27e86ca4e2954a370bd6e8087a253115c,3.6805579662323,4.01503927209625,3.076200982521384,2.8043377202895314
nonenglish_synthetic_male_SNR_26.04dB_italian_13.wav,Noisy,192000,b0bad22d8bc62f26b8ca1e7177fdc9f3eb9294470d0f552a696b68488fab82b6,3.167423963546753,3.5032557519423206,3.5353364928617204,2.9240602254745895
nonenglish_synthetic_male_SNR_26.04dB_italian_13.wav,RNNoise v0.2,192000,b0bad22d8bc62f26b8ca1e7177fdc9f3eb9294470d0f552a696b68488fab82b6,3.5598714351654053,4.10680655402312,3.3169110624895075,3.06252982019021
nonenglish_synthetic_male_SNR_26.04dB_italian_13.wav,GTCRN,192000,b0bad22d8bc62f26b8ca1e7177fdc9f3eb9294470d0f552a696b68488fab82b6,3.7220122814178467,4.172455603575778,3.3833355965780503,3.155885587697733
nonenglish_synthetic_male_SNR_27.42dB_german_6.wav,Noisy,192000,c6ff198253276fbb1e922fd54b9ccdaa6dd0886e9a62053555430579534c1742,2.9648914337158203,2.9105685142744817,3.1942788964869098,2.463112636930248
nonenglish_synthetic_male_SNR_27.42dB_german_6.wav,RNNoise v0.2,192000,c6ff198253276fbb1e922fd54b9ccdaa6dd0886e9a62053555430579534c1742,3.2351877689361572,3.8883164544298263,2.9913142749474564,2.6781714551389832
nonenglish_synthetic_male_SNR_27.42dB_german_6.wav,GTCRN,192000,c6ff198253276fbb1e922fd54b9ccdaa6dd0886e9a62053555430579534c1742,3.4125945568084717,3.8541956112746782,2.9315276849432768,2.6330609122417976
nonenglish_synthetic_male_SNR_28.87dB_german_12.wav,Noisy,192000,db78e5168d2b582a491455f0aaa7d2cacf0f910b4843b208159289f88c5dc4ae,3.1025197505950928,3.1531897834852365,3.2255883089474224,2.6092039938178924
nonenglish_synthetic_male_SNR_28.87dB_german_12.wav,RNNoise v0.2,192000,db78e5168d2b582a491455f0aaa7d2cacf0f910b4843b208159289f88c5dc4ae,3.501807451248169,3.7754401467899594,3.1641784676278655,2.814025629790221
nonenglish_synthetic_male_SNR_28.87dB_german_12.wav,GTCRN,192000,db78e5168d2b582a491455f0aaa7d2cacf0f910b4843b208159289f88c5dc4ae,3.7305736541748047,3.7893534360563366,3.149125030630858,2.8029181077516423
nonenglish_synthetic_male_SNR_29.35dB_italian_9.wav,Noisy,192000,a835dd4aad74ba6f586c805b335727076b818ffc85196117ff7a649e70d476f9,3.615037202835083,4.060677679524789,3.559759427959657,3.246522165270673
nonenglish_synthetic_male_SNR_29.35dB_italian_9.wav,RNNoise v0.2,192000,a835dd4aad74ba6f586c805b335727076b818ffc85196117ff7a649e70d476f9,3.800297498703003,4.115265653860485,3.551854081826999,3.2671268831441154
nonenglish_synthetic_male_SNR_29.35dB_italian_9.wav,GTCRN,192000,a835dd4aad74ba6f586c805b335727076b818ffc85196117ff7a649e70d476f9,3.941807508468628,4.131053761217298,3.574496703029658,3.301803758446876
nonenglish_synthetic_male_SNR_30.53dB_portuguese_9.wav,Noisy,192000,d25327b4661ca9405a76251d1a9b101dec13203389d95500e33b4e2c374eff10,2.899240255355835,3.390389451333187,3.229557346478927,2.632798375369169
nonenglish_synthetic_male_SNR_30.53dB_portuguese_9.wav,RNNoise v0.2,192000,d25327b4661ca9405a76251d1a9b101dec13203389d95500e33b4e2c374eff10,3.1362721920013428,3.625283219177897,3.1562074160607376,2.690414197516582
nonenglish_synthetic_male_SNR_30.53dB_portuguese_9.wav,GTCRN,192000,d25327b4661ca9405a76251d1a9b101dec13203389d95500e33b4e2c374eff10,3.470808267593384,4.080387017693787,3.265992062540185,2.9936263848280578
nonenglish_synthetic_male_SNR_30.96dB_portuguese_3.wav,Noisy,192000,ee698e81dd7475f8f49b7bbd9dd35b25f99c323d4b67de1a05e5428d885d8d21,2.9489364624023438,3.1249980890448383,3.503528279000141,2.763570905434445
nonenglish_synthetic_male_SNR_30.96dB_portuguese_3.wav,RNNoise v0.2,192000,ee698e81dd7475f8f49b7bbd9dd35b25f99c323d4b67de1a05e5428d885d8d21,3.349717378616333,3.64868847407956,3.415913208629288,2.9179073436175487
nonenglish_synthetic_male_SNR_30.96dB_portuguese_3.wav,GTCRN,192000,ee698e81dd7475f8f49b7bbd9dd35b25f99c323d4b67de1a05e5428d885d8d21,3.7479922771453857,4.023390387429572,3.4311196340332093,3.116130110017579
nonenglish_synthetic_male_SNR_9.25dB_portuguese_8.wav,Noisy,192000,3a6fc89ab14c6f9e7c0c6bf9a7200838720c5da873ffe6cb1f9eb1f89d09adf0,2.858612060546875,2.1745359966284035,3.0906893071714783,2.023364842849662
nonenglish_synthetic_male_SNR_9.25dB_portuguese_8.wav,RNNoise v0.2,192000,3a6fc89ab14c6f9e7c0c6bf9a7200838720c5da873ffe6cb1f9eb1f89d09adf0,3.4425179958343506,3.922816957277672,2.887925176468581,2.613860796439313
nonenglish_synthetic_male_SNR_9.25dB_portuguese_8.wav,GTCRN,192000,3a6fc89ab14c6f9e7c0c6bf9a7200838720c5da873ffe6cb1f9eb1f89d09adf0,3.408125638961792,3.9513036020772474,2.933609637736483,2.6632157661605045
nonenglish_synthetic_male_SNR_9.89dB_french_15.wav,Noisy,192000,94206fa54331ec6bad5f21b9ae70d3e09ec0809b5624fa33c97f1bfc1b70446a,2.4386627674102783,1.4559077362102448,1.9617650295654936,1.42174948229544
nonenglish_synthetic_male_SNR_9.89dB_french_15.wav,RNNoise v0.2,192000,94206fa54331ec6bad5f21b9ae70d3e09ec0809b5624fa33c97f1bfc1b70446a,2.93148136138916,3.8525389440034776,2.5488644014752886,2.259464854816324
nonenglish_synthetic_male_SNR_9.89dB_french_15.wav,GTCRN,192000,94206fa54331ec6bad5f21b9ae70d3e09ec0809b5624fa33c97f1bfc1b70446a,2.9490792751312256,3.7821715069149686,2.229913559091022,1.9547992071771818
nonenglish_tonal_synthetic_male_SNR_10.04dB_punjabi_2.wav,Noisy,192000,67853b52f4ae1ad5f079c8c19f479c914b5f8f37d94986df183b53376d8affea,2.8795320987701416,3.3073308257137533,3.461036708433712,2.7755762726316653
nonenglish_tonal_synthetic_male_SNR_10.04dB_punjabi_2.wav,RNNoise v0.2,192000,67853b52f4ae1ad5f079c8c19f479c914b5f8f37d94986df183b53376d8affea,3.3382017612457275,4.09835899122869,3.0831656443139246,2.8356665280956164
nonenglish_tonal_synthetic_male_SNR_10.04dB_punjabi_2.wav,GTCRN,192000,67853b52f4ae1ad5f079c8c19f479c914b5f8f37d94986df183b53376d8affea,3.415525436401367,4.045258647792333,3.0004952322561,2.7220133570467984
nonenglish_tonal_synthetic_male_SNR_10.18dB_vietnamese_11.wav,Noisy,192000,40a65a7f4c6fea9714bd054b9b22c4817485195b149cd4f06f731dbbff3b88f5,2.5648443698883057,1.6200612842892872,2.692571745043189,1.757279434635884
nonenglish_tonal_synthetic_male_SNR_10.18dB_vietnamese_11.wav,RNNoise v0.2,192000,40a65a7f4c6fea9714bd054b9b22c4817485195b149cd4f06f731dbbff3b88f5,2.959538221359253,2.688385876898902,3.0056838849284806,2.1648744902400954
nonenglish_tonal_synthetic_male_SNR_10.18dB_vietnamese_11.wav,GTCRN,192000,40a65a7f4c6fea9714bd054b9b22c4817485195b149cd4f06f731dbbff3b88f5,3.105004072189331,3.8959772522147964,2.975646167527795,2.6824017758143746
nonenglish_tonal_synthetic_male_SNR_10.89dB_vietnamese_0.wav,Noisy,192000,d1bb4c18f992ff992ced225a3030cdc7cd7238c157dcbe289150420e8534f219,2.721888780593872,2.776678271365451,3.1689930879353887,2.351576202308855
nonenglish_tonal_synthetic_male_SNR_10.89dB_vietnamese_0.wav,RNNoise v0.2,192000,d1bb4c18f992ff992ced225a3030cdc7cd7238c157dcbe289150420e8534f219,3.2908966541290283,3.983506502955452,2.9296356621369024,2.6545259761885105
nonenglish_tonal_synthetic_male_SNR_10.89dB_vietnamese_0.wav,GTCRN,192000,d1bb4c18f992ff992ced225a3030cdc7cd7238c157dcbe289150420e8534f219,3.4725263118743896,3.9704279049216935,2.8423557923005127,2.598075228760136
nonenglish_tonal_synthetic_male_SNR_11.05dB_chinese_14.wav,Noisy,192000,a75aeaa72e1004df1fa3ec7a40dfa42887ed7f0c87cecd76987efa6ac75960c6,2.7694289684295654,2.477328631881788,3.4046866236856057,2.326031709801591
nonenglish_tonal_synthetic_male_SNR_11.05dB_chinese_14.wav,RNNoise v0.2,192000,a75aeaa72e1004df1fa3ec7a40dfa42887ed7f0c87cecd76987efa6ac75960c6,3.2633724212646484,3.9379366625933527,3.4194505059428564,3.069200451809405
nonenglish_tonal_synthetic_male_SNR_11.05dB_chinese_14.wav,GTCRN,192000,a75aeaa72e1004df1fa3ec7a40dfa42887ed7f0c87cecd76987efa6ac75960c6,3.3859035968780518,3.9285792775451873,3.319615023264184,2.993816584018995
nonenglish_tonal_synthetic_male_SNR_11.18dB_vietnamese_2.wav,Noisy,192000,cfb19941991179e111905820171946be2d06b0ed377658cec2753babca4793a4,3.202214002609253,3.039976663578095,3.3006033683815645,2.5827402816267706
nonenglish_tonal_synthetic_male_SNR_11.18dB_vietnamese_2.wav,RNNoise v0.2,192000,cfb19941991179e111905820171946be2d06b0ed377658cec2753babca4793a4,3.5756642818450928,4.05462363235052,3.0882297718314238,2.8368152530432913
nonenglish_tonal_synthetic_male_SNR_11.18dB_vietnamese_2.wav,GTCRN,192000,cfb19941991179e111905820171946be2d06b0ed377658cec2753babca4793a4,3.624589204788208,4.085969014770066,3.0918249956198243,2.841334015790127
nonenglish_tonal_synthetic_male_SNR_11.44dB_chinese_13.wav,Noisy,192000,d57d128cbb754d8456fcf859ccc2f849a868ef0a8a35e62537ecc95df0f506d6,2.5515716075897217,2.3958667299938177,3.2636954601821877,2.160431274478798
nonenglish_tonal_synthetic_male_SNR_11.44dB_chinese_13.wav,RNNoise v0.2,192000,d57d128cbb754d8456fcf859ccc2f849a868ef0a8a35e62537ecc95df0f506d6,2.8595991134643555,3.7672509427359238,2.911058091725375,2.574035996688585
nonenglish_tonal_synthetic_male_SNR_11.44dB_chinese_13.wav,GTCRN,192000,d57d128cbb754d8456fcf859ccc2f849a868ef0a8a35e62537ecc95df0f506d6,3.042536497116089,3.9533125560200637,2.8028874805242885,2.5517769064872113
nonenglish_tonal_synthetic_male_SNR_11.84dB_vietnamese_4.wav,Noisy,192000,a0f583f1025f9ac5d8101a27a39b8d42b4b7103919bffb044bce6094a4d5d8b4,2.637317419052124,2.0474491423326455,2.805597736202239,1.873954407775128
nonenglish_tonal_synthetic_male_SNR_11.84dB_vietnamese_4.wav,RNNoise v0.2,192000,a0f583f1025f9ac5d8101a27a39b8d42b4b7103919bffb044bce6094a4d5d8b4,3.0972678661346436,3.9045225562806,2.788724002294632,2.5127991342061917
nonenglish_tonal_synthetic_male_SNR_11.84dB_vietnamese_4.wav,GTCRN,192000,a0f583f1025f9ac5d8101a27a39b8d42b4b7103919bffb044bce6094a4d5d8b4,3.3839330673217773,3.938916199963129,2.6350176521151787,2.408079206298382
nonenglish_tonal_synthetic_male_SNR_11.85dB_punjabi_0.wav,Noisy,192000,ddc04a6e73d2371f5ccb1b58de578c1363ad478b703d3f9bd554f288caefc21a,2.9671030044555664,2.6041541539386333,3.4166661921926753,2.4222508917693677
nonenglish_tonal_synthetic_male_SNR_11.85dB_punjabi_0.wav,RNNoise v0.2,192000,ddc04a6e73d2371f5ccb1b58de578c1363ad478b703d3f9bd554f288caefc21a,3.5575711727142334,3.963242801603729,3.125410765071503,2.8238317818349485
nonenglish_tonal_synthetic_male_SNR_11.85dB_punjabi_0.wav,GTCRN,192000,ddc04a6e73d2371f5ccb1b58de578c1363ad478b703d3f9bd554f288caefc21a,3.6148488521575928,3.9381156194733387,2.944917827068936,2.674620692912128
nonenglish_tonal_synthetic_male_SNR_12.83dB_vietnamese_15.wav,Noisy,192000,7b49d185da6ce73c6d660aef238d452dfe9f732ac78a3164f3cc450f4366a39e,2.5859620571136475,1.91056494497983,3.0754137489618567,1.8568190837138328
nonenglish_tonal_synthetic_male_SNR_12.83dB_vietnamese_15.wav,RNNoise v0.2,192000,7b49d185da6ce73c6d660aef238d452dfe9f732ac78a3164f3cc450f4366a39e,3.0064666271209717,3.760752026243459,2.984009628984957,2.6289529460042473
nonenglish_tonal_synthetic_male_SNR_12.83dB_vietnamese_15.wav,GTCRN,192000,7b49d185da6ce73c6d660aef238d452dfe9f732ac78a3164f3cc450f4366a39e,3.2490971088409424,3.976141270908536,2.9907721316583373,2.713381096456009
nonenglish_tonal_synthetic_male_SNR_14.21dB_vietnamese_8.wav,Noisy,192000,53b5121783e818fad968e084be1f7429832190b2bbb90fa8d479c838e467e338,3.019519805908203,3.325775015395685,3.3375338642794987,2.677364065835512
nonenglish_tonal_synthetic_male_SNR_14.21dB_vietnamese_8.wav,RNNoise v0.2,192000,53b5121783e818fad968e084be1f7429832190b2bbb90fa8d479c838e467e338,3.21905255317688,4.012797096354624,2.981352378261576,2.726700687074665
nonenglish_tonal_synthetic_male_SNR_14.21dB_vietnamese_8.wav,GTCRN,192000,53b5121783e818fad968e084be1f7429832190b2bbb90fa8d479c838e467e338,3.349860906600952,4.106014190939671,3.0385874470233283,2.8075963026220965
nonenglish_tonal_synthetic_male_SNR_14.2dB_punjabi_12.wav,Noisy,192000,f6214f4e1b0891aea3b4a376c9b3e719d48d8dd1ee9df92d9f86cc1f45fde3dd,2.9058759212493896,2.9225543991110086,3.4137944304664978,2.573008202400073
nonenglish_tonal_synthetic_male_SNR_14.2dB_punjabi_12.wav,RNNoise v0.2,192000,f6214f4e1b0891aea3b4a376c9b3e719d48d8dd1ee9df92d9f86cc1f45fde3dd,3.296445846557617,4.0482155847338595,2.998534239658007,2.7660843996932023
nonenglish_tonal_synthetic_male_SNR_14.2dB_punjabi_12.wav,GTCRN,192000,f6214f4e1b0891aea3b4a376c9b3e719d48d8dd1ee9df92d9f86cc1f45fde3dd,3.2638332843780518,4.035870026520521,3.0549303204650826,2.7887950880084724
nonenglish_tonal_synthetic_male_SNR_14.91dB_vietnamese_1.wav,Noisy,192000,e940752d952ddaadca917eccafbd0891da56787c7d34e36c3719614a6890988f,2.8462579250335693,1.838843800828302,3.121818948600179,1.8555690468042119
nonenglish_tonal_synthetic_male_SNR_14.91dB_vietnamese_1.wav,RNNoise v0.2,192000,e940752d952ddaadca917eccafbd0891da56787c7d34e36c3719614a6890988f,2.8262059688568115,1.794477803945053,3.0218847213119013,1.7955318523981216
nonenglish_tonal_synthetic_male_SNR_14.91dB_vietnamese_1.wav,GTCRN,192000,e940752d952ddaadca917eccafbd0891da56787c7d34e36c3719614a6890988f,3.119859457015991,2.814372455234736,2.8923169008390572,2.2040234046759877
nonenglish_tonal_synthetic_male_SNR_15.28dB_punjabi_13.wav,Noisy,192000,e16bd6d3f903a92e28ad834f768cf16c21f73009da6ad155471b1b3203334862,3.0484492778778076,2.4056489660947826,3.4006128994601483,2.3022300717480886
nonenglish_tonal_synthetic_male_SNR_15.28dB_punjabi_13.wav,RNNoise v0.2,192000,e16bd6d3f903a92e28ad834f768cf16c21f73009da6ad155471b1b3203334862,3.831819534301758,4.082162138066905,3.1712020861498615,2.9210137649236594
nonenglish_tonal_synthetic_male_SNR_15.28dB_punjabi_13.wav,GTCRN,192000,e16bd6d3f903a92e28ad834f768cf16c21f73009da6ad155471b1b3203334862,3.8188602924346924,4.042385146158106,3.0539681314452722,2.8019034451165794
nonenglish_tonal_synthetic_male_SNR_15.62dB_punjabi_14.wav,Noisy,192000,fab3ef95b1fdb8fe05df5cc2e394e9b22be1eb3455ce2374848ccf185a5e5424,2.7375729084014893,2.630568695212665,3.3335204155410203,2.3371293506999598
nonenglish_tonal_synthetic_male_SNR_15.62dB_punjabi_14.wav,RNNoise v0.2,192000,fab3ef95b1fdb8fe05df5cc2e394e9b22be1eb3455ce2374848ccf185a5e5424,3.3743531703948975,3.924238452821984,3.035290384838109,2.7025123566957645
nonenglish_tonal_synthetic_male_SNR_15.62dB_punjabi_14.wav,GTCRN,192000,fab3ef95b1fdb8fe05df5cc2e394e9b22be1eb3455ce2374848ccf185a5e5424,3.356841802597046,4.052187291550879,3.0194861023058714,2.7473953477151647
nonenglish_tonal_synthetic_male_SNR_16.02dB_vietnamese_13.wav,Noisy,192000,e4a84ffa498286db7406ee934da5cbbdee3b7c2d6dbb708b83a8afbfff6c900e,2.857457399368286,2.2397552078396603,3.0731468472485215,2.03149012929909
nonenglish_tonal_synthetic_male_SNR_16.02dB_vietnamese_13.wav,RNNoise v0.2,192000,e4a84ffa498286db7406ee934da5cbbdee3b7c2d6dbb708b83a8afbfff6c900e,3.0901966094970703,3.3887695032434144,3.1539232830532686,2.570117693282565
nonenglish_tonal_synthetic_male_SNR_16.02dB_vietnamese_13.wav,GTCRN,192000,e4a84ffa498286db7406ee934da5cbbdee3b7c2d6dbb708b83a8afbfff6c900e,2.925241708755493,3.4936397805979524,2.821466505732763,2.3771610021842258
nonenglish_tonal_synthetic_male_SNR_16.23dB_chinese_4.wav,Noisy,192000,8ea2d34fdc57bbb9f70e976598e89e0c4ad9e76fff58e2ac3000610ee54cf6d9,2.9313440322875977,3.1295189114040802,3.386643928349509,2.6461885297955443
nonenglish_tonal_synthetic_male_SNR_16.23dB_chinese_4.wav,RNNoise v0.2,192000,8ea2d34fdc57bbb9f70e976598e89e0c4ad9e76fff58e2ac3000610ee54cf6d9,3.2230358123779297,3.912917613468951,3.3092479426884336,2.9710740662295194
nonenglish_tonal_synthetic_male_SNR_16.23dB_chinese_4.wav,GTCRN,192000,8ea2d34fdc57bbb9f70e976598e89e0c4ad9e76fff58e2ac3000610ee54cf6d9,3.539304494857788,4.150979982539142,3.3649897702902467,3.101071005953521
nonenglish_tonal_synthetic_male_SNR_16.49dB_chinese_6.wav,Noisy,192000,d0f67ca341e5ce3be5b559e93d51855bd1205b037c5c5b093bf498a5718258b0,3.3713467121124268,3.5368299662264078,3.52435646917946,2.923256542416722
nonenglish_tonal_synthetic_male_SNR_16.49dB_chinese_6.wav,RNNoise v0.2,192000,d0f67ca341e5ce3be5b559e93d51855bd1205b037c5c5b093bf498a5718258b0,3.568415641784668,4.038392559260891,3.472901484520763,3.15824523554489
nonenglish_tonal_synthetic_male_SNR_16.49dB_chinese_6.wav,GTCRN,192000,d0f67ca341e5ce3be5b559e93d51855bd1205b037c5c5b093bf498a5718258b0,3.712731122970581,4.1673430569237295,3.4758862768752237,3.2256085683938216
nonenglish_tonal_synthetic_male_SNR_16.76dB_vietnamese_12.wav,Noisy,192000,a7391a3041bb68e90bc105225d2f4547d901ab9c1f0899cada7cf8c6519e013e,2.7048909664154053,2.7907224958050754,2.861790754623182,2.2343271214526497
nonenglish_tonal_synthetic_male_SNR_16.76dB_vietnamese_12.wav,RNNoise v0.2,192000,a7391a3041bb68e90bc105225d2f4547d901ab9c1f0899cada7cf8c6519e013e,2.9835689067840576,3.921805107578459,2.701257475563358,2.4586870178031632
nonenglish_tonal_synthetic_male_SNR_16.76dB_vietnamese_12.wav,GTCRN,192000,a7391a3041bb68e90bc105225d2f4547d901ab9c1f0899cada7cf8c6519e013e,3.0532429218292236,3.9190567690797486,2.7202528377659667,2.472298753119882
nonenglish_tonal_synthetic_male_SNR_16.77dB_chinese_7.wav,Noisy,192000,4e48cf7b37e71c9836921fea33ddf957d18520572b45d8ded15e5a866f860686,2.7787277698516846,2.297279078601251,3.3459007747377236,2.2181048097863942
nonenglish_tonal_synthetic_male_SNR_16.77dB_chinese_7.wav,RNNoise v0.2,192000,4e48cf7b37e71c9836921fea33ddf957d18520572b45d8ded15e5a866f860686,3.042341947555542,3.3397491864688402,3.4696079049262543,2.8151052745710765
nonenglish_tonal_synthetic_male_SNR_16.77dB_chinese_7.wav,GTCRN,192000,4e48cf7b37e71c9836921fea33ddf957d18520572b45d8ded15e5a866f860686,2.86466121673584,3.6601513227644724,3.0571535708367663,2.643323551056065
nonenglish_tonal_synthetic_male_SNR_16.84dB_punjabi_10.wav,Noisy,192000,052a17f226c315fbfa9cdf62a8241a9c3c9a434479a2e724766b465dd4917b57,2.894216537475586,2.0120563036301804,3.266930697954605,2.084542816084074
nonenglish_tonal_synthetic_male_SNR_16.84dB_punjabi_10.wav,RNNoise v0.2,192000,052a17f226c315fbfa9cdf62a8241a9c3c9a434479a2e724766b465dd4917b57,3.2860629558563232,2.54406859073629,3.2903528692628363,2.337865415639093
nonenglish_tonal_synthetic_male_SNR_16.84dB_punjabi_10.wav,GTCRN,192000,052a17f226c315fbfa9cdf62a8241a9c3c9a434479a2e724766b465dd4917b57,3.107886552810669,2.994389597781406,3.023134630801472,2.3767128030626647
nonenglish_tonal_synthetic_male_SNR_17.21dB_punjabi_1.wav,Noisy,192000,66425520e7046ffca2ce35395f36ffc416bf21c9be8ba50a351fdff873db085d,2.7878990173339844,1.8410975225959063,3.131475333831099,1.9666524659329012
nonenglish_tonal_synthetic_male_SNR_17.21dB_punjabi_1.wav,RNNoise v0.2,192000,66425520e7046ffca2ce35395f36ffc416bf21c9be8ba50a351fdff873db085d,2.971858263015747,2.255917721871049,3.236215261825038,2.170111595965125
nonenglish_tonal_synthetic_male_SNR_17.21dB_punjabi_1.wav,GTCRN,192000,66425520e7046ffca2ce35395f36ffc416bf21c9be8ba50a351fdff873db085d,3.7739851474761963,3.443965690956554,3.174596240112534,2.636574531679116
nonenglish_tonal_synthetic_male_SNR_17.36dB_chinese_12.wav,Noisy,192000,1be720e667e65fd79566ba6d803507ae5170f5eafaf1a47accea6e39f1a2bf65,3.230961799621582,2.8855626177028992,3.604608659926011,2.7171299496274535
nonenglish_tonal_synthetic_male_SNR_17.36dB_chinese_12.wav,RNNoise v0.2,192000,1be720e667e65fd79566ba6d803507ae5170f5eafaf1a47accea6e39f1a2bf65,3.2991840839385986,3.0862548925064175,3.484815208885278,2.708556639538912
nonenglish_tonal_synthetic_male_SNR_17.36dB_chinese_12.wav,GTCRN,192000,1be720e667e65fd79566ba6d803507ae5170f5eafaf1a47accea6e39f1a2bf65,3.9535226821899414,3.9909127997613036,3.440424076647085,3.1107642770031436
nonenglish_tonal_synthetic_male_SNR_17.38dB_punjabi_3.wav,Noisy,192000,aa533dfa4dc8aa94d23153d1ebf3d4e599f4cd7e35d9e5de9131696ac89a65be,2.9838554859161377,3.0268991685985234,3.371735483189687,2.5660190857812655
nonenglish_tonal_synthetic_male_SNR_17.38dB_punjabi_3.wav,RNNoise v0.2,192000,aa533dfa4dc8aa94d23153d1ebf3d4e599f4cd7e35d9e5de9131696ac89a65be,3.5311546325683594,4.1021366100927885,3.2836514753399726,3.0144224007620934
nonenglish_tonal_synthetic_male_SNR_17.38dB_punjabi_3.wav,GTCRN,192000,aa533dfa4dc8aa94d23153d1ebf3d4e599f4cd7e35d9e5de9131696ac89a65be,3.562697172164917,4.064614998624145,3.1508886989692235,2.885330761897773
nonenglish_tonal_synthetic_male_SNR_17.47dB_punjabi_7.wav,Noisy,192000,0a6fd268b5468a1e4373c76dadef7c681a88d2de2213218d42a248cf2b2d81aa,2.7715396881103516,2.389384314133582,3.42296513481546,2.3023525056651164
nonenglish_tonal_synthetic_male_SNR_17.47dB_punjabi_7.wav,RNNoise v0.2,192000,0a6fd268b5468a1e4373c76dadef7c681a88d2de2213218d42a248cf2b2d81aa,3.3778791427612305,3.947597879098236,3.190969053268996,2.879299078761946
nonenglish_tonal_synthetic_male_SNR_17.47dB_punjabi_7.wav,GTCRN,192000,0a6fd268b5468a1e4373c76dadef7c681a88d2de2213218d42a248cf2b2d81aa,3.498779296875,4.066224284363944,3.2204142653844827,2.9528656176278
nonenglish_tonal_synthetic_male_SNR_18.23dB_punjabi_6.wav,Noisy,192000,a05a4ad0a032724e99673d270fe4c403723e67d781c3409d690427885ab108af,3.8166770935058594,3.4105860374018477,3.302342891868602,2.7032680642917986
nonenglish_tonal_synthetic_male_SNR_18.23dB_punjabi_6.wav,RNNoise v0.2,192000,a05a4ad0a032724e99673d270fe4c403723e67d781c3409d690427885ab108af,3.8895256519317627,4.1771198207455695,3.4538590924861197,3.2038628089392116
nonenglish_tonal_synthetic_male_SNR_18.23dB_punjabi_6.wav,GTCRN,192000,a05a4ad0a032724e99673d270fe4c403723e67d781c3409d690427885ab108af,3.9483487606048584,4.206750101338215,3.4881126737179717,3.260310147080375
nonenglish_tonal_synthetic_male_SNR_18.35dB_chinese_1.wav,Noisy,192000,bde1ef8bc31d55667ef8f8dc3a855c5416570de6ffb6967691259cf4169f76c1,2.7931010723114014,3.215130212239798,3.165179077218322,2.508505718436933
nonenglish_tonal_synthetic_male_SNR_18.35dB_chinese_1.wav,RNNoise v0.2,192000,bde1ef8bc31d55667ef8f8dc3a855c5416570de6ffb6967691259cf4169f76c1,3.0465447902679443,3.8894719756104372,3.227566984800694,2.873878417807248
nonenglish_tonal_synthetic_male_SNR_18.35dB_chinese_1.wav,GTCRN,192000,bde1ef8bc31d55667ef8f8dc3a855c5416570de6ffb6967691259cf4169f76c1,3.038053274154663,4.000434541802186,3.1006236638152544,2.8002844846751085
nonenglish_tonal_synthetic_male_SNR_18.4dB_chinese_19.wav,Noisy,192000,c1503b24728d9a5c27972fcbf2ba3f44acce4f999b56cbbf884e272075348999,2.6135456562042236,2.4425303596950285,3.3541212787783876,2.2704987287611718
nonenglish_tonal_synthetic_male_SNR_18.4dB_chinese_19.wav,RNNoise v0.2,192000,c1503b24728d9a5c27972fcbf2ba3f44acce4f999b56cbbf884e272075348999,3.079862594604492,4.104984994877437,3.384746210032175,3.1123998878629524
nonenglish_tonal_synthetic_male_SNR_18.4dB_chinese_19.wav,GTCRN,192000,c1503b24728d9a5c27972fcbf2ba3f44acce4f999b56cbbf884e272075348999,3.4830124378204346,4.174702483088143,3.359088708441837,3.1269123561053065
nonenglish_tonal_synthetic_male_SNR_20.21dB_chinese_15.wav,Noisy,192000,9e96eb87a42d164133867721dfd08315756c5d8405d2232cd1bbc132ee715a03,2.6468372344970703,2.374548357806639,3.285658833905424,2.2360223430009163
nonenglish_tonal_synthetic_male_SNR_20.21dB_chinese_15.wav,RNNoise v0.2,192000,9e96eb87a42d164133867721dfd08315756c5d8405d2232cd1bbc132ee715a03,3.169875144958496,3.0541862930061945,3.4525139790829455,2.6211033233050394
nonenglish_tonal_synthetic_male_SNR_20.21dB_chinese_15.wav,GTCRN,192000,9e96eb87a42d164133867721dfd08315756c5d8405d2232cd1bbc132ee715a03,3.1419944763183594,4.069962151625642,3.406641114957669,3.100521934783348
nonenglish_tonal_synthetic_male_SNR_20.62dB_vietnamese_3.wav,Noisy,192000,4a7d6cd8d111eeaa1239cd303912e29a35796accbc988445531f68f258e6ec75,2.7160732746124268,2.7586754603287247,3.3241044687135997,2.443197734450408
nonenglish_tonal_synthetic_male_SNR_20.62dB_vietnamese_3.wav,RNNoise v0.2,192000,4a7d6cd8d111eeaa1239cd303912e29a35796accbc988445531f68f258e6ec75,2.848457098007202,3.525262401964993,2.925704285694311,2.448352247099653
nonenglish_tonal_synthetic_male_SNR_20.62dB_vietnamese_3.wav,GTCRN,192000,4a7d6cd8d111eeaa1239cd303912e29a35796accbc988445531f68f258e6ec75,3.058438301086426,3.9528021015717063,3.0266062671452,2.7400709356012016
nonenglish_tonal_synthetic_male_SNR_20.82dB_punjabi_9.wav,Noisy,192000,d95c0b2e4d897e37b47b3f91da5aed40aa29c083eb0339ef8af76bd4bbfb7f21,3.080085039138794,2.6082208095058235,3.483947992992173,2.457104564855319
nonenglish_tonal_synthetic_male_SNR_20.82dB_punjabi_9.wav,RNNoise v0.2,192000,d95c0b2e4d897e37b47b3f91da5aed40aa29c083eb0339ef8af76bd4bbfb7f21,3.528188943862915,3.780692817075701,3.332791751013183,2.9137105616106247
nonenglish_tonal_synthetic_male_SNR_20.82dB_punjabi_9.wav,GTCRN,192000,d95c0b2e4d897e37b47b3f91da5aed40aa29c083eb0339ef8af76bd4bbfb7f21,3.6608550548553467,3.9514179227620496,3.3342685567221118,2.986646249495225
nonenglish_tonal_synthetic_male_SNR_21.13dB_vietnamese_9.wav,Noisy,192000,5f70e075edc1242d5001c24404473b7d1b186b542667bfa471f708a2dda9b61b,2.9378433227539062,3.226515910907596,3.2748605598557075,2.638258209713272
nonenglish_tonal_synthetic_male_SNR_21.13dB_vietnamese_9.wav,RNNoise v0.2,192000,5f70e075edc1242d5001c24404473b7d1b186b542667bfa471f708a2dda9b61b,3.1187903881073,4.022215644850962,3.1508170002238245,2.877784365283919
nonenglish_tonal_synthetic_male_SNR_21.13dB_vietnamese_9.wav,GTCRN,192000,5f70e075edc1242d5001c24404473b7d1b186b542667bfa471f708a2dda9b61b,3.3015859127044678,4.053805297543509,3.1383236298239026,2.880673314052213
nonenglish_tonal_synthetic_male_SNR_22.69dB_vietnamese_7.wav,Noisy,192000,9fcaef15919cd3298b8f6b460e512fb78683a64c45721bbb41e7fb4b996366dc,2.9146029949188232,1.8328369804017477,2.1632661917450986,1.5955826154272803
nonenglish_tonal_synthetic_male_SNR_22.69dB_vietnamese_7.wav,RNNoise v0.2,192000,9fcaef15919cd3298b8f6b460e512fb78683a64c45721bbb41e7fb4b996366dc,3.0114479064941406,3.1368268092131584,2.6195341680751434,2.0826177687459064
nonenglish_tonal_synthetic_male_SNR_22.69dB_vietnamese_7.wav,GTCRN,192000,9fcaef15919cd3298b8f6b460e512fb78683a64c45721bbb41e7fb4b996366dc,3.273916006088257,3.5414606540165194,2.764141388446589,2.364789556509256
nonenglish_tonal_synthetic_male_SNR_22.9dB_vietnamese_10.wav,Noisy,192000,39192fef77994fc5c85c03f630651b4e3c68518fd0455401ac90431116dfc9d5,2.994799852371216,3.0352030078850967,3.3327991191224657,2.5560511969555955
nonenglish_tonal_synthetic_male_SNR_22.9dB_vietnamese_10.wav,RNNoise v0.2,192000,39192fef77994fc5c85c03f630651b4e3c68518fd0455401ac90431116dfc9d5,3.085101842880249,3.3799668270021574,3.0403109379318436,2.506502500490591
nonenglish_tonal_synthetic_male_SNR_22.9dB_vietnamese_10.wav,GTCRN,192000,39192fef77994fc5c85c03f630651b4e3c68518fd0455401ac90431116dfc9d5,3.4667186737060547,4.000852337260983,3.0285769671156593,2.756192513047542
nonenglish_tonal_synthetic_male_SNR_23.15dB_chinese_9.wav,Noisy,192000,9af4cab86e0b40a8794e03e1a9f02acdb998f19f214281fb0ecfa3424f47fb4d,3.2356033325195312,3.7498653331792178,3.5495026112751944,3.084432369691345
nonenglish_tonal_synthetic_male_SNR_23.15dB_chinese_9.wav,RNNoise v0.2,192000,9af4cab86e0b40a8794e03e1a9f02acdb998f19f214281fb0ecfa3424f47fb4d,3.429428815841675,4.133716646303515,3.526485243462112,3.264594323622481
nonenglish_tonal_synthetic_male_SNR_23.15dB_chinese_9.wav,GTCRN,192000,9af4cab86e0b40a8794e03e1a9f02acdb998f19f214281fb0ecfa3424f47fb4d,3.5302536487579346,4.153365152636215,3.5130868469586503,3.2582813159158923
nonenglish_tonal_synthetic_male_SNR_23.75dB_punjabi_8.wav,Noisy,192000,e73f32d882c2563544d8ccc8687c9fa036ddca9191c4d700272a13ce10acf8b9,3.2934234142303467,2.694912555458688,3.296897112827997,2.395292419757354
nonenglish_tonal_synthetic_male_SNR_23.75dB_punjabi_8.wav,RNNoise v0.2,192000,e73f32d882c2563544d8ccc8687c9fa036ddca9191c4d700272a13ce10acf8b9,3.4198758602142334,3.5163470402218375,3.168893952413244,2.65651632394092
nonenglish_tonal_synthetic_male_SNR_23.75dB_punjabi_8.wav,GTCRN,192000,e73f32d882c2563544d8ccc8687c9fa036ddca9191c4d700272a13ce10acf8b9,3.52645206451416,3.9958411698209564,3.1433052434086393,2.8555239542975404
nonenglish_tonal_synthetic_male_SNR_23.78dB_chinese_2.wav,Noisy,192000,334958dae3d24ddb496ffc6a7b942bb037fb8b8cc5eca5aaf03d1274627fdab9,3.068004846572876,3.2426024831858835,3.2278165517062973,2.6024615835501503
nonenglish_tonal_synthetic_male_SNR_23.78dB_chinese_2.wav,RNNoise v0.2,192000,334958dae3d24ddb496ffc6a7b942bb037fb8b8cc5eca5aaf03d1274627fdab9,3.539952516555786,3.9266877333105454,3.2793633266088347,2.9683334873473872
nonenglish_tonal_synthetic_male_SNR_23.78dB_chinese_2.wav,GTCRN,192000,334958dae3d24ddb496ffc6a7b942bb037fb8b8cc5eca5aaf03d1274627fdab9,3.649458646774292,4.121302540579587,3.3238987677994185,3.0685136816482523
nonenglish_tonal_synthetic_male_SNR_24.2dB_chinese_3.wav,Noisy,192000,41d739529c0c619208b85c3690bba48ee94e8d4e2ed265b51d7aa20e02387000,3.27886700630188,3.8371551024219586,3.4262279784935536,3.020785216481528
nonenglish_tonal_synthetic_male_SNR_24.2dB_chinese_3.wav,RNNoise v0.2,192000,41d739529c0c619208b85c3690bba48ee94e8d4e2ed265b51d7aa20e02387000,3.4586150646209717,4.040692580089103,3.4046749827525997,3.1138140784737836
nonenglish_tonal_synthetic_male_SNR_24.2dB_chinese_3.wav,GTCRN,192000,41d739529c0c619208b85c3690bba48ee94e8d4e2ed265b51d7aa20e02387000,3.6115217208862305,4.1613141765579424,3.420447683092329,3.1735109592498674
nonenglish_tonal_synthetic_male_SNR_24.3dB_chinese_8.wav,Noisy,192000,c9992ece7710755c3abf1b1f45a85fa8e3423d47f41053ff5ae33575524a347e,3.2937793731689453,2.937849338007677,3.3877260541358662,2.6082974415818057
nonenglish_tonal_synthetic_male_SNR_24.3dB_chinese_8.wav,RNNoise v0.2,192000,c9992ece7710755c3abf1b1f45a85fa8e3423d47f41053ff5ae33575524a347e,3.56730580329895,3.919893142611233,3.277603996490626,2.9463125630702094
nonenglish_tonal_synthetic_male_SNR_24.3dB_chinese_8.wav,GTCRN,192000,c9992ece7710755c3abf1b1f45a85fa8e3423d47f41053ff5ae33575524a347e,3.7128829956054688,4.110981669343034,3.3174992283911897,3.0570327520323297
nonenglish_tonal_synthetic_male_SNR_25.47dB_chinese_5.wav,Noisy,192000,4634483801e1fda1e552b0817afccf21fa7634524a737757b068823244b0539b,2.6510226726531982,3.151092845039011,3.157557364273137,2.451079887480542
nonenglish_tonal_synthetic_male_SNR_25.47dB_chinese_5.wav,RNNoise v0.2,192000,4634483801e1fda1e552b0817afccf21fa7634524a737757b068823244b0539b,3.398118257522583,3.5387086616156775,3.0152898213975377,2.538231436398895
nonenglish_tonal_synthetic_male_SNR_25.47dB_chinese_5.wav,GTCRN,192000,4634483801e1fda1e552b0817afccf21fa7634524a737757b068823244b0539b,3.2027645111083984,3.885934749399606,3.2091190792728472,2.854956898324744
nonenglish_tonal_synthetic_male_SNR_26.52dB_chinese_17.wav,Noisy,192000,2b37a3a0180438203c144a78e02c9e2cfcf022525ad71608be0956b198f10069,3.7367687225341797,4.133450822593858,3.4575770876707868,3.19257071289149
nonenglish_tonal_synthetic_male_SNR_26.52dB_chinese_17.wav,RNNoise v0.2,192000,2b37a3a0180438203c144a78e02c9e2cfcf022525ad71608be0956b198f10069,3.8119029998779297,4.17157730179754,3.5358394338519155,3.2767741576362908
nonenglish_tonal_synthetic_male_SNR_26.52dB_chinese_17.wav,GTCRN,192000,2b37a3a0180438203c144a78e02c9e2cfcf022525ad71608be0956b198f10069,3.9059956073760986,4.195002553826079,3.497435421052687,3.2530474829637783
nonenglish_tonal_synthetic_male_SNR_28.15dB_punjabi_11.wav,Noisy,192000,ea82ae4f5af86f69bc8b4cf53a561dfb2ad95f79586bf0eb42a7ce514b846b3e,3.43033504486084,3.442618292003955,3.3871787046948363,2.7908638216791206
nonenglish_tonal_synthetic_male_SNR_28.15dB_punjabi_11.wav,RNNoise v0.2,192000,ea82ae4f5af86f69bc8b4cf53a561dfb2ad95f79586bf0eb42a7ce514b846b3e,3.7681519985198975,3.950254665017004,3.3480057934596594,3.005348079136931
nonenglish_tonal_synthetic_male_SNR_28.15dB_punjabi_11.wav,GTCRN,192000,ea82ae4f5af86f69bc8b4cf53a561dfb2ad95f79586bf0eb42a7ce514b846b3e,3.810778856277466,4.105116457193081,3.3989869308229292,3.112191285830526
nonenglish_tonal_synthetic_male_SNR_28.29dB_chinese_10.wav,Noisy,192000,10cfb6e793a404a8f09994ff2c3e419b24c4d06e7367aaff3d0b8cafecc6aad0,3.200526475906372,3.3801402066202577,3.3186333493848856,2.7309610653157077
nonenglish_tonal_synthetic_male_SNR_28.29dB_chinese_10.wav,RNNoise v0.2,192000,10cfb6e793a404a8f09994ff2c3e419b24c4d06e7367aaff3d0b8cafecc6aad0,3.2345027923583984,3.352935392099315,3.2787840439732725,2.67975472412667
nonenglish_tonal_synthetic_male_SNR_28.29dB_chinese_10.wav,GTCRN,192000,10cfb6e793a404a8f09994ff2c3e419b24c4d06e7367aaff3d0b8cafecc6aad0,3.5913028717041016,4.157283708092478,3.3647467086547365,3.105285298908654
nonenglish_tonal_synthetic_male_SNR_29.16dB_chinese_18.wav,Noisy,192000,0dddd53d277dc7a94a8fb4e42f7e2aea67de70b6f8a91c550b81473eb8373cce,3.21874737739563,3.8651390148965987,3.5916263049358164,3.131700660288706
nonenglish_tonal_synthetic_male_SNR_29.16dB_chinese_18.wav,RNNoise v0.2,192000,0dddd53d277dc7a94a8fb4e42f7e2aea67de70b6f8a91c550b81473eb8373cce,3.4937026500701904,4.038208719413471,3.529135328749303,3.179925682735687
nonenglish_tonal_synthetic_male_SNR_29.16dB_chinese_18.wav,GTCRN,192000,0dddd53d277dc7a94a8fb4e42f7e2aea67de70b6f8a91c550b81473eb8373cce,3.64745831489563,4.191428247020858,3.6320437919136936,3.3593828515949458
nonenglish_tonal_synthetic_male_SNR_29.57dB_chinese_16.wav,Noisy,192000,6ecd6901fae7935bb7b14aa0ecf37dae62557358492b54c95c0c9b3ee1b895b9,3.2610044479370117,3.254564808974159,3.2457371418770133,2.5609873228222746
nonenglish_tonal_synthetic_male_SNR_29.57dB_chinese_16.wav,RNNoise v0.2,192000,6ecd6901fae7935bb7b14aa0ecf37dae62557358492b54c95c0c9b3ee1b895b9,3.4069855213165283,3.2636457763608573,3.0908380313996333,2.4763522489502243
nonenglish_tonal_synthetic_male_SNR_29.57dB_chinese_16.wav,GTCRN,192000,6ecd6901fae7935bb7b14aa0ecf37dae62557358492b54c95c0c9b3ee1b895b9,3.54236102104187,3.7867611722170356,3.198369931730491,2.802031655902894
nonenglish_tonal_synthetic_male_SNR_32.15dB_vietnamese_5.wav,Noisy,192000,442d07d517437ad98a8696af6cf9805c3808bac5351746156d497f3e0734b99f,3.1886203289031982,3.1712980997219993,3.2357779049965596,2.5784419269871965
nonenglish_tonal_synthetic_male_SNR_32.15dB_vietnamese_5.wav,RNNoise v0.2,192000,442d07d517437ad98a8696af6cf9805c3808bac5351746156d497f3e0734b99f,3.1205122470855713,3.2909050710537033,3.126945516003335,2.5102551483472664
nonenglish_tonal_synthetic_male_SNR_32.15dB_vietnamese_5.wav,GTCRN,192000,442d07d517437ad98a8696af6cf9805c3808bac5351746156d497f3e0734b99f,3.2807343006134033,3.869310960934816,3.1391293161921006,2.7886351778878375
nonenglish_tonal_synthetic_male_SNR_32.47dB_punjabi_4.wav,Noisy,192000,3eaced65db47dfd6915f917aad3e7c0880ebc899136b96cdecdc88b9ca811036,3.472007989883423,2.9935113360896373,3.321575509617358,2.5578730818564783
nonenglish_tonal_synthetic_male_SNR_32.47dB_punjabi_4.wav,RNNoise v0.2,192000,3eaced65db47dfd6915f917aad3e7c0880ebc899136b96cdecdc88b9ca811036,3.79309344291687,3.240156030593154,3.3160909248538935,2.6494558515029105
nonenglish_tonal_synthetic_male_SNR_32.47dB_punjabi_4.wav,GTCRN,192000,3eaced65db47dfd6915f917aad3e7c0880ebc899136b96cdecdc88b9ca811036,3.8620917797088623,3.884990324957284,3.4101770080605522,3.010950492386391
nonenglish_tonal_synthetic_male_SNR_35.56dB_punjabi_15.wav,Noisy,192000,cda44b16876890438b135c29acaf5e9c79c3c81b2899f624e757536987880747,3.505321502685547,3.638651590409862,3.4518987249181237,2.936726191471148
nonenglish_tonal_synthetic_male_SNR_35.56dB_punjabi_15.wav,RNNoise v0.2,192000,cda44b16876890438b135c29acaf5e9c79c3c81b2899f624e757536987880747,3.5665647983551025,4.153663116413113,3.417019456123768,3.157373987883144
nonenglish_tonal_synthetic_male_SNR_35.56dB_punjabi_15.wav,GTCRN,192000,cda44b16876890438b135c29acaf5e9c79c3c81b2899f624e757536987880747,3.635944128036499,4.11011615684443,3.3976752410008664,3.1212826643100917
nonenglish_tonal_synthetic_male_SNR_8.6dB_vietnamese_6.wav,Noisy,192000,a97dc2d11549b3f63dc50f10d18bc8bb19cdf443dd007bd1cb35894d6644c1d7,2.2991421222686768,1.8451351622672056,3.1512724447371525,1.83401870468484
nonenglish_tonal_synthetic_male_SNR_8.6dB_vietnamese_6.wav,RNNoise v0.2,192000,a97dc2d11549b3f63dc50f10d18bc8bb19cdf443dd007bd1cb35894d6644c1d7,2.7498252391815186,3.906467123154561,2.484144793586971,2.3074715650750997
nonenglish_tonal_synthetic_male_SNR_8.6dB_vietnamese_6.wav,GTCRN,192000,a97dc2d11549b3f63dc50f10d18bc8bb19cdf443dd007bd1cb35894d6644c1d7,2.9094159603118896,3.865991032308754,2.4315886608160118,2.216849805219679
nonenglish_tonal_synthetic_male_SNR_9.01dB_punjabi_5.wav,Noisy,192000,433129ff5070270a0f31a93e38a124c0031957ce35166070ce436f2527eea6dc,2.311915636062622,1.863886645128485,3.2319478450130474,1.926372129073278
nonenglish_tonal_synthetic_male_SNR_9.01dB_punjabi_5.wav,RNNoise v0.2,192000,433129ff5070270a0f31a93e38a124c0031957ce35166070ce436f2527eea6dc,2.751638412475586,3.903909588864804,2.754931143547243,2.4880953415669835
nonenglish_tonal_synthetic_male_SNR_9.01dB_punjabi_5.wav,GTCRN,192000,433129ff5070270a0f31a93e38a124c0031957ce35166070ce436f2527eea6dc,3.040973424911499,3.9445851412739668,2.7419083320259747,2.496601964947922
nonenglish_tonal_synthetic_male_SNR_9.82dB_vietnamese_14.wav,Noisy,192000,b2bd69aac2f7b2b369197edba59a051e0801d7f90d19fb8aa5cc0f2ec37a24e9,2.5815505981445312,2.142414411076429,3.228967011990587,2.0528522432806757
nonenglish_tonal_synthetic_male_SNR_9.82dB_vietnamese_14.wav,RNNoise v0.2,192000,b2bd69aac2f7b2b369197edba59a051e0801d7f90d19fb8aa5cc0f2ec37a24e9,2.822178602218628,3.556620055230166,2.1185274461375836,1.8850358569555237
nonenglish_tonal_synthetic_male_SNR_9.82dB_vietnamese_14.wav,GTCRN,192000,b2bd69aac2f7b2b369197edba59a051e0801d7f90d19fb8aa5cc0f2ec37a24e9,2.9670588970184326,3.5765267180670075,1.9262837898389555,1.7355087052014424
nonenglish_tonal_synthetic_male_SNR_9.83dB_chinese_11.wav,Noisy,192000,7a2162672873100999b964a2a7f3334cc970bd9c4eb984f3ddab2ece10bce0ff,2.9190762042999268,2.913176074412251,3.4179571172913534,2.5577420614211457
nonenglish_tonal_synthetic_male_SNR_9.83dB_chinese_11.wav,RNNoise v0.2,192000,7a2162672873100999b964a2a7f3334cc970bd9c4eb984f3ddab2ece10bce0ff,3.401484251022339,4.153748418028667,3.344475619921795,3.1240535298033763
nonenglish_tonal_synthetic_male_SNR_9.83dB_chinese_11.wav,GTCRN,192000,7a2162672873100999b964a2a7f3334cc970bd9c4eb984f3ddab2ece10bce0ff,3.460894823074341,4.1014416974403645,3.1319214089847183,2.9054507207670164
stationary_english_tug_female_SNR_10.66dB_2960_voss_14_snr2_tl-32_59.wav,Noisy,228730,07f8f8311342d31685b8fd55f94f92f78011e614d29cf96f81711a0d05593636,2.3539421558380127,2.367371602127791,3.5364782325265245,2.2626224673502255
stationary_english_tug_female_SNR_10.66dB_2960_voss_14_snr2_tl-32_59.wav,RNNoise v0.2,228730,07f8f8311342d31685b8fd55f94f92f78011e614d29cf96f81711a0d05593636,3.1991615295410156,4.125915830917814,3.3995541342617015,3.126857127136268
stationary_english_tug_female_SNR_10.66dB_2960_voss_14_snr2_tl-32_59.wav,GTCRN,228730,07f8f8311342d31685b8fd55f94f92f78011e614d29cf96f81711a0d05593636,3.2790234088897705,4.040481668327187,3.156802744206595,2.8578221935941395
stationary_english_tug_female_SNR_19.81dB_2206_colored_4_snr15_tl-32_32.wav,Noisy,179304,362375fd59103c4b00cfac6f9ab31c1f8c90b57e21de01955b420e8f43a8a600,3.266658306121826,3.8548956538194687,3.3458832767944235,2.9599683546427347
stationary_english_tug_female_SNR_19.81dB_2206_colored_4_snr15_tl-32_32.wav,RNNoise v0.2,179304,362375fd59103c4b00cfac6f9ab31c1f8c90b57e21de01955b420e8f43a8a600,3.702410936355591,4.157382639098989,3.34504058868007,3.1199732521189043
stationary_english_tug_female_SNR_19.81dB_2206_colored_4_snr15_tl-32_32.wav,GTCRN,179304,362375fd59103c4b00cfac6f9ab31c1f8c90b57e21de01955b420e8f43a8a600,3.8440942764282227,4.187331733926655,3.375419474107219,3.1494623494128016
stationary_english_tug_female_SNR_29.93dB_2127_white_15_snr20_tl-32_30.wav,Noisy,172217,f7fc71f630df9e6f51c0358f09223603062905e3e7884c311797254011f69d8e,3.4266602993011475,3.4857032594321784,3.4447433172758664,2.891588770752521
stationary_english_tug_female_SNR_29.93dB_2127_white_15_snr20_tl-32_30.wav,RNNoise v0.2,172217,f7fc71f630df9e6f51c0358f09223603062905e3e7884c311797254011f69d8e,3.827918291091919,4.093462357230253,3.4894466023856534,3.228858809231696
stationary_english_tug_female_SNR_29.93dB_2127_white_15_snr20_tl-32_30.wav,GTCRN,172217,f7fc71f630df9e6f51c0358f09223603062905e3e7884c311797254011f69d8e,3.9151408672332764,4.049773957508729,3.4427685693777224,3.1547969777246063
stationary_english_tug_female_SNR_32.58dB_2236_white_8_snr23_tl-23_33.wav,Noisy,186190,74d44920b378d20d2603adf740efc0ead10fa32b9b5b80a1e37ddc0011acfdde,3.0431132316589355,3.607939193390937,3.3947413662916914,2.9723728627685206
stationary_english_tug_female_SNR_32.58dB_2236_white_8_snr23_tl-23_33.wav,RNNoise v0.2,186190,74d44920b378d20d2603adf740efc0ead10fa32b9b5b80a1e37ddc0011acfdde,3.4582107067108154,4.185641361790598,3.44973981847751,3.2788710124210683
stationary_english_tug_female_SNR_32.58dB_2236_white_8_snr23_tl-23_33.wav,GTCRN,186190,74d44920b378d20d2603adf740efc0ead10fa32b9b5b80a1e37ddc0011acfdde,3.3048763275146484,4.161186974808769,3.2977365709202164,3.130298162304932
stationary_english_tug_female_SNR_6.97dB_2289_voss_18_snr0_tl-18_37.wav,Noisy,202891,d3128dd233573b038d60378f53a07aff92e46a7237cfe4bb41e22088efea0eb4,2.2224385738372803,1.6199978578774357,3.251819242015191,1.716813200593896
stationary_english_tug_female_SNR_6.97dB_2289_voss_18_snr0_tl-18_37.wav,RNNoise v0.2,202891,d3128dd233573b038d60378f53a07aff92e46a7237cfe4bb41e22088efea0eb4,2.975799798965454,3.8298638967772383,2.578020710193302,2.330788989395529
stationary_english_tug_female_SNR_6.97dB_2289_voss_18_snr0_tl-18_37.wav,GTCRN,202891,d3128dd233573b038d60378f53a07aff92e46a7237cfe4bb41e22088efea0eb4,3.108217239379883,3.7349206176330925,2.596968949165904,2.3116541050110317
stationary_english_tug_female_SNR_9.87dB_2274_white_17_snr5_tl-26_35.wav,Noisy,194706,396d7f0fa0ec4c59e20b16bc20db8fdc7cb2e7280cb12478010892360242a53e,2.7882556915283203,2.299771948763142,3.440653065531069,2.2382870411241034
stationary_english_tug_female_SNR_9.87dB_2274_white_17_snr5_tl-26_35.wav,RNNoise v0.2,194706,396d7f0fa0ec4c59e20b16bc20db8fdc7cb2e7280cb12478010892360242a53e,3.769908905029297,4.156145557667558,3.339958633080151,3.1247633219000064
stationary_english_tug_female_SNR_9.87dB_2274_white_17_snr5_tl-26_35.wav,GTCRN,194706,396d7f0fa0ec4c59e20b16bc20db8fdc7cb2e7280cb12478010892360242a53e,3.710904121398926,4.119623607845131,3.073595141549348,2.869583858200189
stationary_english_tug_group_SNR_10.63dB_3047_colored_12_snr3_tl-22_61.wav,Noisy,204090,1c246b1fe8fcfaf9a7dba288ca439b8377a28b90e6b26c10591026c225accc07,3.1128971576690674,3.2412444294317084,3.6740169871983217,2.917297619892629
stationary_english_tug_group_SNR_10.63dB_3047_colored_12_snr3_tl-22_61.wav,RNNoise v0.2,204090,1c246b1fe8fcfaf9a7dba288ca439b8377a28b90e6b26c10591026c225accc07,3.701127290725708,4.208673742916253,3.5805478076707566,3.396061066528467
stationary_english_tug_group_SNR_10.63dB_3047_colored_12_snr3_tl-22_61.wav,GTCRN,204090,1c246b1fe8fcfaf9a7dba288ca439b8377a28b90e6b26c10591026c225accc07,3.736042022705078,4.086197648933414,3.4423776096879615,3.193494206494828
stationary_english_tug_group_SNR_14.78dB_3137_voss_3_snr8_tl-35_66.wav,Noisy,199520,e4036ef70167b639d221a18217673c33dba2a0a93866daafbe99511a3d7c0760,2.7667558193206787,2.9676260268878933,3.5150966214940986,2.62362141634656
stationary_english_tug_group_SNR_14.78dB_3137_voss_3_snr8_tl-35_66.wav,RNNoise v0.2,199520,e4036ef70167b639d221a18217673c33dba2a0a93866daafbe99511a3d7c0760,3.544133424758911,4.13535534655231,3.4390938435884055,3.1801994920139443
stationary_english_tug_group_SNR_14.78dB_3137_voss_3_snr8_tl-35_66.wav,GTCRN,199520,e4036ef70167b639d221a18217673c33dba2a0a93866daafbe99511a3d7c0760,3.6278514862060547,4.16039237837724,3.4043270690392666,3.165632404632799
stationary_english_tug_group_SNR_15.2dB_2086_colored_12_snr6_tl-31_29.wav,Noisy,223298,7d89c3b5b9241eeffe65ee744563d284bad9eecd72c511358cacbc79b1d439c8,3.519655466079712,3.695442071001704,3.5773851535655816,3.0912418991342427
stationary_english_tug_group_SNR_15.2dB_2086_colored_12_snr6_tl-31_29.wav,RNNoise v0.2,223298,7d89c3b5b9241eeffe65ee744563d284bad9eecd72c511358cacbc79b1d439c8,3.9617111682891846,4.239761709178195,3.6945831848830593,3.4926329181996123
stationary_english_tug_group_SNR_15.2dB_2086_colored_12_snr6_tl-31_29.wav,GTCRN,223298,7d89c3b5b9241eeffe65ee744563d284bad9eecd72c511358cacbc79b1d439c8,4.017218112945557,4.217592609611915,3.5793355281172037,3.3720250583953097
stationary_english_tug_group_SNR_16.84dB_2414_colored_0_snr10_tl-25_42.wav,Noisy,166120,1f1586cc266da47d816f0c000dc2a3c640d60946a6e10d41c6423e5183a76740,2.7423481941223145,2.8427469763503863,3.492209480092292,2.5839613165790856
stationary_english_tug_group_SNR_16.84dB_2414_colored_0_snr10_tl-25_42.wav,RNNoise v0.2,166120,1f1586cc266da47d816f0c000dc2a3c640d60946a6e10d41c6423e5183a76740,3.473463535308838,4.145894090949766,3.371716416886784,3.145051695300443
stationary_english_tug_group_SNR_16.84dB_2414_colored_0_snr10_tl-25_42.wav,GTCRN,166120,1f1586cc266da47d816f0c000dc2a3c640d60946a6e10d41c6423e5183a76740,3.570969581604004,4.071237622769364,3.0940149281991043,2.871786000831602
stationary_english_tug_group_SNR_18.95dB_3468_voss_5_snr22_tl-30_76.wav,Noisy,214632,297647d764ef316a95e790c94ddd242c40baeb8a65a6e55620c7ae02750b08e5,3.3216018676757812,3.8321083466209918,3.519673550490203,3.149950205790968
stationary_english_tug_group_SNR_18.95dB_3468_voss_5_snr22_tl-30_76.wav,RNNoise v0.2,214632,297647d764ef316a95e790c94ddd242c40baeb8a65a6e55620c7ae02750b08e5,3.482578754425049,4.20989736391563,3.556497216063254,3.3612245102092833
stationary_english_tug_group_SNR_18.95dB_3468_voss_5_snr22_tl-30_76.wav,GTCRN,214632,297647d764ef316a95e790c94ddd242c40baeb8a65a6e55620c7ae02750b08e5,3.736464738845825,4.194184401011577,3.5155154496693113,3.299328715653384
stationary_english_tug_group_SNR_20.0dB_3383_colored_8_snr15_tl-32_74.wav,Noisy,220157,e911f67950b3f3c20ffb3e0d9a8ef3326e27630d784e8278873436b5b7bb01ce,3.4349446296691895,3.872381636655643,3.576350663810646,3.158990024354755
stationary_english_tug_group_SNR_20.0dB_3383_colored_8_snr15_tl-32_74.wav,RNNoise v0.2,220157,e911f67950b3f3c20ffb3e0d9a8ef3326e27630d784e8278873436b5b7bb01ce,3.7817492485046387,4.201180660816787,3.5715315008974535,3.3419981051810366
stationary_english_tug_group_SNR_20.0dB_3383_colored_8_snr15_tl-32_74.wav,GTCRN,220157,e911f67950b3f3c20ffb3e0d9a8ef3326e27630d784e8278873436b5b7bb01ce,3.942462921142578,4.184610115646976,3.5461937129267085,3.3072941402354634
stationary_english_tug_group_SNR_20.83dB_2581_white_19_snr16_tl-35_51.wav,Noisy,181778,066811ca185329479f9f9b50efd67208e48ecb9b8f0468dc1e77de819c928314,3.050381660461426,3.3307003770116976,3.6178511241977507,2.940496429008933
stationary_english_tug_group_SNR_20.83dB_2581_white_19_snr16_tl-35_51.wav,RNNoise v0.2,181778,066811ca185329479f9f9b50efd67208e48ecb9b8f0468dc1e77de819c928314,3.666321277618408,4.199208031360069,3.5505761268558977,3.3431189517590894
stationary_english_tug_group_SNR_20.83dB_2581_white_19_snr16_tl-35_51.wav,GTCRN,181778,066811ca185329479f9f9b50efd67208e48ecb9b8f0468dc1e77de819c928314,3.8647689819335938,4.199526429782087,3.5746021023562653,3.3508371654443185
stationary_english_tug_group_SNR_21.78dB_2538_white_18_snr14_tl-26_47.wav,Noisy,227846,1d586a2818618395d68e77dcfb3d940b21311e653e6dbd06134bd13ac6d0023c,2.8767104148864746,2.9930075441506023,3.5699349006663574,2.706691994136348
stationary_english_tug_group_SNR_21.78dB_2538_white_18_snr14_tl-26_47.wav,RNNoise v0.2,227846,1d586a2818618395d68e77dcfb3d940b21311e653e6dbd06134bd13ac6d0023c,3.405635118484497,4.17719101953634,3.5334452617491934,3.3152560675661404
stationary_english_tug_group_SNR_21.78dB_2538_white_18_snr14_tl-26_47.wav,GTCRN,227846,1d586a2818618395d68e77dcfb3d940b21311e653e6dbd06134bd13ac6d0023c,3.755164623260498,4.154641003864474,3.511881593084484,3.2814338722880927
stationary_english_tug_group_SNR_22.23dB_3268_white_1_snr18_tl-27_69.wav,Noisy,170466,4adfe3ac684ac7629d78470fa90f827c77b15e38fb59694094104a6462cd1c7d,3.1663811206817627,3.3142117191040485,3.5215343427558747,2.8857386728960637
stationary_english_tug_group_SNR_22.23dB_3268_white_1_snr18_tl-27_69.wav,RNNoise v0.2,170466,4adfe3ac684ac7629d78470fa90f827c77b15e38fb59694094104a6462cd1c7d,3.990924119949341,4.195562871304669,3.610706505398606,3.383584166996334
stationary_english_tug_group_SNR_22.23dB_3268_white_1_snr18_tl-27_69.wav,GTCRN,170466,4adfe3ac684ac7629d78470fa90f827c77b15e38fb59694094104a6462cd1c7d,3.8333969116210938,4.152613674879932,3.49243805732237,3.2501800702305
stationary_english_tug_group_SNR_25.2dB_3316_voss_19_snr22_tl-23_72.wav,Noisy,236997,c64f5d86803aaa8104ae9d1b5dd3bc8533428500ee8a974e6a3a4e44a87bfa0a,3.497976303100586,3.5091471192497634,3.5919340446157855,3.0785526875078375
stationary_english_tug_group_SNR_25.2dB_3316_voss_19_snr22_tl-23_72.wav,RNNoise v0.2,236997,c64f5d86803aaa8104ae9d1b5dd3bc8533428500ee8a974e6a3a4e44a87bfa0a,3.8547847270965576,4.206895947527373,3.5587884865771757,3.38094770724693
stationary_english_tug_group_SNR_25.2dB_3316_voss_19_snr22_tl-23_72.wav,GTCRN,236997,c64f5d86803aaa8104ae9d1b5dd3bc8533428500ee8a974e6a3a4e44a87bfa0a,4.0009965896606445,4.181537096630984,3.466071591021256,3.2750803410100184
stationary_english_tug_group_SNR_25.34dB_2742_colored_3_snr24_tl-33_55.wav,Noisy,221360,2b578f42138e8f31b046334ab59a5f9ad7b433f5b351bb8859b03e0068b00958,3.5392653942108154,3.9339261025912196,3.5696343720933266,3.224930262544369
stationary_english_tug_group_SNR_25.34dB_2742_colored_3_snr24_tl-33_55.wav,RNNoise v0.2,221360,2b578f42138e8f31b046334ab59a5f9ad7b433f5b351bb8859b03e0068b00958,3.8319180011749268,4.209378488563221,3.6360948879165407,3.429026576164865
stationary_english_tug_group_SNR_25.34dB_2742_colored_3_snr24_tl-33_55.wav,GTCRN,221360,2b578f42138e8f31b046334ab59a5f9ad7b433f5b351bb8859b03e0068b00958,3.953171968460083,4.165116450316831,3.5613213516299513,3.3361102579983815
stationary_english_tug_group_SNR_27.14dB_2548_colored_18_snr22_tl-24_49.wav,Noisy,227161,a90b9658ff24fac6cb0f586b593176809729bd0c1deb4cf91549bd01df5ef800,3.648594617843628,4.1298062746363735,3.3916414369641203,3.190414343535635
stationary_english_tug_group_SNR_27.14dB_2548_colored_18_snr22_tl-24_49.wav,RNNoise v0.2,227161,a90b9658ff24fac6cb0f586b593176809729bd0c1deb4cf91549bd01df5ef800,3.7099366188049316,4.168560606919169,3.454219158345546,3.2581378443089584
stationary_english_tug_group_SNR_27.14dB_2548_colored_18_snr22_tl-24_49.wav,GTCRN,227161,a90b9658ff24fac6cb0f586b593176809729bd0c1deb4cf91549bd01df5ef800,3.807736873626709,4.165323538583742,3.397457442183208,3.2032901845515056
stationary_english_tug_group_SNR_28.24dB_3336_voss_12_snr24_tl-32_73.wav,Noisy,185117,cd0f5bad00b4bc182a56484254520d53a6770105387fbef325f8931a7a9cc9c2,3.422821044921875,3.823291633021566,3.3891203808111934,2.9886164213829853
stationary_english_tug_group_SNR_28.24dB_3336_voss_12_snr24_tl-32_73.wav,RNNoise v0.2,185117,cd0f5bad00b4bc182a56484254520d53a6770105387fbef325f8931a7a9cc9c2,3.8659887313842773,4.204276642669612,3.487268988361182,3.2928594514690723
stationary_english_tug_group_SNR_28.24dB_3336_voss_12_snr24_tl-32_73.wav,GTCRN,185117,cd0f5bad00b4bc182a56484254520d53a6770105387fbef325f8931a7a9cc9c2,3.897432804107666,4.193051920582918,3.3846958286872004,3.175855031380434
stationary_english_tug_group_SNR_28.94dB_3085_colored_19_snr22_tl-22_62.wav,Noisy,209021,869d6ba16caebe418a2a776451840f3c85d4daf00480c205b53c532372ce565a,3.9839792251586914,4.2045737916425985,3.6500367645530236,3.444190668085966
stationary_english_tug_group_SNR_28.94dB_3085_colored_19_snr22_tl-22_62.wav,RNNoise v0.2,209021,869d6ba16caebe418a2a776451840f3c85d4daf00480c205b53c532372ce565a,4.035792350769043,4.191752182696525,3.5361966556077005,3.358282500848306
stationary_english_tug_group_SNR_28.94dB_3085_colored_19_snr22_tl-22_62.wav,GTCRN,209021,869d6ba16caebe418a2a776451840f3c85d4daf00480c205b53c532372ce565a,4.035750389099121,4.21668708363884,3.6108384780035747,3.419868124047882
stationary_english_tug_group_SNR_29.94dB_2725_white_19_snr24_tl-27_54.wav,Noisy,225155,bedb9b1f7fa56076ab5a4753aa893b776ea60ac037786e57a6eeaa7c9016fa55,3.2226624488830566,3.5447379191344703,3.4900566110972036,3.0060135697564556
stationary_english_tug_group_SNR_29.94dB_2725_white_19_snr24_tl-27_54.wav,RNNoise v0.2,225155,bedb9b1f7fa56076ab5a4753aa893b776ea60ac037786e57a6eeaa7c9016fa55,3.5458099842071533,4.183053892725371,3.5107686120019452,3.3238734091516613
stationary_english_tug_group_SNR_29.94dB_2725_white_19_snr24_tl-27_54.wav,GTCRN,225155,bedb9b1f7fa56076ab5a4753aa893b776ea60ac037786e57a6eeaa7c9016fa55,3.710968017578125,4.181314242331706,3.434955197090936,3.248882300532597
stationary_english_tug_group_SNR_4.43dB_2541_white_8_snr1_tl-31_48.wav,Noisy,190148,d7636705c3df8f31d2376abfd70e044038e516523afb559e9fe1625bd47dfc29,2.371601104736328,2.1342855040279365,3.263424192637363,2.0237436919821263
stationary_english_tug_group_SNR_4.43dB_2541_white_8_snr1_tl-31_48.wav,RNNoise v0.2,190148,d7636705c3df8f31d2376abfd70e044038e516523afb559e9fe1625bd47dfc29,3.5466675758361816,4.123998967167016,3.1062155043846102,2.8488938183009678
stationary_english_tug_group_SNR_4.43dB_2541_white_8_snr1_tl-31_48.wav,GTCRN,190148,d7636705c3df8f31d2376abfd70e044038e516523afb559e9fe1625bd47dfc29,3.277735710144043,4.067832425225916,2.873900369613918,2.593614392793593
stationary_english_tug_group_SNR_4.69dB_2634_white_4_snr0_tl-29_52.wav,Noisy,164882,3545bc6393caf40dea1343b2540778c081dadf5493e45b1bf6f5c9420f7a7080,2.39465069770813,1.9599450130448102,3.4371752721049575,2.0146888441322957
stationary_english_tug_group_SNR_4.69dB_2634_white_4_snr0_tl-29_52.wav,RNNoise v0.2,164882,3545bc6393caf40dea1343b2540778c081dadf5493e45b1bf6f5c9420f7a7080,3.2277159690856934,4.136848883932066,3.295673622168068,3.069688399612484
stationary_english_tug_group_SNR_4.69dB_2634_white_4_snr0_tl-29_52.wav,GTCRN,164882,3545bc6393caf40dea1343b2540778c081dadf5493e45b1bf6f5c9420f7a7080,3.0835816860198975,4.015275264112782,2.935202556029157,2.6807274406347896
stationary_english_tug_group_SNR_8.06dB_2286_voss_5_snr0_tl-30_36.wav,Noisy,201780,ddb647730ee00d7d7811e47ec868aecd5f9d8fe3d58225457441e120866d90f6,2.2905521392822266,2.0343387446083523,3.032589172528786,1.9054714825970949
stationary_english_tug_group_SNR_8.06dB_2286_voss_5_snr0_tl-30_36.wav,RNNoise v0.2,201780,ddb647730ee00d7d7811e47ec868aecd5f9d8fe3d58225457441e120866d90f6,3.3814830780029297,4.062991509084709,3.0761110591188814,2.825317377644525
stationary_english_tug_group_SNR_8.06dB_2286_voss_5_snr0_tl-30_36.wav,GTCRN,201780,ddb647730ee00d7d7811e47ec868aecd5f9d8fe3d58225457441e120866d90f6,3.4090728759765625,4.0181182551830865,2.814550034505837,2.5757724841038487
stationary_english_tug_group_SNR_8.72dB_2309_white_16_snr3_tl-33_39.wav,Noisy,179399,406a90f69471dd971e205dea471f5c00a6138cd7cf3c5449d62abd5cc280d2ad,2.5642430782318115,2.2521826729034324,3.4713311626616656,2.1738299693207734
stationary_english_tug_group_SNR_8.72dB_2309_white_16_snr3_tl-33_39.wav,RNNoise v0.2,179399,406a90f69471dd971e205dea471f5c00a6138cd7cf3c5449d62abd5cc280d2ad,3.6170706748962402,4.1601547107937265,3.488442910349089,3.236364202486943
stationary_english_tug_group_SNR_8.72dB_2309_white_16_snr3_tl-33_39.wav,GTCRN,179399,406a90f69471dd971e205dea471f5c00a6138cd7cf3c5449d62abd5cc280d2ad,3.512481212615967,4.047165846289911,3.169226301527801,2.9019268334386386
stationary_english_tug_group_SNR_9.0dB_2845_colored_11_snr2_tl-24_56.wav,Noisy,180410,bf839dcf4a28d68a87b8f27f2bdd8151e6cc914a5a230450b573ad64c68d0f86,3.4549784660339355,3.1652081520529824,3.6886405140602427,2.924640690924631
stationary_english_tug_group_SNR_9.0dB_2845_colored_11_snr2_tl-24_56.wav,RNNoise v0.2,180410,bf839dcf4a28d68a87b8f27f2bdd8151e6cc914a5a230450b573ad64c68d0f86,3.9566898345947266,4.225663974298665,3.668406489247935,3.4936615858256865
stationary_english_tug_group_SNR_9.0dB_2845_colored_11_snr2_tl-24_56.wav,GTCRN,180410,bf839dcf4a28d68a87b8f27f2bdd8151e6cc914a5a230450b573ad64c68d0f86,3.9750099182128906,4.221682178640451,3.6617591998608674,3.472053552445722
stationary_english_tug_male_SNR_12.8dB_3189_voss_6_snr6_tl-22_67.wav,Noisy,177623,6bbf7fbf119912935d5b73889df0f6a0c320d3dc997bb5de8377cc104d5007bd,2.5338072776794434,2.217340894473021,3.364868820910841,2.2214059732912985
stationary_english_tug_male_SNR_12.8dB_3189_voss_6_snr6_tl-22_67.wav,RNNoise v0.2,177623,6bbf7fbf119912935d5b73889df0f6a0c320d3dc997bb5de8377cc104d5007bd,3.442781925201416,4.081649021370595,3.2384553010943895,2.9970891448361066
stationary_english_tug_male_SNR_12.8dB_3189_voss_6_snr6_tl-22_67.wav,GTCRN,177623,6bbf7fbf119912935d5b73889df0f6a0c320d3dc997bb5de8377cc104d5007bd,3.3900530338287354,4.030541029801643,3.040628942852204,2.803538613705665
stationary_english_tug_male_SNR_14.02dB_2045_white_7_snr10_tl-24_28.wav,Noisy,163026,1be254cb28c6876997a5f6de1c98ada4b689fe7e57045be115c23ec453c4bfa3,2.9233105182647705,2.4816784346868843,3.5309919694746372,2.375603043128029
stationary_english_tug_male_SNR_14.02dB_2045_white_7_snr10_tl-24_28.wav,RNNoise v0.2,163026,1be254cb28c6876997a5f6de1c98ada4b689fe7e57045be115c23ec453c4bfa3,3.5023014545440674,4.195856291824546,3.5308435469197152,3.3346413480455586
stationary_english_tug_male_SNR_14.02dB_2045_white_7_snr10_tl-24_28.wav,GTCRN,163026,1be254cb28c6876997a5f6de1c98ada4b689fe7e57045be115c23ec453c4bfa3,3.65185809135437,4.142623271181535,3.4662936943640137,3.2440324075500224
stationary_english_tug_male_SNR_16.2dB_3525_voss_11_snr11_tl-35_77.wav,Noisy,166861,f23a890259a9775553bbbda3f85dfab14b6a869a5f42adcb62bca70a2a46b558,2.9822843074798584,3.4465850608106376,3.611112005796,2.9437293266312827
stationary_english_tug_male_SNR_16.2dB_3525_voss_11_snr11_tl-35_77.wav,RNNoise v0.2,166861,f23a890259a9775553bbbda3f85dfab14b6a869a5f42adcb62bca70a2a46b558,3.5838708877563477,4.1913646433006075,3.529665237104987,3.3001040743557564
stationary_english_tug_male_SNR_16.2dB_3525_voss_11_snr11_tl-35_77.wav,GTCRN,166861,f23a890259a9775553bbbda3f85dfab14b6a869a5f42adcb62bca70a2a46b558,3.7957448959350586,4.155271888485155,3.4622941340801088,3.2029260060957108
stationary_english_tug_male_SNR_16.63dB_2874_colored_3_snr16_tl-27_57.wav,Noisy,171462,bbd9fdfbdb0700e84bda24df0da243d0b108d55b232374ff623d12f193f1011c,3.169124126434326,3.18966078457012,3.604664500718706,2.890229065305708
stationary_english_tug_male_SNR_16.63dB_2874_colored_3_snr16_tl-27_57.wav,RNNoise v0.2,171462,bbd9fdfbdb0700e84bda24df0da243d0b108d55b232374ff623d12f193f1011c,3.854591131210327,4.219132741316906,3.604256672200855,3.414538027090945
stationary_english_tug_male_SNR_16.63dB_2874_colored_3_snr16_tl-27_57.wav,GTCRN,171462,bbd9fdfbdb0700e84bda24df0da243d0b108d55b232374ff623d12f193f1011c,3.8867745399475098,4.1560092549514795,3.4753437711341912,3.244133791091735
stationary_english_tug_male_SNR_18.98dB_3437_white_10_snr12_tl-29_75.wav,Noisy,218011,74c7a318f4a7131d42bad355eb3e5c6e7bf36010238e647294f70126a5dc8467,2.996734619140625,2.862738959103071,3.61328573666314,2.689779094904314
stationary_english_tug_male_SNR_18.98dB_3437_white_10_snr12_tl-29_75.wav,RNNoise v0.2,218011,74c7a318f4a7131d42bad355eb3e5c6e7bf36010238e647294f70126a5dc8467,3.8079776763916016,4.201743863596627,3.594608466486824,3.3972792769983697
stationary_english_tug_male_SNR_18.98dB_3437_white_10_snr12_tl-29_75.wav,GTCRN,218011,74c7a318f4a7131d42bad355eb3e5c6e7bf36010238e647294f70126a5dc8467,3.7694637775421143,4.191500880551001,3.5294072531314113,3.327367030848259
stationary_english_tug_male_SNR_19.22dB_3300_voss_8_snr15_tl-34_71.wav,Noisy,197522,3445c94cb43b6679faf19f8dcbe3f8a20d823a7166ac585a75cd7b0609e095b6,2.994220495223999,3.3774712018915167,3.410391019362566,2.764315652831319
stationary_english_tug_male_SNR_19.22dB_3300_voss_8_snr15_tl-34_71.wav,RNNoise v0.2,197522,3445c94cb43b6679faf19f8dcbe3f8a20d823a7166ac585a75cd7b0609e095b6,3.82865834236145,4.1553096947621775,3.481933601280028,3.2465938993853474
stationary_english_tug_male_SNR_19.22dB_3300_voss_8_snr15_tl-34_71.wav,GTCRN,197522,3445c94cb43b6679faf19f8dcbe3f8a20d823a7166ac585a75cd7b0609e095b6,3.7729578018188477,4.147452139556929,3.3913226240701895,3.161909414992497
stationary_english_tug_male_SNR_19.23dB_3293_white_4_snr15_tl-24_70.wav,Noisy,167910,f3ec90580cb277bba9eab88e71c616b660dbd4813a1bde6ea4558058e7b123f8,3.0738365650177,2.6235301383239205,3.626074988695438,2.610660297661873
stationary_english_tug_male_SNR_19.23dB_3293_white_4_snr15_tl-24_70.wav,RNNoise v0.2,167910,f3ec90580cb277bba9eab88e71c616b660dbd4813a1bde6ea4558058e7b123f8,3.808520555496216,4.2029871095389755,3.558916778294274,3.3690144496926675
stationary_english_tug_male_SNR_19.23dB_3293_white_4_snr15_tl-24_70.wav,GTCRN,167910,f3ec90580cb277bba9eab88e71c616b660dbd4813a1bde6ea4558058e7b123f8,3.983114719390869,4.171931439513451,3.5387224560706265,3.3362452376192193
stationary_english_tug_male_SNR_19.52dB_2428_white_11_snr23_tl-33_43.wav,Noisy,212055,9734b9ad4d4f147438f0ef2f831a515a320d1388cc670c1a43e65890a325de8c,3.170750379562378,3.790373165244124,3.5563595207708207,3.140327959569553
stationary_english_tug_male_SNR_19.52dB_2428_white_11_snr23_tl-33_43.wav,RNNoise v0.2,212055,9734b9ad4d4f147438f0ef2f831a515a320d1388cc670c1a43e65890a325de8c,3.7342281341552734,4.208017704243918,3.575028191792463,3.355467339066474
stationary_english_tug_male_SNR_19.52dB_2428_white_11_snr23_tl-33_43.wav,GTCRN,212055,9734b9ad4d4f147438f0ef2f831a515a320d1388cc670c1a43e65890a325de8c,3.8653602600097656,4.197412615298612,3.5811490384848366,3.3507254805519713
stationary_english_tug_male_SNR_19.8dB_2391_voss_9_snr21_tl-26_41.wav,Noisy,201490,afd064a8ede17d3df79919cc08bf31d002baf12758b6688d5feca0dd38fa97b2,3.559072494506836,3.6217611988034553,3.5968357839922995,3.1206057864995085
stationary_english_tug_male_SNR_19.8dB_2391_voss_9_snr21_tl-26_41.wav,RNNoise v0.2,201490,afd064a8ede17d3df79919cc08bf31d002baf12758b6688d5feca0dd38fa97b2,3.793201446533203,4.212546417495265,3.5872378298619227,3.3934588772943433
stationary_english_tug_male_SNR_19.8dB_2391_voss_9_snr21_tl-26_41.wav,GTCRN,201490,afd064a8ede17d3df79919cc08bf31d002baf12758b6688d5feca0dd38fa97b2,3.960965394973755,4.1823697312359895,3.5753106037148292,3.3588831879331855
stationary_english_tug_male_SNR_20.7dB_3004_white_12_snr14_tl-35_60.wav,Noisy,255923,1bc7f4838d7be6f2773cf85dde8a50f485236fd82e7f2aa0c4f237f80579696f,2.9265336990356445,3.1265027658516975,3.556975063269935,2.755292301369473
stationary_english_tug_male_SNR_20.7dB_3004_white_12_snr14_tl-35_60.wav,RNNoise v0.2,255923,1bc7f4838d7be6f2773cf85dde8a50f485236fd82e7f2aa0c4f237f80579696f,3.7782249450683594,4.168699247145584,3.5194322135043254,3.2629418367345604
stationary_english_tug_male_SNR_20.7dB_3004_white_12_snr14_tl-35_60.wav,GTCRN,255923,1bc7f4838d7be6f2773cf85dde8a50f485236fd82e7f2aa0c4f237f80579696f,3.914311170578003,4.128104743701485,3.4810105923697527,3.2077694278568303
stationary_english_tug_male_SNR_21.43dB_3102_voss_13_snr16_tl-22_65.wav,Noisy,190537,9a12188dd6dfce6ef8e0cd27ca0ff8be93a66e609536289b949f2559da2d1da1,3.380631923675537,2.863018343751606,3.5393980454997807,2.6391024512625525
stationary_english_tug_male_SNR_21.43dB_3102_voss_13_snr16_tl-22_65.wav,RNNoise v0.2,190537,9a12188dd6dfce6ef8e0cd27ca0ff8be93a66e609536289b949f2559da2d1da1,4.045623779296875,4.23619553086681,3.5778933196780285,3.4144406486705097
stationary_english_tug_male_SNR_21.43dB_3102_voss_13_snr16_tl-22_65.wav,GTCRN,190537,9a12188dd6dfce6ef8e0cd27ca0ff8be93a66e609536289b949f2559da2d1da1,4.091851234436035,4.1507402193458365,3.4592987132168957,3.2483157049057745
stationary_english_tug_male_SNR_21.77dB_2695_colored_9_snr14_tl-25_53.wav,Noisy,188094,ee30d225962b1919d51187bcd8e938475f33d3272efddad5fdfe61a5ef4325f7,3.845479965209961,3.7876051001991002,3.6110206190359806,3.1933221155740803
stationary_english_tug_male_SNR_21.77dB_2695_colored_9_snr14_tl-25_53.wav,RNNoise v0.2,188094,ee30d225962b1919d51187bcd8e938475f33d3272efddad5fdfe61a5ef4325f7,4.123274803161621,4.153662572441006,3.5979146482369098,3.378375340521326
stationary_english_tug_male_SNR_21.77dB_2695_colored_9_snr14_tl-25_53.wav,GTCRN,188094,ee30d225962b1919d51187bcd8e938475f33d3272efddad5fdfe61a5ef4325f7,4.195196151733398,4.214701889961422,3.652621754926085,3.4480136251789055
stationary_english_tug_male_SNR_22.37dB_3096_white_6_snr16_tl-21_64.wav,Noisy,226255,d41e0309b80c2db7e6d035612f10ca2c38ad8de8099cfd914fa6a61227a3c649,3.2098166942596436,2.908053740328733,3.5541719022801823,2.6707905886312506
stationary_english_tug_male_SNR_22.37dB_3096_white_6_snr16_tl-21_64.wav,RNNoise v0.2,226255,d41e0309b80c2db7e6d035612f10ca2c38ad8de8099cfd914fa6a61227a3c649,3.808201313018799,4.224341960161919,3.6172047923840482,3.4484553709294596
stationary_english_tug_male_SNR_22.37dB_3096_white_6_snr16_tl-21_64.wav,GTCRN,226255,d41e0309b80c2db7e6d035612f10ca2c38ad8de8099cfd914fa6a61227a3c649,3.8466339111328125,4.196910745290593,3.524982431216112,3.342622046293183
stationary_english_tug_male_SNR_22.77dB_2253_colored_3_snr21_tl-21_34.wav,Noisy,166648,5f5fe1693c3d5874750412b432f268f356e8c9076c2cdf0ec8f88cdac140c41a,3.15097975730896,3.452125967753094,3.5792015049329584,3.0485755501427647
stationary_english_tug_male_SNR_22.77dB_2253_colored_3_snr21_tl-21_34.wav,RNNoise v0.2,166648,5f5fe1693c3d5874750412b432f268f356e8c9076c2cdf0ec8f88cdac140c41a,3.5823023319244385,4.20543003090179,3.7290576855394204,3.525576039332541
stationary_english_tug_male_SNR_22.77dB_2253_colored_3_snr21_tl-21_34.wav,GTCRN,166648,5f5fe1693c3d5874750412b432f268f356e8c9076c2cdf0ec8f88cdac140c41a,3.942192554473877,4.095364587414125,3.57003776045659,3.3101629692163987
stationary_english_tug_male_SNR_23.07dB_3087_white_7_snr13_tl-24_63.wav,Noisy,190117,88980eeaba63902ba7ddaa7abe5a50ad7735d3ddd6e2ebe560144a3db040a9ec,3.056802749633789,2.6914935176003665,3.495155075665487,2.531571660591874
stationary_english_tug_male_SNR_23.07dB_3087_white_7_snr13_tl-24_63.wav,RNNoise v0.2,190117,88980eeaba63902ba7ddaa7abe5a50ad7735d3ddd6e2ebe560144a3db040a9ec,3.7474772930145264,4.254172724639897,3.6139150666774604,3.458159180165284
stationary_english_tug_male_SNR_23.07dB_3087_white_7_snr13_tl-24_63.wav,GTCRN,190117,88980eeaba63902ba7ddaa7abe5a50ad7735d3ddd6e2ebe560144a3db040a9ec,3.8885245323181152,4.1989109890581515,3.5392328680869953,3.3376095119841063
stationary_english_tug_male_SNR_23.28dB_3543_colored_19_snr8_tl-25_78.wav,Noisy,178850,d0ee4af4f3381269db293e418b48eee9002e49d91375120fd2c5f46c4ce34390,3.897376298904419,4.096787059551976,3.5537414939223133,3.3004371205353027
stationary_english_tug_male_SNR_23.28dB_3543_colored_19_snr8_tl-25_78.wav,RNNoise v0.2,178850,d0ee4af4f3381269db293e418b48eee9002e49d91375120fd2c5f46c4ce34390,4.000030517578125,4.235627328580534,3.669778627181133,3.499503837534083
stationary_english_tug_male_SNR_23.28dB_3543_colored_19_snr8_tl-25_78.wav,GTCRN,178850,d0ee4af4f3381269db293e418b48eee9002e49d91375120fd2c5f46c4ce34390,4.113665580749512,4.1464387638094955,3.6065494579140642,3.375426338759887
stationary_english_tug_male_SNR_26.75dB_2956_colored_16_snr19_tl-27_58.wav,Noisy,215843,720f37f3382b49bbd89f56b51fcf75045a7b677fcf181d1225f61220c966acfb,4.043487071990967,4.201744228307332,3.627449556816546,3.4172300573631205
stationary_english_tug_male_SNR_26.75dB_2956_colored_16_snr19_tl-27_58.wav,RNNoise v0.2,215843,720f37f3382b49bbd89f56b51fcf75045a7b677fcf181d1225f61220c966acfb,4.042600631713867,4.213768064953729,3.6546940634153797,3.47074535537657
stationary_english_tug_male_SNR_26.75dB_2956_colored_16_snr19_tl-27_58.wav,GTCRN,215843,720f37f3382b49bbd89f56b51fcf75045a7b677fcf181d1225f61220c966acfb,4.0937113761901855,4.218140624213817,3.6478005788445342,3.4458179748820625
stationary_english_tug_male_SNR_28.22dB_1903_voss_5_snr21_tl-23_27.wav,Noisy,219263,e9889a0ab80da10b842ae616d8702793d1894e65aad4a084dff401cdc30bcd1c,3.6066644191741943,3.389553654049704,3.5741151630047057,2.9963416260792406
stationary_english_tug_male_SNR_28.22dB_1903_voss_5_snr21_tl-23_27.wav,RNNoise v0.2,219263,e9889a0ab80da10b842ae616d8702793d1894e65aad4a084dff401cdc30bcd1c,4.001970291137695,4.213395761263879,3.5469085930064317,3.3612031959842246
stationary_english_tug_male_SNR_28.22dB_1903_voss_5_snr21_tl-23_27.wav,GTCRN,219263,e9889a0ab80da10b842ae616d8702793d1894e65aad4a084dff401cdc30bcd1c,4.037040710449219,4.149461952116619,3.4616274477436395,3.245458694375711
stationary_english_tug_male_SNR_29.1dB_3232_colored_15_snr24_tl-21_68.wav,Noisy,203928,7548591921d2f98e6106531e82f9eb6d5346ea3e75a1e4139318d7ba8f87c0e5,3.671152353286743,4.197707271396109,3.59124070338242,3.3976259109710436
stationary_english_tug_male_SNR_29.1dB_3232_colored_15_snr24_tl-21_68.wav,RNNoise v0.2,203928,7548591921d2f98e6106531e82f9eb6d5346ea3e75a1e4139318d7ba8f87c0e5,3.7612552642822266,4.200311286953789,3.607203682617529,3.435951284160383
stationary_english_tug_male_SNR_29.1dB_3232_colored_15_snr24_tl-21_68.wav,GTCRN,203928,7548591921d2f98e6106531e82f9eb6d5346ea3e75a1e4139318d7ba8f87c0e5,3.750969171524048,4.206722785738241,3.565941556175467,3.3890961066720386
stationary_english_tug_male_SNR_30.28dB_2576_white_0_snr11_tl-33_50.wav,Noisy,200968,d07390e5eefa9e4700dab29b71ef8d6f46d9311492f23a0135c93d0aeefc13ff,3.5998752117156982,4.11056110057886,3.44784026236465,3.191305546332032
stationary_english_tug_male_SNR_30.28dB_2576_white_0_snr11_tl-33_50.wav,RNNoise v0.2,200968,d07390e5eefa9e4700dab29b71ef8d6f46d9311492f23a0135c93d0aeefc13ff,3.6290714740753174,4.142760879372775,3.480662791322749,3.239650466031616
stationary_english_tug_male_SNR_30.28dB_2576_white_0_snr11_tl-33_50.wav,GTCRN,200968,d07390e5eefa9e4700dab29b71ef8d6f46d9311492f23a0135c93d0aeefc13ff,3.6707890033721924,4.127443957022643,3.405471031546331,3.162922591954653
stationary_english_tug_male_SNR_6.18dB_2524_white_14_snr3_tl-20_46.wav,Noisy,196894,1f66d03f33b981f1578635b44c0f6a68b67e218fbc79fc1645035b3037f89c63,2.5641324520111084,1.7867347614509763,3.4569142542336473,2.033584710438342
stationary_english_tug_male_SNR_6.18dB_2524_white_14_snr3_tl-20_46.wav,RNNoise v0.2,196894,1f66d03f33b981f1578635b44c0f6a68b67e218fbc79fc1645035b3037f89c63,3.297980308532715,4.078324679477586,3.0709007410124607,2.852475639407763
stationary_english_tug_male_SNR_6.18dB_2524_white_14_snr3_tl-20_46.wav,GTCRN,196894,1f66d03f33b981f1578635b44c0f6a68b67e218fbc79fc1645035b3037f89c63,3.1788711547851562,3.929591624073652,2.947716209976773,2.664926836454587
stationary_english_tug_male_SNR_6.1dB_2458_white_7_snr2_tl-32_44.wav,Noisy,173766,586510e8361f7cfe5de2caf4e3e6f327219d368999931cb0b07fc7a880dc1829,2.6041102409362793,2.2401288138739517,3.4381108106435128,2.203061327472912
stationary_english_tug_male_SNR_6.1dB_2458_white_7_snr2_tl-32_44.wav,RNNoise v0.2,173766,586510e8361f7cfe5de2caf4e3e6f327219d368999931cb0b07fc7a880dc1829,3.3159477710723877,4.16096615538207,3.3719361777678873,3.1251883717149234
stationary_english_tug_male_SNR_6.1dB_2458_white_7_snr2_tl-32_44.wav,GTCRN,173766,586510e8361f7cfe5de2caf4e3e6f327219d368999931cb0b07fc7a880dc1829,3.532660484313965,4.164181814115993,3.3491030148774557,3.0904766332933375
stationary_english_tug_male_SNR_9.46dB_2489_voss_18_snr3_tl-24_45.wav,Noisy,228580,4526e19d23a9b515b5e0e34dfb982909faa0d326f186eb403437d7613fb21a1e,2.567426919937134,1.9223891438327367,3.31394038972516,1.9810989588120982
stationary_english_tug_male_SNR_9.46dB_2489_voss_18_snr3_tl-24_45.wav,RNNoise v0.2,228580,4526e19d23a9b515b5e0e34dfb982909faa0d326f186eb403437d7613fb21a1e,3.2160205841064453,4.074914260080646,3.152712775613319,2.9410570779331815
stationary_english_tug_male_SNR_9.46dB_2489_voss_18_snr3_tl-24_45.wav,GTCRN,228580,4526e19d23a9b515b5e0e34dfb982909faa0d326f186eb403437d7613fb21a1e,3.3127048015594482,3.920354283141196,2.817339505845986,2.5707365600441614
ststationary_english_tug_female_SNR_10.29dB_2305_white_18_snr4_tl-33_38.wav,Noisy,186894,df1cd74288fa7a7e3c4124aa2b7f6e57655ddc9635edc4a8d1cd2e8007721c90,2.6693124771118164,2.491170791892187,3.5782432428800552,2.3830615845143086
ststationary_english_tug_female_SNR_10.29dB_2305_white_18_snr4_tl-33_38.wav,RNNoise v0.2,186894,df1cd74288fa7a7e3c4124aa2b7f6e57655ddc9635edc4a8d1cd2e8007721c90,3.6112351417541504,4.135838603380899,3.4228522302687816,3.1796123587740626
ststationary_english_tug_female_SNR_10.29dB_2305_white_18_snr4_tl-33_38.wav,GTCRN,186894,df1cd74288fa7a7e3c4124aa2b7f6e57655ddc9635edc4a8d1cd2e8007721c90,3.647489070892334,4.1062016532668375,3.3277307331740813,3.0733681867608675
