filename,model,samples_16k,input_sha256,clean_sha256,SISNR,PESQ,STOI
p232_001.wav,Noisy,27861,b573339154dd3f05d971ca9f721c0e25867426ef39afc7806c31bc7f7fb36050,58976c41995f22917a143bf00654bf54e86525ee15e729c7a805b8eef28849c3,15.47597872537666,2.923736572265625,0.8965728630334984
p232_001.wav,RNNoise v0.2,27861,b573339154dd3f05d971ca9f721c0e25867426ef39afc7806c31bc7f7fb36050,58976c41995f22917a143bf00654bf54e86525ee15e729c7a805b8eef28849c3,14.799287035025582,3.155935287475586,0.9287005299453581
p232_001.wav,GTCRN,27861,b573339154dd3f05d971ca9f721c0e25867426ef39afc7806c31bc7f7fb36050,58976c41995f22917a143bf00654bf54e86525ee15e729c7a805b8eef28849c3,26.089576924642014,3.208345413208008,0.9049473150412107
p232_002.wav,Noisy,43444,00500720e81fc0b7510669ad5ae50cbd03bb31dcee5bda2b51cac15cedf559be,034de7f89e16082e6aeae23746978d2a42add1d81c29d9f8c615b3e020d70643,11.324057263165804,3.0593111515045166,0.9695397220283709
p232_002.wav,RNNoise v0.2,43444,00500720e81fc0b7510669ad5ae50cbd03bb31dcee5bda2b51cac15cedf559be,034de7f89e16082e6aeae23746978d2a42add1d81c29d9f8c615b3e020d70643,13.131459224066981,3.2453742027282715,0.955950366559818
p232_002.wav,GTCRN,43444,00500720e81fc0b7510669ad5ae50cbd03bb31dcee5bda2b51cac15cedf559be,034de7f89e16082e6aeae23746978d2a42add1d81c29d9f8c615b3e020d70643,22.887004478537975,3.450361967086792,0.976413778127633
p232_003.wav,Noisy,114958,e8d3be9cc8e2343b7f55fc6922b65233fc6e2abd93c3d9f85153fb2c00870a7e,85bd30db189b8abdde6719efb07b34965fb5fb9b6e476ae23f6e6b2d4fd720db,6.736204439061691,2.8064992427825928,0.9717256058081364
p232_003.wav,RNNoise v0.2,114958,e8d3be9cc8e2343b7f55fc6922b65233fc6e2abd93c3d9f85153fb2c00870a7e,85bd30db189b8abdde6719efb07b34965fb5fb9b6e476ae23f6e6b2d4fd720db,13.601931607269629,3.3788533210754395,0.983362222348971
p232_003.wav,GTCRN,114958,e8d3be9cc8e2343b7f55fc6922b65233fc6e2abd93c3d9f85153fb2c00870a7e,85bd30db189b8abdde6719efb07b34965fb5fb9b6e476ae23f6e6b2d4fd720db,22.072996276490354,3.517768383026123,0.9732161624689767
p232_005.wav,Noisy,99946,de6caa84eeaf24977976dbd43c728f0305671465d17db7e4db428def5b1d5276,89b1ebdeabff150a3cc12629178e5b98a2366e052f3e8028ea853c2059f69494,1.8575099053687865,1.327683448791504,0.8819815210372394
p232_005.wav,RNNoise v0.2,99946,de6caa84eeaf24977976dbd43c728f0305671465d17db7e4db428def5b1d5276,89b1ebdeabff150a3cc12629178e5b98a2366e052f3e8028ea853c2059f69494,8.989790613337053,1.9850579500198364,0.9022553858342302
p232_005.wav,GTCRN,99946,de6caa84eeaf24977976dbd43c728f0305671465d17db7e4db428def5b1d5276,89b1ebdeabff150a3cc12629178e5b98a2366e052f3e8028ea853c2059f69494,15.106491372305147,2.2584474086761475,0.9087888946253923
p232_006.wav,Noisy,81656,53b9be9b754b28c4907469333a1d938bc3d6ae7e513e7b371c999f337720d095,337d07d33650b223ec973413db1e455aa907dc21a94e49f0544f561e2bce600c,16.849327753409177,2.1933670043945312,0.965080804869781
p232_006.wav,RNNoise v0.2,81656,53b9be9b754b28c4907469333a1d938bc3d6ae7e513e7b371c999f337720d095,337d07d33650b223ec973413db1e455aa907dc21a94e49f0544f561e2bce600c,14.049718030886531,2.6720519065856934,0.96127425845529
p232_006.wav,GTCRN,81656,53b9be9b754b28c4907469333a1d938bc3d6ae7e513e7b371c999f337720d095,337d07d33650b223ec973413db1e455aa907dc21a94e49f0544f561e2bce600c,22.54241839727266,3.147491931915283,0.9724976163666651
p232_007.wav,Noisy,63295,4d36133cdfd72c5de9379bae4139fc534ae5498a7b788d6c1f346feeeffec211,74d3ecad4aacbb89cfc4d1bd6dde9bb2c12f6014aaced6e281ff961c421f48f7,11.809265432612497,1.5506501197814941,0.9369818020812224
p232_007.wav,RNNoise v0.2,63295,4d36133cdfd72c5de9379bae4139fc534ae5498a7b788d6c1f346feeeffec211,74d3ecad4aacbb89cfc4d1bd6dde9bb2c12f6014aaced6e281ff961c421f48f7,12.187613388126422,2.1163437366485596,0.9462281863629765
p232_007.wav,GTCRN,63295,4d36133cdfd72c5de9379bae4139fc534ae5498a7b788d6c1f346feeeffec211,74d3ecad4aacbb89cfc4d1bd6dde9bb2c12f6014aaced6e281ff961c421f48f7,17.26528093299326,2.7002131938934326,0.9604018208907052
p232_009.wav,Noisy,66522,f7957a28f677cbefd4c3f3eac57b9858d46531f0130c77e98385562a779604c6,a659b948b1f4f79dcd9f8282bcb9b05587fddfd577ed9a8ccbe582a915ab5c16,6.771862111497063,1.8038253784179688,0.9609183791012803
p232_009.wav,RNNoise v0.2,66522,f7957a28f677cbefd4c3f3eac57b9858d46531f0130c77e98385562a779604c6,a659b948b1f4f79dcd9f8282bcb9b05587fddfd577ed9a8ccbe582a915ab5c16,12.371307390382357,2.4419264793395996,0.9538939557107765
p232_009.wav,GTCRN,66522,f7957a28f677cbefd4c3f3eac57b9858d46531f0130c77e98385562a779604c6,a659b948b1f4f79dcd9f8282bcb9b05587fddfd577ed9a8ccbe582a915ab5c16,17.813994280304644,2.7365903854370117,0.9724434125684961
p232_010.wav,Noisy,44230,2887fbf7affce79ad2a0abae51ed028a79b3f8f06f850729e0fc35a0f31609d7,3b0c7a3e675b557133a8919ddf9823496f8dab4108942bfa4cdca9e5e8b0bfcb,0.8820951896875204,1.2188421487808228,0.7850100755491836
p232_010.wav,RNNoise v0.2,44230,2887fbf7affce79ad2a0abae51ed028a79b3f8f06f850729e0fc35a0f31609d7,3b0c7a3e675b557133a8919ddf9823496f8dab4108942bfa4cdca9e5e8b0bfcb,5.962211187349594,1.5407297611236572,0.8664248958953465
p232_010.wav,GTCRN,44230,2887fbf7affce79ad2a0abae51ed028a79b3f8f06f850729e0fc35a0f31609d7,3b0c7a3e675b557133a8919ddf9823496f8dab4108942bfa4cdca9e5e8b0bfcb,8.22089523971097,1.654331922531128,0.8579921625215141
p232_011.wav,Noisy,104611,c58b098feb266db35d8fa88adbfc1efd6d29b38d259f6301bae9299d74edf9f1,b21765d847cc1ddf3ba05cf6fe5016d3d24f96ab3a6c7ce47e2feb79f7875617,16.804911047057995,2.72371506690979,0.9653089894754378
p232_011.wav,RNNoise v0.2,104611,c58b098feb266db35d8fa88adbfc1efd6d29b38d259f6301bae9299d74edf9f1,b21765d847cc1ddf3ba05cf6fe5016d3d24f96ab3a6c7ce47e2feb79f7875617,13.632970402686356,3.021716833114624,0.9703751348484386
p232_011.wav,GTCRN,104611,c58b098feb266db35d8fa88adbfc1efd6d29b38d259f6301bae9299d74edf9f1,b21765d847cc1ddf3ba05cf6fe5016d3d24f96ab3a6c7ce47e2feb79f7875617,20.438159637557618,3.4430248737335205,0.9766139632103598
p232_012.wav,Noisy,69371,035653dadc318df78312872e8b4e7dec0749b452139aa375de60c88d23703c7f,4af0f8d29bcf281cc731632ace842206ede9f1fa6a4afad21b2c741321eacac2,11.907344659676113,2.036543846130371,0.9653863367640881
p232_012.wav,RNNoise v0.2,69371,035653dadc318df78312872e8b4e7dec0749b452139aa375de60c88d23703c7f,4af0f8d29bcf281cc731632ace842206ede9f1fa6a4afad21b2c741321eacac2,13.428036392402793,2.781269073486328,0.9660059591838763
p232_012.wav,GTCRN,69371,035653dadc318df78312872e8b4e7dec0749b452139aa375de60c88d23703c7f,4af0f8d29bcf281cc731632ace842206ede9f1fa6a4afad21b2c741321eacac2,18.41466795968579,3.164616584777832,0.9740628111336478
p232_013.wav,Noisy,63095,792e6137d41cf9b3a27c2bc962be6838de2d53d204ae402aac6962dcb7c965cc,d7a51b4fdfb02657cf9410dbd34b4ea165acbec48581a8a074e1d45fdd3b3334,6.805190488510705,1.4126864671707153,0.9442681586299383
p232_013.wav,RNNoise v0.2,63095,792e6137d41cf9b3a27c2bc962be6838de2d53d204ae402aac6962dcb7c965cc,d7a51b4fdfb02657cf9410dbd34b4ea165acbec48581a8a074e1d45fdd3b3334,10.914287099671112,2.018247365951538,0.9442851162089074
p232_013.wav,GTCRN,63095,792e6137d41cf9b3a27c2bc962be6838de2d53d204ae402aac6962dcb7c965cc,d7a51b4fdfb02657cf9410dbd34b4ea165acbec48581a8a074e1d45fdd3b3334,14.40271323853419,2.569993734359741,0.9538944399459328
p232_014.wav,Noisy,73870,56c3d9b536d22e3a81acbb012fccfd67e050b39373c5895b1d12acc990dac7ab,54c19a5eccdb614e646e58ff6df7561c5e43ae6aafcb06cd4839d66269eddc09,1.9292220606002326,1.2670758962631226,0.9106872354647632
p232_014.wav,RNNoise v0.2,73870,56c3d9b536d22e3a81acbb012fccfd67e050b39373c5895b1d12acc990dac7ab,54c19a5eccdb614e646e58ff6df7561c5e43ae6aafcb06cd4839d66269eddc09,9.776968843994116,1.7427270412445068,0.9200353171888761
p232_014.wav,GTCRN,73870,56c3d9b536d22e3a81acbb012fccfd67e050b39373c5895b1d12acc990dac7ab,54c19a5eccdb614e646e58ff6df7561c5e43ae6aafcb06cd4839d66269eddc09,15.002878714251068,2.228222608566284,0.9405408035146662
p232_015.wav,Noisy,85119,7177a64933032243582d310ac87ee54e36a30a15bb28d81471582ec5aa2d4933,a77c7fc0b13f449ba1fecd7dafbde4b60e79aa51c6bc51732c97a3218289ffa6,16.95140761829926,3.627406597137451,0.9946360514257164
p232_015.wav,RNNoise v0.2,85119,7177a64933032243582d310ac87ee54e36a30a15bb28d81471582ec5aa2d4933,a77c7fc0b13f449ba1fecd7dafbde4b60e79aa51c6bc51732c97a3218289ffa6,14.717034138976501,3.7155239582061768,0.9931940325347681
p232_015.wav,GTCRN,85119,7177a64933032243582d310ac87ee54e36a30a15bb28d81471582ec5aa2d4933,a77c7fc0b13f449ba1fecd7dafbde4b60e79aa51c6bc51732c97a3218289ffa6,26.50742372547084,4.07668924331665,0.9935947287225187
p232_016.wav,Noisy,89110,853caddf1c6f95f4ddb23cf2a239c6406eae9f309cf2a440e697a347a3d10874,35bf63e0f1a7cc5aeed1434efa3e8227ed1ac78a6f175f0807f47167e02a0c12,11.996642589695073,3.35558819770813,0.9903461688290246
p232_016.wav,RNNoise v0.2,89110,853caddf1c6f95f4ddb23cf2a239c6406eae9f309cf2a440e697a347a3d10874,35bf63e0f1a7cc5aeed1434efa3e8227ed1ac78a6f175f0807f47167e02a0c12,14.247321133169056,3.3912713527679443,0.9821607820188214
p232_016.wav,GTCRN,89110,853caddf1c6f95f4ddb23cf2a239c6406eae9f309cf2a440e697a347a3d10874,35bf63e0f1a7cc5aeed1434efa3e8227ed1ac78a6f175f0807f47167e02a0c12,23.791882504095575,3.9341235160827637,0.9915492068175547
p232_017.wav,Noisy,46229,a8b4ee5988f0c2504e463656da49188c98d8ed33a28e87f9208c1e8d110a0791,aa03c6001955254209448c69fcb129dbbe8d4c01f74f943416d38b2d80f56fc0,6.442623736946129,2.76297926902771,0.9927897886485825
p232_017.wav,RNNoise v0.2,46229,a8b4ee5988f0c2504e463656da49188c98d8ed33a28e87f9208c1e8d110a0791,aa03c6001955254209448c69fcb129dbbe8d4c01f74f943416d38b2d80f56fc0,13.362408545883092,2.775895833969116,0.9865404876339829
p232_017.wav,GTCRN,46229,a8b4ee5988f0c2504e463656da49188c98d8ed33a28e87f9208c1e8d110a0791,aa03c6001955254209448c69fcb129dbbe8d4c01f74f943416d38b2d80f56fc0,23.565256607790545,3.6438961029052734,0.9925145782841949
p232_019.wav,Noisy,107769,a48d16b180983c0a4c3bcb439753921dece9ee50bd31b166bc21d769c02fddb7,2268caefff20ce9658a154c1481cc37ebf89347b3ef848b8a07115be3ec9c069,2.0626131172226807,2.189824342727661,0.979496366910092
p232_019.wav,RNNoise v0.2,107769,a48d16b180983c0a4c3bcb439753921dece9ee50bd31b166bc21d769c02fddb7,2268caefff20ce9658a154c1481cc37ebf89347b3ef848b8a07115be3ec9c069,12.046795562157897,2.7979488372802734,0.9770186825882771
p232_019.wav,GTCRN,107769,a48d16b180983c0a4c3bcb439753921dece9ee50bd31b166bc21d769c02fddb7,2268caefff20ce9658a154c1481cc37ebf89347b3ef848b8a07115be3ec9c069,20.227775251783694,3.062372922897339,0.9819019266104134
p232_020.wav,Noisy,57867,1002f7b40b04e9a4df5c843930a1e80e5d676d31d8e944859e2e892c8089b783,448b67e7650a23c67f1ad079d3e37273b4c1b3062bb6d75814bd2f7ef29dc601,16.23970530620586,2.8894526958465576,0.9618204946422285
p232_020.wav,RNNoise v0.2,57867,1002f7b40b04e9a4df5c843930a1e80e5d676d31d8e944859e2e892c8089b783,448b67e7650a23c67f1ad079d3e37273b4c1b3062bb6d75814bd2f7ef29dc601,13.348765729527653,3.308328151702881,0.956452422933308
p232_020.wav,GTCRN,57867,1002f7b40b04e9a4df5c843930a1e80e5d676d31d8e944859e2e892c8089b783,448b67e7650a23c67f1ad079d3e37273b4c1b3062bb6d75814bd2f7ef29dc601,22.339558575083807,3.590447187423706,0.9681519950712373
p232_021.wav,Noisy,136152,e769a23233c42a9b8a015c65aee76e3a3e80d6fe804985ef2747170ba584b8c3,d59ec5f71b0d6ac78807bdde443824900afd4424ffd944450709a4c850996a46,11.918893714319463,2.5914251804351807,0.9763255918211152
p232_021.wav,RNNoise v0.2,136152,e769a23233c42a9b8a015c65aee76e3a3e80d6fe804985ef2747170ba584b8c3,d59ec5f71b0d6ac78807bdde443824900afd4424ffd944450709a4c850996a46,14.267809897895978,2.9784622192382812,0.9772872461021228
p232_021.wav,GTCRN,136152,e769a23233c42a9b8a015c65aee76e3a3e80d6fe804985ef2747170ba584b8c3,d59ec5f71b0d6ac78807bdde443824900afd4424ffd944450709a4c850996a46,22.876636903607913,3.4101340770721436,0.9829303563301333
p232_022.wav,Noisy,92704,ca4190a056d0d1f5325fd6c9bbfbadd535805ade54f74f6541e3a44725b9815a,918fe2313bd8b42ab9bfd6b42d3c1372e1c17e23499fc3906196072d81a83bf1,6.995302429732089,1.6432602405548096,0.9699676918934363
p232_022.wav,RNNoise v0.2,92704,ca4190a056d0d1f5325fd6c9bbfbadd535805ade54f74f6541e3a44725b9815a,918fe2313bd8b42ab9bfd6b42d3c1372e1c17e23499fc3906196072d81a83bf1,10.966250212510428,2.405275583267212,0.97309080145932
p232_022.wav,GTCRN,92704,ca4190a056d0d1f5325fd6c9bbfbadd535805ade54f74f6541e3a44725b9815a,918fe2313bd8b42ab9bfd6b42d3c1372e1c17e23499fc3906196072d81a83bf1,17.889865867854805,3.0573480129241943,0.9784553356932022
p232_023.wav,Noisy,156302,4d27e4b214aab4926d23fb97a7df643ea9697e7059cd36b3c13293dae845daf9,4da8d61da2c09d2eb0222ab474fe483e374bb9cc2a0d9c9f0f7437d28b74d095,1.9936648427724886,1.3069875240325928,0.9372925584050705
p232_023.wav,RNNoise v0.2,156302,4d27e4b214aab4926d23fb97a7df643ea9697e7059cd36b3c13293dae845daf9,4da8d61da2c09d2eb0222ab474fe483e374bb9cc2a0d9c9f0f7437d28b74d095,8.982211573748561,1.8735754489898682,0.9553265318966411
p232_023.wav,GTCRN,156302,4d27e4b214aab4926d23fb97a7df643ea9697e7059cd36b3c13293dae845daf9,4da8d61da2c09d2eb0222ab474fe483e374bb9cc2a0d9c9f0f7437d28b74d095,14.83777411152029,2.158879041671753,0.9596197890184682
p232_024.wav,Noisy,88327,40e4cbcfbc88a5ee58d41c42e6b60f299f94b104096c572843aa203f79cc50b8,f7dc36827eda6273e01ae3c1006b1f66e47ff81d15bb490cf22d384d240d2bc6,16.809133795973374,3.7994725704193115,0.9973607576625472
p232_024.wav,RNNoise v0.2,88327,40e4cbcfbc88a5ee58d41c42e6b60f299f94b104096c572843aa203f79cc50b8,f7dc36827eda6273e01ae3c1006b1f66e47ff81d15bb490cf22d384d240d2bc6,14.275006013798253,3.884382724761963,0.9947491399549611
p232_024.wav,GTCRN,88327,40e4cbcfbc88a5ee58d41c42e6b60f299f94b104096c572843aa203f79cc50b8,f7dc36827eda6273e01ae3c1006b1f66e47ff81d15bb490cf22d384d240d2bc6,24.55590483052058,4.136758327484131,0.9972576357865677
p232_025.wav,Noisy,30011,63d75777401d8121dcb5b080e2deac8c8007bc6ce1836943a3a0076322cb567a,188bac96e23d904c400cc907ea612edded3e898786ac542ecfc3da0316c929f2,10.641475016289599,2.9151418209075928,0.9738168082812667
p232_025.wav,RNNoise v0.2,30011,63d75777401d8121dcb5b080e2deac8c8007bc6ce1836943a3a0076322cb567a,188bac96e23d904c400cc907ea612edded3e898786ac542ecfc3da0316c929f2,12.926750370989172,3.055785655975342,0.9822469934583692
p232_025.wav,GTCRN,30011,63d75777401d8121dcb5b080e2deac8c8007bc6ce1836943a3a0076322cb567a,188bac96e23d904c400cc907ea612edded3e898786ac542ecfc3da0316c929f2,23.969894743691174,3.352827310562134,0.9802876856903066
p232_027.wav,Noisy,60339,63a1dc22803b72ee6d278e193bf4de46e8b2f4dd2cf14865db994e61aba8d0db,10711491d25023daf44f2fc0bca15260f3663984160f8aede29ca56ef39ccb52,6.712696715609058,2.9073851108551025,0.9867242605031138
p232_027.wav,RNNoise v0.2,60339,63a1dc22803b72ee6d278e193bf4de46e8b2f4dd2cf14865db994e61aba8d0db,10711491d25023daf44f2fc0bca15260f3663984160f8aede29ca56ef39ccb52,12.596524873357893,3.4816770553588867,0.9863449337966514
p232_027.wav,GTCRN,60339,63a1dc22803b72ee6d278e193bf4de46e8b2f4dd2cf14865db994e61aba8d0db,10711491d25023daf44f2fc0bca15260f3663984160f8aede29ca56ef39ccb52,22.73995092866578,3.82845401763916,0.9899294735838304
p232_028.wav,Noisy,33040,571f2f1963f9249db5381f640b92b5e5727bfde3bb4fd9e11703816282e498ac,d65b68879a3f2a31ea58397e52be67d972cfdf1ba4a1f005fb01caea616f363c,0.20444550647861864,1.4433863162994385,0.8047337685806383
p232_028.wav,RNNoise v0.2,33040,571f2f1963f9249db5381f640b92b5e5727bfde3bb4fd9e11703816282e498ac,d65b68879a3f2a31ea58397e52be67d972cfdf1ba4a1f005fb01caea616f363c,8.209738467973636,1.8188889026641846,0.8429261966588454
p232_028.wav,GTCRN,33040,571f2f1963f9249db5381f640b92b5e5727bfde3bb4fd9e11703816282e498ac,d65b68879a3f2a31ea58397e52be67d972cfdf1ba4a1f005fb01caea616f363c,17.260522079086055,2.2548084259033203,0.8670938218038182
p232_029.wav,Noisy,54645,b7d007bd3e083071003cd5fb7ac83d801ff9f8d4c0d9619ef0c3d99b755a0c06,89f089f479bd460863ec653e3675c80d0aa04ba81ce5be88f0bb5bed714acc16,16.52013815915912,1.7683759927749634,0.9735114920973413
p232_029.wav,RNNoise v0.2,54645,b7d007bd3e083071003cd5fb7ac83d801ff9f8d4c0d9619ef0c3d99b755a0c06,89f089f479bd460863ec653e3675c80d0aa04ba81ce5be88f0bb5bed714acc16,14.097920574300957,2.28617525100708,0.9770223410570431
p232_029.wav,GTCRN,54645,b7d007bd3e083071003cd5fb7ac83d801ff9f8d4c0d9619ef0c3d99b755a0c06,89f089f479bd460863ec653e3675c80d0aa04ba81ce5be88f0bb5bed714acc16,20.545793271233592,2.961466073989868,0.9818109958740456
p232_030.wav,Noisy,61583,b848e2e950f239099ef3fe1b8d5ed8f3ee128a6c3ab53a4088c470edf9857c68,70e048e30e2b7421a6660a838c1a0e7e166b5f6e4df5d56f94c5e81b4736bb8d,11.720842729799967,1.9655439853668213,0.9901328199298556
p232_030.wav,RNNoise v0.2,61583,b848e2e950f239099ef3fe1b8d5ed8f3ee128a6c3ab53a4088c470edf9857c68,70e048e30e2b7421a6660a838c1a0e7e166b5f6e4df5d56f94c5e81b4736bb8d,13.576830305199195,2.8158884048461914,0.992809500670548
p232_030.wav,GTCRN,61583,b848e2e950f239099ef3fe1b8d5ed8f3ee128a6c3ab53a4088c470edf9857c68,70e048e30e2b7421a6660a838c1a0e7e166b5f6e4df5d56f94c5e81b4736bb8d,20.869910217298187,3.1168735027313232,0.9938883050274469
p232_031.wav,Noisy,36645,8fb604dcf017452e12e3d64fa2c8aeec1227bb1fc98b80af83efc26e9f85c8f4,b145fa613214f626a5aa616e4f9cf64893b9727cd53344250cc9a869fa440e66,5.562739553327801,1.5489532947540283,0.7951152677102314
p232_031.wav,RNNoise v0.2,36645,8fb604dcf017452e12e3d64fa2c8aeec1227bb1fc98b80af83efc26e9f85c8f4,b145fa613214f626a5aa616e4f9cf64893b9727cd53344250cc9a869fa440e66,12.621338950067582,2.534132957458496,0.8359117051099745
p232_031.wav,GTCRN,36645,8fb604dcf017452e12e3d64fa2c8aeec1227bb1fc98b80af83efc26e9f85c8f4,b145fa613214f626a5aa616e4f9cf64893b9727cd53344250cc9a869fa440e66,18.99397691644046,2.516735792160034,0.8369099097312533
p232_032.wav,Noisy,55841,09e1ef6e9b893347c11b7bdfb6e60f07085e1c9ad2d60e50efe89e9506a8fa35,43caf2c1fd9578e2d322b00dece8293c82d1e188c73733799c95dd0f7aeb65be,1.54288748102273,1.1101763248443604,0.7706265074029276
p232_032.wav,RNNoise v0.2,55841,09e1ef6e9b893347c11b7bdfb6e60f07085e1c9ad2d60e50efe89e9506a8fa35,43caf2c1fd9578e2d322b00dece8293c82d1e188c73733799c95dd0f7aeb65be,6.113256787695293,1.3980939388275146,0.8484666215357313
p232_032.wav,GTCRN,55841,09e1ef6e9b893347c11b7bdfb6e60f07085e1c9ad2d60e50efe89e9506a8fa35,43caf2c1fd9578e2d322b00dece8293c82d1e188c73733799c95dd0f7aeb65be,8.326481238669292,1.5508382320404053,0.8689308971094748
p232_033.wav,Noisy,23167,3bf8cceb44c64862d6fef8fa210eee7f0e048f4c88f0edc62f1f7c9648de5a35,5383a53ae1d0ca6f2ae67bafc162fe6553d61cfaa7553bb4dc201c5bf0f0c206,14.967888910547583,2.4610421657562256,0.8464586230595722
p232_033.wav,RNNoise v0.2,23167,3bf8cceb44c64862d6fef8fa210eee7f0e048f4c88f0edc62f1f7c9648de5a35,5383a53ae1d0ca6f2ae67bafc162fe6553d61cfaa7553bb4dc201c5bf0f0c206,14.002917996692087,2.8640847206115723,0.8394646204113396
p232_033.wav,GTCRN,23167,3bf8cceb44c64862d6fef8fa210eee7f0e048f4c88f0edc62f1f7c9648de5a35,5383a53ae1d0ca6f2ae67bafc162fe6553d61cfaa7553bb4dc201c5bf0f0c206,20.613502340811714,3.3947248458862305,0.8681427952379095
p232_034.wav,Noisy,23553,653237d12be3d5919a8c8f1969487554b3f3fede29df86c9d502edc90cad4e0a,b6a20f1cf2a178dc67ea323bc746ead1d337b19c3fa57a83ce7c6bd6f8703672,10.074342604278124,1.4315011501312256,0.8631429120450422
p232_034.wav,RNNoise v0.2,23553,653237d12be3d5919a8c8f1969487554b3f3fede29df86c9d502edc90cad4e0a,b6a20f1cf2a178dc67ea323bc746ead1d337b19c3fa57a83ce7c6bd6f8703672,11.802333888450708,2.118727684020996,0.8883279624129286
p232_034.wav,GTCRN,23553,653237d12be3d5919a8c8f1969487554b3f3fede29df86c9d502edc90cad4e0a,b6a20f1cf2a178dc67ea323bc746ead1d337b19c3fa57a83ce7c6bd6f8703672,16.032944578195732,2.4306700229644775,0.9095086740755377
p232_035.wav,Noisy,50536,7ddaebbae95b8ba361c73d0a4084934e0f17245eb30d2d053f490bfbf76fac4d,8206b9ea847e3c72d36097abd981a588372def92fe4b551b86daf83951bf677f,6.638439876909185,1.5324068069458008,0.9698927615713234
p232_035.wav,RNNoise v0.2,50536,7ddaebbae95b8ba361c73d0a4084934e0f17245eb30d2d053f490bfbf76fac4d,8206b9ea847e3c72d36097abd981a588372def92fe4b551b86daf83951bf677f,11.086139289848575,2.3683295249938965,0.9778861052781661
p232_035.wav,GTCRN,50536,7ddaebbae95b8ba361c73d0a4084934e0f17245eb30d2d053f490bfbf76fac4d,8206b9ea847e3c72d36097abd981a588372def92fe4b551b86daf83951bf677f,16.248625880478407,2.7951536178588867,0.9816491315955821
p232_036.wav,Noisy,45494,91bf4cc88cf10c75600b79108667880f94e484df70f4bda88dc8af4273164e5c,81b92e6d5af6411ed459d020048cb184858e2ed5e777328ed54cfb1f55530f06,1.5804840699380327,1.150494933128357,0.8186654896990254
p232_036.wav,RNNoise v0.2,45494,91bf4cc88cf10c75600b79108667880f94e484df70f4bda88dc8af4273164e5c,81b92e6d5af6411ed459d020048cb184858e2ed5e777328ed54cfb1f55530f06,7.201528515886416,1.7126750946044922,0.8591913382852002
p232_036.wav,GTCRN,45494,91bf4cc88cf10c75600b79108667880f94e484df70f4bda88dc8af4273164e5c,81b92e6d5af6411ed459d020048cb184858e2ed5e777328ed54cfb1f55530f06,10.542459500577676,1.9690768718719482,0.9007360119784809
p232_037.wav,Noisy,61696,885197fae911c3f0cf64d0d88cad39c263774aeffad6e82677bd3c24afe39914,523a47d298a2252832c39655646f220176471c14143143fb3a9c319bc8b62177,16.569073249299496,3.6429107189178467,0.9991373215030162
p232_037.wav,RNNoise v0.2,61696,885197fae911c3f0cf64d0d88cad39c263774aeffad6e82677bd3c24afe39914,523a47d298a2252832c39655646f220176471c14143143fb3a9c319bc8b62177,14.525481706105616,3.7198567390441895,0.9980227508230041
p232_037.wav,GTCRN,61696,885197fae911c3f0cf64d0d88cad39c263774aeffad6e82677bd3c24afe39914,523a47d298a2252832c39655646f220176471c14143143fb3a9c319bc8b62177,26.55263547606718,4.203648567199707,0.999102646648403
p232_038.wav,Noisy,33449,446814eaf6d21b1279c99db7e8ec56eba938cddc2e2e0cc1a1461d6c52f0a915,fe3ba7601ad9c0617a324df57362204b6356fcfa827f70721d988b0390e67cbf,10.953413547544628,2.8295986652374268,0.9471566642664271
p232_038.wav,RNNoise v0.2,33449,446814eaf6d21b1279c99db7e8ec56eba938cddc2e2e0cc1a1461d6c52f0a915,fe3ba7601ad9c0617a324df57362204b6356fcfa827f70721d988b0390e67cbf,14.404334907125397,3.256901979446411,0.9344101465334169
p232_038.wav,GTCRN,33449,446814eaf6d21b1279c99db7e8ec56eba938cddc2e2e0cc1a1461d6c52f0a915,fe3ba7601ad9c0617a324df57362204b6356fcfa827f70721d988b0390e67cbf,23.54151969243455,3.5690829753875732,0.9456373788724863
p232_039.wav,Noisy,31040,c1a0aa476eaecbe0e0e0d824083a8ad19f832f9f03c0dfd72528588a8efaecee,8e70cbe0fdde2b8135ca2a3a7388537ee52f716467ab9578873ba503169c4f03,4.433945627479304,2.1301538944244385,0.7698169967723001
p232_039.wav,RNNoise v0.2,31040,c1a0aa476eaecbe0e0e0d824083a8ad19f832f9f03c0dfd72528588a8efaecee,8e70cbe0fdde2b8135ca2a3a7388537ee52f716467ab9578873ba503169c4f03,13.339864552780762,2.8498194217681885,0.7733430890919459
p232_039.wav,GTCRN,31040,c1a0aa476eaecbe0e0e0d824083a8ad19f832f9f03c0dfd72528588a8efaecee,8e70cbe0fdde2b8135ca2a3a7388537ee52f716467ab9578873ba503169c4f03,19.59190884756222,2.07132887840271,0.7636558729774694
p232_040.wav,Noisy,30361,60235b3c2725f4f3ac860d734e7fffe652c19156a3fe1909c0021ff223208a6f,96df5bcbd92d50ef46d657e0d2f4930edaadfc02c49bf3626067d98a616797c8,0.4831488970001352,2.47743821144104,0.9909138455808769
p232_040.wav,RNNoise v0.2,30361,60235b3c2725f4f3ac860d734e7fffe652c19156a3fe1909c0021ff223208a6f,96df5bcbd92d50ef46d657e0d2f4930edaadfc02c49bf3626067d98a616797c8,12.486967712606694,3.1471364498138428,0.9952157859314678
p232_040.wav,GTCRN,30361,60235b3c2725f4f3ac860d734e7fffe652c19156a3fe1909c0021ff223208a6f,96df5bcbd92d50ef46d657e0d2f4930edaadfc02c49bf3626067d98a616797c8,21.7772972010598,3.058647871017456,0.995010293134632
p232_041.wav,Noisy,32119,ca4f839e62dfd4d1848ab05b29e0e3be116d3b4213750d268f434b8e44f6fcac,76172ec727bfa16a4f66530bfcc4a0fe592cdc4bb803a5348be4dd48ae768b44,15.825921711666137,2.260542869567871,0.9036643662657144
p232_041.wav,RNNoise v0.2,32119,ca4f839e62dfd4d1848ab05b29e0e3be116d3b4213750d268f434b8e44f6fcac,76172ec727bfa16a4f66530bfcc4a0fe592cdc4bb803a5348be4dd48ae768b44,14.659997437234178,2.1884610652923584,0.8958742031938549
p232_041.wav,GTCRN,32119,ca4f839e62dfd4d1848ab05b29e0e3be116d3b4213750d268f434b8e44f6fcac,76172ec727bfa16a4f66530bfcc4a0fe592cdc4bb803a5348be4dd48ae768b44,21.6509312836267,2.7936317920684814,0.9249221279954805
p232_042.wav,Noisy,40217,98682799f32f61dcb59d3ced12807e3d5e4cb46dd93e3860d8b81dd44ba66e6c,1fbef24453056472fb7068b32072c7102b94364b0cc3c9f273c342e053734e32,11.237030134273283,2.9455206394195557,0.9982020984120147
p232_042.wav,RNNoise v0.2,40217,98682799f32f61dcb59d3ced12807e3d5e4cb46dd93e3860d8b81dd44ba66e6c,1fbef24453056472fb7068b32072c7102b94364b0cc3c9f273c342e053734e32,14.844723172019423,3.0463361740112305,0.9974308939635828
p232_042.wav,GTCRN,40217,98682799f32f61dcb59d3ced12807e3d5e4cb46dd93e3860d8b81dd44ba66e6c,1fbef24453056472fb7068b32072c7102b94364b0cc3c9f273c342e053734e32,24.732537958370383,3.748080253601074,0.9985279971638674
p232_043.wav,Noisy,31365,c62ea854c03c28e11be91fd5acbdfd7cf7f3f830cc58ba9d06ff7a02ef2820aa,388cdc2f7fafb391dd5c99ff43601de96b728ec97b2ec9e6bf3c3ef1ed95d57c,5.880739539196625,1.601271629333496,0.8529364689704493
p232_043.wav,RNNoise v0.2,31365,c62ea854c03c28e11be91fd5acbdfd7cf7f3f830cc58ba9d06ff7a02ef2820aa,388cdc2f7fafb391dd5c99ff43601de96b728ec97b2ec9e6bf3c3ef1ed95d57c,10.747483706950016,2.474385976791382,0.8544202238066487
p232_043.wav,GTCRN,31365,c62ea854c03c28e11be91fd5acbdfd7cf7f3f830cc58ba9d06ff7a02ef2820aa,388cdc2f7fafb391dd5c99ff43601de96b728ec97b2ec9e6bf3c3ef1ed95d57c,15.362863444507,2.380248785018921,0.8867028260162836
p232_044.wav,Noisy,22133,cbcdb389c3fcc5839697c34713220fb3211efabeb7fa4f35f9cd78900e88d09f,f8f53314bd2fb741dfe3a35dd2beb6be04b7b9e8fbd3785820fc1c65d209bb95,-0.26687699475274873,1.1205264329910278,0.790942281991365
p232_044.wav,RNNoise v0.2,22133,cbcdb389c3fcc5839697c34713220fb3211efabeb7fa4f35f9cd78900e88d09f,f8f53314bd2fb741dfe3a35dd2beb6be04b7b9e8fbd3785820fc1c65d209bb95,9.074955052912774,1.4820170402526855,0.7947357177743385
p232_044.wav,GTCRN,22133,cbcdb389c3fcc5839697c34713220fb3211efabeb7fa4f35f9cd78900e88d09f,f8f53314bd2fb741dfe3a35dd2beb6be04b7b9e8fbd3785820fc1c65d209bb95,14.35520487370227,1.865081548690796,0.8343466914886059
p232_045.wav,Noisy,19801,6639abab26d5c28d132c965332707b3d7bb6a4f9bf0aa6922fb4fc4b71c070e6,35b70fae8017f230f12ab147d57d379c1080571ea73d117e04c1caa1e5cae0e7,14.379927209925196,3.7592742443084717,0.963322900357487
p232_045.wav,RNNoise v0.2,19801,6639abab26d5c28d132c965332707b3d7bb6a4f9bf0aa6922fb4fc4b71c070e6,35b70fae8017f230f12ab147d57d379c1080571ea73d117e04c1caa1e5cae0e7,14.512731606917978,3.7918169498443604,0.9242256810776388
p232_045.wav,GTCRN,19801,6639abab26d5c28d132c965332707b3d7bb6a4f9bf0aa6922fb4fc4b71c070e6,35b70fae8017f230f12ab147d57d379c1080571ea73d117e04c1caa1e5cae0e7,26.70094271621555,4.1677093505859375,0.9705291175497118
p232_046.wav,Noisy,22655,0ae65d27807a22af5fa841cad27d01df5d3f407a8dc5998c473b92ad24032971,3ad9d16236aac19f3a5fef325ce4b3aec7eeebb8f0f7360798f82d423622d463,9.902659489674994,2.0272419452667236,0.8255109198561258
p232_046.wav,RNNoise v0.2,22655,0ae65d27807a22af5fa841cad27d01df5d3f407a8dc5998c473b92ad24032971,3ad9d16236aac19f3a5fef325ce4b3aec7eeebb8f0f7360798f82d423622d463,13.75531555359805,2.3545799255371094,0.7884432567817657
p232_046.wav,GTCRN,22655,0ae65d27807a22af5fa841cad27d01df5d3f407a8dc5998c473b92ad24032971,3ad9d16236aac19f3a5fef325ce4b3aec7eeebb8f0f7360798f82d423622d463,20.12833109437321,2.823943614959717,0.8358674399893828
p232_047.wav,Noisy,30824,917f5f1d23d97c4d1b57fcb81c016a492c76e73c8e03d191b1b7077afb5f881f,baaf1bb66a372f12565e7b3a2fbd6999ed6104d92a42d3148e7bb8aa3f64ec9b,5.740896234643764,2.2941243648529053,0.9404215807602723
p232_047.wav,RNNoise v0.2,30824,917f5f1d23d97c4d1b57fcb81c016a492c76e73c8e03d191b1b7077afb5f881f,baaf1bb66a372f12565e7b3a2fbd6999ed6104d92a42d3148e7bb8aa3f64ec9b,9.527719092760611,2.8197174072265625,0.9632701407603284
p232_047.wav,GTCRN,30824,917f5f1d23d97c4d1b57fcb81c016a492c76e73c8e03d191b1b7077afb5f881f,baaf1bb66a372f12565e7b3a2fbd6999ed6104d92a42d3148e7bb8aa3f64ec9b,18.721327633216298,2.6482090950012207,0.9476288691325545
p232_048.wav,Noisy,29116,4f199ac579ccf417789a9e57e13b6d1df7d940d274a7a4a423b3b627de4c586c,0edb2cb57c40fcdd774fe2daeb38f314ce3bcbd6a7b3ddc82cd0969da301a7c1,-0.6509752548353502,1.856773853302002,0.7019280149996304
p232_048.wav,RNNoise v0.2,29116,4f199ac579ccf417789a9e57e13b6d1df7d940d274a7a4a423b3b627de4c586c,0edb2cb57c40fcdd774fe2daeb38f314ce3bcbd6a7b3ddc82cd0969da301a7c1,7.796993986391243,2.260542154312134,0.7102903710606085
p232_048.wav,GTCRN,29116,4f199ac579ccf417789a9e57e13b6d1df7d940d274a7a4a423b3b627de4c586c,0edb2cb57c40fcdd774fe2daeb38f314ce3bcbd6a7b3ddc82cd0969da301a7c1,17.55052851556046,2.8518965244293213,0.8051874480167417
p232_049.wav,Noisy,47058,ad990b7f253be4f81b5c341d5cbbf7181ebb44125600c7dd3b9dfdf1b280d95f,3934ac4a72740ca465b31acf7c16c0078329669b10bbcd87021a6eb8d9ac8ae3,16.4486701045996,2.7022290229797363,0.9964962437216954
p232_049.wav,RNNoise v0.2,47058,ad990b7f253be4f81b5c341d5cbbf7181ebb44125600c7dd3b9dfdf1b280d95f,3934ac4a72740ca465b31acf7c16c0078329669b10bbcd87021a6eb8d9ac8ae3,13.678483038209219,2.821056842803955,0.9947119732399664
p232_049.wav,GTCRN,47058,ad990b7f253be4f81b5c341d5cbbf7181ebb44125600c7dd3b9dfdf1b280d95f,3934ac4a72740ca465b31acf7c16c0078329669b10bbcd87021a6eb8d9ac8ae3,22.114144300816054,3.3488876819610596,0.9968481667951805
p232_050.wav,Noisy,27734,3616d7239301079d6fa9c07585eed2551600fb54517a772b85fb03d67f949b86,c5c13f8f3a69eb66e3a4c8fb98b560d73b178fa286966f038d302be159e80468,10.47892065560982,1.6523354053497314,0.9110366858795713
p232_050.wav,RNNoise v0.2,27734,3616d7239301079d6fa9c07585eed2551600fb54517a772b85fb03d67f949b86,c5c13f8f3a69eb66e3a4c8fb98b560d73b178fa286966f038d302be159e80468,11.519121995226524,1.8040549755096436,0.9084331612899547
p232_050.wav,GTCRN,27734,3616d7239301079d6fa9c07585eed2551600fb54517a772b85fb03d67f949b86,c5c13f8f3a69eb66e3a4c8fb98b560d73b178fa286966f038d302be159e80468,17.33314528955176,2.3413290977478027,0.9157796739090827
p232_051.wav,Noisy,23620,077a39fb6b899f07bf338c05a85c34b8af4c81bc069a1c4e1a5ecd5a260f9f21,f1c603ff31544557667e640f106bab50fadf6a4556fee8bcf69430c1af6d96f9,5.1587478820911725,1.4112681150436401,0.8736656734653947
p232_051.wav,RNNoise v0.2,23620,077a39fb6b899f07bf338c05a85c34b8af4c81bc069a1c4e1a5ecd5a260f9f21,f1c603ff31544557667e640f106bab50fadf6a4556fee8bcf69430c1af6d96f9,11.095368819065026,1.6237921714782715,0.9281098867899634
p232_051.wav,GTCRN,23620,077a39fb6b899f07bf338c05a85c34b8af4c81bc069a1c4e1a5ecd5a260f9f21,f1c603ff31544557667e640f106bab50fadf6a4556fee8bcf69430c1af6d96f9,15.7654326719582,2.341078042984009,0.9213406600665303
p232_052.wav,Noisy,35184,191bd96c11d8ca228ab14d35e00f6178f9e8cf50a6b5323bdb64d690305f4c6f,dc291bfae40f2bf1290f4921d9eee4d6d456fdf0dc3f4bacdc0ef6721b8346e3,1.2281950086387508,1.15386962890625,0.7323310261664613
p232_052.wav,RNNoise v0.2,35184,191bd96c11d8ca228ab14d35e00f6178f9e8cf50a6b5323bdb64d690305f4c6f,dc291bfae40f2bf1290f4921d9eee4d6d456fdf0dc3f4bacdc0ef6721b8346e3,6.60081202965765,1.340964913368225,0.8065683484100314
p232_052.wav,GTCRN,35184,191bd96c11d8ca228ab14d35e00f6178f9e8cf50a6b5323bdb64d690305f4c6f,dc291bfae40f2bf1290f4921d9eee4d6d456fdf0dc3f4bacdc0ef6721b8346e3,7.858114237132668,1.3429874181747437,0.8019755559024315
p232_053.wav,Noisy,26304,0c9beb7b27a8cede019e345f486f2837598da88529884df69135438a6a716e27,9e42e3c7f7c3cf93237b29c414b72cc8233323ab5a4efa32a26769225791bb0d,15.45497518486101,2.4025535583496094,0.9620144874478177
p232_053.wav,RNNoise v0.2,26304,0c9beb7b27a8cede019e345f486f2837598da88529884df69135438a6a716e27,9e42e3c7f7c3cf93237b29c414b72cc8233323ab5a4efa32a26769225791bb0d,13.417823322373286,2.931870698928833,0.9591895146455207
p232_053.wav,GTCRN,26304,0c9beb7b27a8cede019e345f486f2837598da88529884df69135438a6a716e27,9e42e3c7f7c3cf93237b29c414b72cc8233323ab5a4efa32a26769225791bb0d,22.76352125650488,3.3444855213165283,0.9621522294642745
p232_054.wav,Noisy,59300,933985b74edd4a3d4af9b7e5c9e0b9f663dd5408f9de9c3ba66dc5ef9770f277,aab1c2cc02e20ff18cec14e0f406a3e6013d31d431b3a9e4b07d24e7f550e0fe,11.712198531642583,2.023017168045044,0.9767202880092519
p232_054.wav,RNNoise v0.2,59300,933985b74edd4a3d4af9b7e5c9e0b9f663dd5408f9de9c3ba66dc5ef9770f277,aab1c2cc02e20ff18cec14e0f406a3e6013d31d431b3a9e4b07d24e7f550e0fe,13.88170834571172,2.9258716106414795,0.983395723836229
p232_054.wav,GTCRN,59300,933985b74edd4a3d4af9b7e5c9e0b9f663dd5408f9de9c3ba66dc5ef9770f277,aab1c2cc02e20ff18cec14e0f406a3e6013d31d431b3a9e4b07d24e7f550e0fe,19.129967206712223,3.2632057666778564,0.9835375218144063
p232_055.wav,Noisy,24412,6a653a0b2c33fbc44374e17f614d2a929275b3151b63006240802c1583c2d48a,fc3ec3efcfb8b99a9a3d65c6cb1fb9095098730c448b273d95061ba9143e22f1,5.303195694027007,1.8306653499603271,0.8750282139083649
p232_055.wav,RNNoise v0.2,24412,6a653a0b2c33fbc44374e17f614d2a929275b3151b63006240802c1583c2d48a,fc3ec3efcfb8b99a9a3d65c6cb1fb9095098730c448b273d95061ba9143e22f1,13.306648333251038,2.9013357162475586,0.8828081682380682
p232_055.wav,GTCRN,24412,6a653a0b2c33fbc44374e17f614d2a929275b3151b63006240802c1583c2d48a,fc3ec3efcfb8b99a9a3d65c6cb1fb9095098730c448b273d95061ba9143e22f1,17.22294755139534,2.7197699546813965,0.8914878674404206
p232_056.wav,Noisy,28842,9523f0e13c68e91dc9cc67655ebe363b97a74348c3e378e84bd5dac9ff7d3cfd,61a9924627af671cab6aceb580885b41d96647b31d9897eb0ca8b04d788c23f8,0.5092657233075163,1.2674607038497925,0.8113638945356068
p232_056.wav,RNNoise v0.2,28842,9523f0e13c68e91dc9cc67655ebe363b97a74348c3e378e84bd5dac9ff7d3cfd,61a9924627af671cab6aceb580885b41d96647b31d9897eb0ca8b04d788c23f8,6.970021250419071,1.563079595565796,0.8465443585635699
p232_056.wav,GTCRN,28842,9523f0e13c68e91dc9cc67655ebe363b97a74348c3e378e84bd5dac9ff7d3cfd,61a9924627af671cab6aceb580885b41d96647b31d9897eb0ca8b04d788c23f8,9.634885929561866,1.6831955909729004,0.892511167159352
p232_057.wav,Noisy,35772,50f3acde81430cdaa677d39acd77827ecea3343a8f9b6395d4c09817ef7cf507,afba4a3f428cc1a1eeafee5e5238326ae6bb13e184c068ba97e4521bd48e1d34,16.08449164554216,3.011122465133667,0.9779536476432773
p232_057.wav,RNNoise v0.2,35772,50f3acde81430cdaa677d39acd77827ecea3343a8f9b6395d4c09817ef7cf507,afba4a3f428cc1a1eeafee5e5238326ae6bb13e184c068ba97e4521bd48e1d34,13.870761491914966,3.010969877243042,0.972635063006789
p232_057.wav,GTCRN,35772,50f3acde81430cdaa677d39acd77827ecea3343a8f9b6395d4c09817ef7cf507,afba4a3f428cc1a1eeafee5e5238326ae6bb13e184c068ba97e4521bd48e1d34,24.664191061771298,3.537245512008667,0.9802647497735593
p232_058.wav,Noisy,62378,394206a1d7f886f678b28145436594c67fbb6abf1a1affc3217976b1c64670a6,24d5190615d0610b186fe24f28830ae6aa2a2b649e6774525a5584954393d6f1,11.732763044447776,3.336399555206299,0.9715456427190581
p232_058.wav,RNNoise v0.2,62378,394206a1d7f886f678b28145436594c67fbb6abf1a1affc3217976b1c64670a6,24d5190615d0610b186fe24f28830ae6aa2a2b649e6774525a5584954393d6f1,14.25139945463349,3.4458913803100586,0.9774057895347135
p232_058.wav,GTCRN,62378,394206a1d7f886f678b28145436594c67fbb6abf1a1affc3217976b1c64670a6,24d5190615d0610b186fe24f28830ae6aa2a2b649e6774525a5584954393d6f1,25.81145462927603,3.9250428676605225,0.9806197083763248
p232_059.wav,Noisy,21127,9b9f78149bde2b83f6e8395916c7f1bf6f18e7a7a2eb334186bb203dddf07409,85df5f982b48dd4f77f41693c0ea8266f49808738010713b0efc79827dffd248,4.715491761554446,2.2607717514038086,0.7975789380236448
p232_059.wav,RNNoise v0.2,21127,9b9f78149bde2b83f6e8395916c7f1bf6f18e7a7a2eb334186bb203dddf07409,85df5f982b48dd4f77f41693c0ea8266f49808738010713b0efc79827dffd248,13.45965637759291,2.2109014987945557,0.7872445821503924
p232_059.wav,GTCRN,21127,9b9f78149bde2b83f6e8395916c7f1bf6f18e7a7a2eb334186bb203dddf07409,85df5f982b48dd4f77f41693c0ea8266f49808738010713b0efc79827dffd248,19.93036685378527,2.6545112133026123,0.8271095090641762
p232_060.wav,Noisy,37440,fcfd4c269e8f9f8aadc0e202e09ce908730f8b68ffebd5b59dced3e3d2edd422,c7ba6a3d544cd36a1025eda2a6ab1c0bf9e4674a1b6e78797df67ca64abd7a63,0.10151995112828152,2.2173235416412354,0.8466917857978064
p232_060.wav,RNNoise v0.2,37440,fcfd4c269e8f9f8aadc0e202e09ce908730f8b68ffebd5b59dced3e3d2edd422,c7ba6a3d544cd36a1025eda2a6ab1c0bf9e4674a1b6e78797df67ca64abd7a63,10.717760678624014,2.3426616191864014,0.8908454081364461
p232_060.wav,GTCRN,37440,fcfd4c269e8f9f8aadc0e202e09ce908730f8b68ffebd5b59dced3e3d2edd422,c7ba6a3d544cd36a1025eda2a6ab1c0bf9e4674a1b6e78797df67ca64abd7a63,18.527544069508025,3.446216583251953,0.8982847314729904
p232_061.wav,Noisy,51978,fe89f1023582693ff1ec4241c3bb47f3398f156ca03323db355e0f828cec0ef5,a60a02ff70e961685df5aceb4643bbfbb810af4e1e81c082a282425c232f11ad,16.56065295857936,2.8147757053375244,0.9930370515750906
p232_061.wav,RNNoise v0.2,51978,fe89f1023582693ff1ec4241c3bb47f3398f156ca03323db355e0f828cec0ef5,a60a02ff70e961685df5aceb4643bbfbb810af4e1e81c082a282425c232f11ad,14.638584874468968,3.1962738037109375,0.9948996096629266
p232_061.wav,GTCRN,51978,fe89f1023582693ff1ec4241c3bb47f3398f156ca03323db355e0f828cec0ef5,a60a02ff70e961685df5aceb4643bbfbb810af4e1e81c082a282425c232f11ad,22.369296965960764,3.539271831512451,0.9960838743651145
p232_062.wav,Noisy,47424,39e978545daad9b5d3aea4c859ca161a7c6ef10af75847243541e5c2c6d3646a,f07ced8fc7d1dc9fcde95f73355108f27322bf41dffa7a51b818c7835563ea42,11.403403613938481,1.9988539218902588,0.9758529243460659
p232_062.wav,RNNoise v0.2,47424,39e978545daad9b5d3aea4c859ca161a7c6ef10af75847243541e5c2c6d3646a,f07ced8fc7d1dc9fcde95f73355108f27322bf41dffa7a51b818c7835563ea42,13.915319004698665,2.4202077388763428,0.9785095738244842
p232_062.wav,GTCRN,47424,39e978545daad9b5d3aea4c859ca161a7c6ef10af75847243541e5c2c6d3646a,f07ced8fc7d1dc9fcde95f73355108f27322bf41dffa7a51b818c7835563ea42,20.951498661573062,2.984424352645874,0.986014829885956
p232_063.wav,Noisy,36220,45e8886515ddc7c83b89fc1711e8bb5e8a0c97c5e8647d0e61f844b498795952,d293fe71da4ced1cf2455de2a3dffaf3b5bae52cc9cc7a30637ea9d084cde818,5.453636709802762,1.9199273586273193,0.9825384310999515
p232_063.wav,RNNoise v0.2,36220,45e8886515ddc7c83b89fc1711e8bb5e8a0c97c5e8647d0e61f844b498795952,d293fe71da4ced1cf2455de2a3dffaf3b5bae52cc9cc7a30637ea9d084cde818,11.334324446434824,2.650411367416382,0.9888968782656066
p232_063.wav,GTCRN,36220,45e8886515ddc7c83b89fc1711e8bb5e8a0c97c5e8647d0e61f844b498795952,d293fe71da4ced1cf2455de2a3dffaf3b5bae52cc9cc7a30637ea9d084cde818,18.5658931553504,2.433708667755127,0.9884448289751934
p232_064.wav,Noisy,32164,0ba738e566017f169e1cb726c3ae0d34c71351e43f0533fc6073f71afda9228c,99dc847fa29074e3f22bdf8fa8f72182b1839778d0df3727eab0a22ec53f0326,0.9843836244783382,1.319615364074707,0.9416658469456262
p232_064.wav,RNNoise v0.2,32164,0ba738e566017f169e1cb726c3ae0d34c71351e43f0533fc6073f71afda9228c,99dc847fa29074e3f22bdf8fa8f72182b1839778d0df3727eab0a22ec53f0326,9.542350636985123,1.7099266052246094,0.9762144785652421
p232_064.wav,GTCRN,32164,0ba738e566017f169e1cb726c3ae0d34c71351e43f0533fc6073f71afda9228c,99dc847fa29074e3f22bdf8fa8f72182b1839778d0df3727eab0a22ec53f0326,16.115647651095088,2.3103013038635254,0.9740664106154734
p232_065.wav,Noisy,24376,68bfebffcc543d604994cbdf4f90ea94227a536284a7af92892c5e262c043b92,02c36366a697d54762d78157e69cd70cad81ef35816ddf8ea4997bc239bd632e,15.248184156320178,2.3437013626098633,0.929326181454188
p232_065.wav,RNNoise v0.2,24376,68bfebffcc543d604994cbdf4f90ea94227a536284a7af92892c5e262c043b92,02c36366a697d54762d78157e69cd70cad81ef35816ddf8ea4997bc239bd632e,12.621946822770425,2.888047456741333,0.9460124147685457
p232_065.wav,GTCRN,24376,68bfebffcc543d604994cbdf4f90ea94227a536284a7af92892c5e262c043b92,02c36366a697d54762d78157e69cd70cad81ef35816ddf8ea4997bc239bd632e,18.34601046978204,3.346451759338379,0.9482153076334462
p232_066.wav,Noisy,52433,9ca891d19c36c87f6d1ace68a7409ce8270b700d08323888ae3295da484247f0,bd79869f58c9edd13d617d6226d7debdf76286031da113f6871c0d525234504e,11.477895374824886,2.650570869445801,0.973659321701511
p232_066.wav,RNNoise v0.2,52433,9ca891d19c36c87f6d1ace68a7409ce8270b700d08323888ae3295da484247f0,bd79869f58c9edd13d617d6226d7debdf76286031da113f6871c0d525234504e,13.900769247050048,3.0215325355529785,0.9753847344354085
p232_066.wav,GTCRN,52433,9ca891d19c36c87f6d1ace68a7409ce8270b700d08323888ae3295da484247f0,bd79869f58c9edd13d617d6226d7debdf76286031da113f6871c0d525234504e,23.682170247974526,3.4741570949554443,0.97772141622467
p232_067.wav,Noisy,41875,8dc3276e5508d1a59101c86b8af642933b581c8d42a40785956dd85093cb5c87,6e41ce46378c85c05d1ab26524f8a660d7c6856057dccba727fb7d2e4aafbf6c,6.273782249358631,2.583050012588501,0.9637497732853983
p232_067.wav,RNNoise v0.2,41875,8dc3276e5508d1a59101c86b8af642933b581c8d42a40785956dd85093cb5c87,6e41ce46378c85c05d1ab26524f8a660d7c6856057dccba727fb7d2e4aafbf6c,13.259437858985358,3.13554048538208,0.9756764384385291
p232_067.wav,GTCRN,41875,8dc3276e5508d1a59101c86b8af642933b581c8d42a40785956dd85093cb5c87,6e41ce46378c85c05d1ab26524f8a660d7c6856057dccba727fb7d2e4aafbf6c,22.237401584992632,3.2059338092803955,0.9724303643584328
p232_068.wav,Noisy,40357,61b16d256e79a3888a47299524f40ef16b805a8ff04d11b45e11c7ba22242b7a,e30ae183832c697036992aed9aa8186198230c3fc15c4e3056be402f395c276a,1.3415399786450308,1.9827194213867188,0.9541585335490662
p232_068.wav,RNNoise v0.2,40357,61b16d256e79a3888a47299524f40ef16b805a8ff04d11b45e11c7ba22242b7a,e30ae183832c697036992aed9aa8186198230c3fc15c4e3056be402f395c276a,9.468461105940737,2.7213776111602783,0.9604561570507549
p232_068.wav,GTCRN,40357,61b16d256e79a3888a47299524f40ef16b805a8ff04d11b45e11c7ba22242b7a,e30ae183832c697036992aed9aa8186198230c3fc15c4e3056be402f395c276a,18.518792691070892,3.209944248199463,0.9649005833658943
p232_069.wav,Noisy,42702,701d8fef1ba4bab7da5fba0f952ae497b72246c712d03977a8a67dd4ce8fd844,3316ebdc22c6cd4b3a403099a25e36321f5b759636add4fa76fe09eb4a6aae4f,16.36866806268617,2.3205347061157227,0.9782678609846185
p232_069.wav,RNNoise v0.2,42702,701d8fef1ba4bab7da5fba0f952ae497b72246c712d03977a8a67dd4ce8fd844,3316ebdc22c6cd4b3a403099a25e36321f5b759636add4fa76fe09eb4a6aae4f,13.982299934981974,2.5390617847442627,0.972829547854007
p232_069.wav,GTCRN,42702,701d8fef1ba4bab7da5fba0f952ae497b72246c712d03977a8a67dd4ce8fd844,3316ebdc22c6cd4b3a403099a25e36321f5b759636add4fa76fe09eb4a6aae4f,23.192283991333994,3.265950918197632,0.9816402911844995
p232_070.wav,Noisy,40702,ccff1c3ff1589e7dc5d5c33a94ad1943341c508a42c5e4e2af517be6a2753d7a,4947b1a1c572050f63dc7675df539a8867b4cee0aed587e062c71e8618e32d60,11.276628749486253,1.916964054107666,0.9201439595937176
p232_070.wav,RNNoise v0.2,40702,ccff1c3ff1589e7dc5d5c33a94ad1943341c508a42c5e4e2af517be6a2753d7a,4947b1a1c572050f63dc7675df539a8867b4cee0aed587e062c71e8618e32d60,12.163602405221539,2.3297014236450195,0.9530145697839894
p232_070.wav,GTCRN,40702,ccff1c3ff1589e7dc5d5c33a94ad1943341c508a42c5e4e2af517be6a2753d7a,4947b1a1c572050f63dc7675df539a8867b4cee0aed587e062c71e8618e32d60,19.173755800742033,3.120483636856079,0.9474789823907962
p232_071.wav,Noisy,41418,08303ea86c3714dca7b6b9c6f5388ce215943586e3601ae5a135718636eb8e84,b9a6c22cde40789b2e6aac242957dbae429baccdfbd34f838379657a28de0557,6.185194828373426,1.5043220520019531,0.8773126279222483
p232_071.wav,RNNoise v0.2,41418,08303ea86c3714dca7b6b9c6f5388ce215943586e3601ae5a135718636eb8e84,b9a6c22cde40789b2e6aac242957dbae429baccdfbd34f838379657a28de0557,11.631354633800509,1.9667783975601196,0.9464079524021938
p232_071.wav,GTCRN,41418,08303ea86c3714dca7b6b9c6f5388ce215943586e3601ae5a135718636eb8e84,b9a6c22cde40789b2e6aac242957dbae429baccdfbd34f838379657a28de0557,15.9429504334114,2.0309767723083496,0.929269061206241
p232_072.wav,Noisy,31799,f17b313a404bbba76458649acc83be26c914ca98f00e41a93c898478837445ff,5b7be09d88a1b00a2c93ac4bab231db2befa98893f9f1a9ef1a422ded9da1207,0.6800390761163804,1.1532615423202515,0.7469857236057319
p232_072.wav,RNNoise v0.2,31799,f17b313a404bbba76458649acc83be26c914ca98f00e41a93c898478837445ff,5b7be09d88a1b00a2c93ac4bab231db2befa98893f9f1a9ef1a422ded9da1207,6.811335458173772,1.519850730895996,0.7820763464913918
p232_072.wav,GTCRN,31799,f17b313a404bbba76458649acc83be26c914ca98f00e41a93c898478837445ff,5b7be09d88a1b00a2c93ac4bab231db2befa98893f9f1a9ef1a422ded9da1207,10.097031277105996,1.599129557609558,0.8285101017840322
p232_073.wav,Noisy,30533,9841e413d1904112ce059f716777004b21c4023fbb3fbf0887059434805f8db1,baedf54c30faf072fb0f2b293f4a79581abf710345d8e7384ed7f1d42e2529b8,15.446359730590371,2.4044454097747803,0.9968239959515566
p232_073.wav,RNNoise v0.2,30533,9841e413d1904112ce059f716777004b21c4023fbb3fbf0887059434805f8db1,baedf54c30faf072fb0f2b293f4a79581abf710345d8e7384ed7f1d42e2529b8,14.436464762018975,2.6075119972229004,0.9964478264088824
p232_073.wav,GTCRN,30533,9841e413d1904112ce059f716777004b21c4023fbb3fbf0887059434805f8db1,baedf54c30faf072fb0f2b293f4a79581abf710345d8e7384ed7f1d42e2529b8,20.4679172050721,3.2005460262298584,0.9973290350338714
p232_074.wav,Noisy,35355,244123416356329d64ac2e36d766b779f94ebc8df0f1c1265f0450f1b9925724,ef85e72000cc02a7ba7e71d6fdf66dcd49bf22a16021339172e1b7a74d0ee939,11.245420355869552,2.2038514614105225,0.925378591466014
p232_074.wav,RNNoise v0.2,35355,244123416356329d64ac2e36d766b779f94ebc8df0f1c1265f0450f1b9925724,ef85e72000cc02a7ba7e71d6fdf66dcd49bf22a16021339172e1b7a74d0ee939,13.97571436207982,2.6266114711761475,0.9114481422287123
p232_074.wav,GTCRN,35355,244123416356329d64ac2e36d766b779f94ebc8df0f1c1265f0450f1b9925724,ef85e72000cc02a7ba7e71d6fdf66dcd49bf22a16021339172e1b7a74d0ee939,20.286116154654344,2.6712234020233154,0.9468142629711711
p232_075.wav,Noisy,37545,8fc82bb0b4247944b24b5674b8a73fb875846380b67b5fbc572d628da394d8d7,03265f4c57c63fe599bb37a14b64be601769075c22ff4a9c1d40026ec749b14c,6.2966802243200695,1.4834625720977783,0.968452490725544
p232_075.wav,RNNoise v0.2,37545,8fc82bb0b4247944b24b5674b8a73fb875846380b67b5fbc572d628da394d8d7,03265f4c57c63fe599bb37a14b64be601769075c22ff4a9c1d40026ec749b14c,11.629920381195525,2.2726473808288574,0.9800551595712185
p232_075.wav,GTCRN,37545,8fc82bb0b4247944b24b5674b8a73fb875846380b67b5fbc572d628da394d8d7,03265f4c57c63fe599bb37a14b64be601769075c22ff4a9c1d40026ec749b14c,15.460117402667697,2.625781297683716,0.9749968688611473
p232_076.wav,Noisy,30830,b7343e8800b5777321f80fd2dd1b0c0e9d8752e2806503fd9684ed63646f2bbd,cb70155ab3e35655d1bdc5645ccb031a2189b9881e8fb5deb8f5e6b852caa341,0.7857905256697937,1.1921336650848389,0.8272468065512976
p232_076.wav,RNNoise v0.2,30830,b7343e8800b5777321f80fd2dd1b0c0e9d8752e2806503fd9684ed63646f2bbd,cb70155ab3e35655d1bdc5645ccb031a2189b9881e8fb5deb8f5e6b852caa341,7.444636644708103,1.5112347602844238,0.871586016336591
p232_076.wav,GTCRN,30830,b7343e8800b5777321f80fd2dd1b0c0e9d8752e2806503fd9684ed63646f2bbd,cb70155ab3e35655d1bdc5645ccb031a2189b9881e8fb5deb8f5e6b852caa341,10.079084466079514,1.6168606281280518,0.9067057140879
p232_077.wav,Noisy,27876,4d9726d3d12568bf55b549d724717f441b09b8c9827bb48b7cf9626864213945,f713720cf90bcc4eff17fac418913ffbabc8955e6601db29263e0ff36c0d0463,15.133050628014376,3.15375018119812,0.8994559707548592
p232_077.wav,RNNoise v0.2,27876,4d9726d3d12568bf55b549d724717f441b09b8c9827bb48b7cf9626864213945,f713720cf90bcc4eff17fac418913ffbabc8955e6601db29263e0ff36c0d0463,14.425448036458384,3.128333806991577,0.8444861999883517
p232_077.wav,GTCRN,27876,4d9726d3d12568bf55b549d724717f441b09b8c9827bb48b7cf9626864213945,f713720cf90bcc4eff17fac418913ffbabc8955e6601db29263e0ff36c0d0463,24.04608851650344,4.125489234924316,0.9095297971965574
p232_078.wav,Noisy,36170,a0a0c33ec3d4ca1ce3cb2ece5f10d455c828533b6893d730229d6d9c28f4ccad,846aa344496d27b55f2f14ba6dd7ef14aab237df16e10635df9b6f927b16ec68,11.04009166664852,3.3075928688049316,0.9978766050121924
p232_078.wav,RNNoise v0.2,36170,a0a0c33ec3d4ca1ce3cb2ece5f10d455c828533b6893d730229d6d9c28f4ccad,846aa344496d27b55f2f14ba6dd7ef14aab237df16e10635df9b6f927b16ec68,14.539679609741592,3.5331876277923584,0.9964014800299534
p232_078.wav,GTCRN,36170,a0a0c33ec3d4ca1ce3cb2ece5f10d455c828533b6893d730229d6d9c28f4ccad,846aa344496d27b55f2f14ba6dd7ef14aab237df16e10635df9b6f927b16ec68,25.265978981646917,3.911823034286499,0.9976305653838355
p232_079.wav,Noisy,38310,667be988bc37ba0b83e2a2f9e360d986ceff52597d0679c10263cabe37dcf885,74b376260a38a73fb2eec9e5da74754645f481d3f36375ab5470d9d7023c807e,5.885388112785872,2.7178492546081543,0.9479974099338774
p232_079.wav,RNNoise v0.2,38310,667be988bc37ba0b83e2a2f9e360d986ceff52597d0679c10263cabe37dcf885,74b376260a38a73fb2eec9e5da74754645f481d3f36375ab5470d9d7023c807e,13.150434196411169,3.488255262374878,0.9476195183712847
p232_079.wav,GTCRN,38310,667be988bc37ba0b83e2a2f9e360d986ceff52597d0679c10263cabe37dcf885,74b376260a38a73fb2eec9e5da74754645f481d3f36375ab5470d9d7023c807e,22.828385255523163,3.839271068572998,0.9721448576489943
p232_080.wav,Noisy,33280,93d61c210e801a611c99d1cb979f3469971481c9ed9e1654ec36b681a7fb40a7,440cdecd11a2942e16361afd2180b13ef6cc2f0d0fdcef905e40b581c8f52c54,-0.7331791025489887,1.615502119064331,0.9464677500509773
p232_080.wav,RNNoise v0.2,33280,93d61c210e801a611c99d1cb979f3469971481c9ed9e1654ec36b681a7fb40a7,440cdecd11a2942e16361afd2180b13ef6cc2f0d0fdcef905e40b581c8f52c54,11.807903969558753,2.301490306854248,0.9838386292239754
p232_080.wav,GTCRN,33280,93d61c210e801a611c99d1cb979f3469971481c9ed9e1654ec36b681a7fb40a7,440cdecd11a2942e16361afd2180b13ef6cc2f0d0fdcef905e40b581c8f52c54,19.416475265029938,2.2211809158325195,0.9641533476798003
p232_081.wav,Noisy,30163,a408316e63919912e87f4f4b7a9c3aacb7a5d1fc80e411c3a6fd9f92b553aede,ee7d4ae2cf86e11a1b1985df7f72ce0e163a0a17f5a465b8745c56c8e62aa2a6,15.742538607493389,2.5211005210876465,0.9365903078819157
p232_081.wav,RNNoise v0.2,30163,a408316e63919912e87f4f4b7a9c3aacb7a5d1fc80e411c3a6fd9f92b553aede,ee7d4ae2cf86e11a1b1985df7f72ce0e163a0a17f5a465b8745c56c8e62aa2a6,13.896471450388292,3.188842535018921,0.9236763465407419
p232_081.wav,GTCRN,30163,a408316e63919912e87f4f4b7a9c3aacb7a5d1fc80e411c3a6fd9f92b553aede,ee7d4ae2cf86e11a1b1985df7f72ce0e163a0a17f5a465b8745c56c8e62aa2a6,23.10175610276019,3.350433349609375,0.9533829224807839
p232_082.wav,Noisy,24950,29733356d7eeb4c2bea5572202c63ffeaa04044f8c2979fb4380bf962eff6963,e2aef16abe88be32cc9d131521c6ee373c803af840438190a17b1e60adbf39fa,10.291833126289633,1.467130422592163,0.8422099277554593
p232_082.wav,RNNoise v0.2,24950,29733356d7eeb4c2bea5572202c63ffeaa04044f8c2979fb4380bf962eff6963,e2aef16abe88be32cc9d131521c6ee373c803af840438190a17b1e60adbf39fa,12.050624835088986,1.9918076992034912,0.804752427613104
p232_082.wav,GTCRN,24950,29733356d7eeb4c2bea5572202c63ffeaa04044f8c2979fb4380bf962eff6963,e2aef16abe88be32cc9d131521c6ee373c803af840438190a17b1e60adbf39fa,17.55418197365665,2.1145880222320557,0.8823506637553392
p232_083.wav,Noisy,26582,d069ddb0686b48884f6ead24332a16c11fb2fb11ad6e4e5c2007dddb0ac91ff5,d9e24d74c014d94255c3687c4f7bca380ccec9ef030310821f7d4fa029f65d50,5.449229807007917,1.859778642654419,0.8908979532237591
p232_083.wav,RNNoise v0.2,26582,d069ddb0686b48884f6ead24332a16c11fb2fb11ad6e4e5c2007dddb0ac91ff5,d9e24d74c014d94255c3687c4f7bca380ccec9ef030310821f7d4fa029f65d50,11.707411314687073,2.016456365585327,0.881154475521284
p232_083.wav,GTCRN,26582,d069ddb0686b48884f6ead24332a16c11fb2fb11ad6e4e5c2007dddb0ac91ff5,d9e24d74c014d94255c3687c4f7bca380ccec9ef030310821f7d4fa029f65d50,17.987705637666785,2.477341890335083,0.9217861643076483
p232_084.wav,Noisy,22250,32327c0e7c8b9006700b1d653b609889b08da7ff6451dfca71c86103ce4fdba5,1d793e3bb71c688e65615bf970d1f1d220a4a7f0b1abd874705b7783faaa53f1,-0.4091610266660638,1.2103434801101685,0.871212879782823
p232_084.wav,RNNoise v0.2,22250,32327c0e7c8b9006700b1d653b609889b08da7ff6451dfca71c86103ce4fdba5,1d793e3bb71c688e65615bf970d1f1d220a4a7f0b1abd874705b7783faaa53f1,8.256390800212039,1.4717289209365845,0.8693892342833084
p232_084.wav,GTCRN,22250,32327c0e7c8b9006700b1d653b609889b08da7ff6451dfca71c86103ce4fdba5,1d793e3bb71c688e65615bf970d1f1d220a4a7f0b1abd874705b7783faaa53f1,15.579823838264744,1.601289987564087,0.9079530868225538
p232_085.wav,Noisy,33077,aba21b03591c6592109ff33e2f8e2139334adc35a5a303ff15fc59e105346db5,7d37cf56643cefcd8192907f3358c39de6994c0b900d22061bfd8b3dc5018707,15.830013139883066,3.806642532348633,0.9968026633362701
p232_085.wav,RNNoise v0.2,33077,aba21b03591c6592109ff33e2f8e2139334adc35a5a303ff15fc59e105346db5,7d37cf56643cefcd8192907f3358c39de6994c0b900d22061bfd8b3dc5018707,15.225306181308063,3.6814236640930176,0.9962337524581093
p232_085.wav,GTCRN,33077,aba21b03591c6592109ff33e2f8e2139334adc35a5a303ff15fc59e105346db5,7d37cf56643cefcd8192907f3358c39de6994c0b900d22061bfd8b3dc5018707,25.37929465329782,4.073807716369629,0.9970133986143708
p232_086.wav,Noisy,31495,f40a0b6c8ec72f77bf50b0f94254f93944f4486f3d3a1f364b1e99f82cec0323,6c22d785714daac3295d0e5bb48ea37b6d0ce85295d41e0f2932ae4c7696b8d3,10.736113140462164,3.0886034965515137,0.9783855492953301
p232_086.wav,RNNoise v0.2,31495,f40a0b6c8ec72f77bf50b0f94254f93944f4486f3d3a1f364b1e99f82cec0323,6c22d785714daac3295d0e5bb48ea37b6d0ce85295d41e0f2932ae4c7696b8d3,13.489499713699686,3.2777481079101562,0.9821376733846485
p232_086.wav,GTCRN,31495,f40a0b6c8ec72f77bf50b0f94254f93944f4486f3d3a1f364b1e99f82cec0323,6c22d785714daac3295d0e5bb48ea37b6d0ce85295d41e0f2932ae4c7696b8d3,23.33508390073007,3.64914870262146,0.9862464011176808
p232_087.wav,Noisy,31651,dcc7d66cd310a9b7294def7f5e9ee77606b00a64f404fd3fd47f0fe7e7ae7c83,cf6d98a4fdbe957100260acfec3f09a243451f30cb9c00e1db31e0168159d990,5.782466062553056,3.1106276512145996,0.944848668713128
p232_087.wav,RNNoise v0.2,31651,dcc7d66cd310a9b7294def7f5e9ee77606b00a64f404fd3fd47f0fe7e7ae7c83,cf6d98a4fdbe957100260acfec3f09a243451f30cb9c00e1db31e0168159d990,12.730706855309375,3.3177804946899414,0.9698878411234606
p232_087.wav,GTCRN,31651,dcc7d66cd310a9b7294def7f5e9ee77606b00a64f404fd3fd47f0fe7e7ae7c83,cf6d98a4fdbe957100260acfec3f09a243451f30cb9c00e1db31e0168159d990,24.357183793962484,3.315463066101074,0.951173711192485
p232_088.wav,Noisy,46778,8715517270cde9cad12fbf21445633af3341c88751c45886504e940fc8ebe384,3a401ec5f28eb4241bdf15716c1f047160ae47f15eff36f91d5795b4af995ac3,1.4912108506307786,2.1191930770874023,0.9347700441191399
p232_088.wav,RNNoise v0.2,46778,8715517270cde9cad12fbf21445633af3341c88751c45886504e940fc8ebe384,3a401ec5f28eb4241bdf15716c1f047160ae47f15eff36f91d5795b4af995ac3,10.254750565831221,2.439403772354126,0.9331011915397801
p232_088.wav,GTCRN,46778,8715517270cde9cad12fbf21445633af3341c88751c45886504e940fc8ebe384,3a401ec5f28eb4241bdf15716c1f047160ae47f15eff36f91d5795b4af995ac3,20.594269203469445,2.9301698207855225,0.9392586173003451
p232_089.wav,Noisy,35736,8a2cc6f35b00f18d1ac750454d90b93d326024985d88c398f7dc7b7566f2a314,80beb3837e9c7251b8915c133c6d6cc99a64989b94af839b2d9565f3584938d7,16.200863154098116,1.943655014038086,0.9043519642918263
p232_089.wav,RNNoise v0.2,35736,8a2cc6f35b00f18d1ac750454d90b93d326024985d88c398f7dc7b7566f2a314,80beb3837e9c7251b8915c133c6d6cc99a64989b94af839b2d9565f3584938d7,12.808582582213482,2.1842405796051025,0.8971301087927142
p232_089.wav,GTCRN,35736,8a2cc6f35b00f18d1ac750454d90b93d326024985d88c398f7dc7b7566f2a314,80beb3837e9c7251b8915c133c6d6cc99a64989b94af839b2d9565f3584938d7,19.642373212005573,3.127885580062866,0.9357369242936963
p232_090.wav,Noisy,63090,22c4ea83ad48bf972e608147894e3887cd00635d5fa513f33d43928091006f6e,8aaa98e06b64603a9bbc88d0d412b788b228c0d83de8dd68940ee1a1ce0090ff,11.399682388042951,1.8185431957244873,0.9653453294754949
p232_090.wav,RNNoise v0.2,63090,22c4ea83ad48bf972e608147894e3887cd00635d5fa513f33d43928091006f6e,8aaa98e06b64603a9bbc88d0d412b788b228c0d83de8dd68940ee1a1ce0090ff,13.396831193773195,2.3714137077331543,0.976651794192641
p232_090.wav,GTCRN,63090,22c4ea83ad48bf972e608147894e3887cd00635d5fa513f33d43928091006f6e,8aaa98e06b64603a9bbc88d0d412b788b228c0d83de8dd68940ee1a1ce0090ff,19.838907608983767,3.029367685317993,0.979185882450665
p232_091.wav,Noisy,25001,49c5875e8b5c37a08ed6b8e8afb18c6109911941ac03526f77d3b54332cfab52,f28d07d2bc71ba08fd9e9bc5f31d187aadaeb5535eac4eff7cdc2dd4e58d3f5b,5.170289719962481,1.4870227575302124,0.9177259339169676
p232_091.wav,RNNoise v0.2,25001,49c5875e8b5c37a08ed6b8e8afb18c6109911941ac03526f77d3b54332cfab52,f28d07d2bc71ba08fd9e9bc5f31d187aadaeb5535eac4eff7cdc2dd4e58d3f5b,9.971909976844076,2.0102152824401855,0.9270481437986474
p232_091.wav,GTCRN,25001,49c5875e8b5c37a08ed6b8e8afb18c6109911941ac03526f77d3b54332cfab52,f28d07d2bc71ba08fd9e9bc5f31d187aadaeb5535eac4eff7cdc2dd4e58d3f5b,14.55678857315011,2.530111312866211,0.9606088378395962
p232_092.wav,Noisy,31488,44dfc9317e7c7af364886b30f0daaf50c0467df1973d28af668935203779d389,4cdf6ad278efbfbc6e2f14a27b3e2c9b6fdd67bbcc0a9973d2fed940119b542b,0.4984455024123121,1.4015822410583496,0.8439000734575023
p232_092.wav,RNNoise v0.2,31488,44dfc9317e7c7af364886b30f0daaf50c0467df1973d28af668935203779d389,4cdf6ad278efbfbc6e2f14a27b3e2c9b6fdd67bbcc0a9973d2fed940119b542b,9.163646641898964,1.6700854301452637,0.8530913304345809
p232_092.wav,GTCRN,31488,44dfc9317e7c7af364886b30f0daaf50c0467df1973d28af668935203779d389,4cdf6ad278efbfbc6e2f14a27b3e2c9b6fdd67bbcc0a9973d2fed940119b542b,13.639029199411565,2.3531112670898438,0.9020406577255964
p232_093.wav,Noisy,35540,28339bc58e8f806ede41ba7a10366696c5e54a7f108492e5ab0b3a0b63ab7716,2df195d84c7086fd2d1eb0c14c2107200fe6237041c52c3edc1ecca5e0ff1884,16.12402926155284,2.285670042037964,0.9226384347636523
p232_093.wav,RNNoise v0.2,35540,28339bc58e8f806ede41ba7a10366696c5e54a7f108492e5ab0b3a0b63ab7716,2df195d84c7086fd2d1eb0c14c2107200fe6237041c52c3edc1ecca5e0ff1884,14.206505322369063,2.6525373458862305,0.9126118443030096
p232_093.wav,GTCRN,35540,28339bc58e8f806ede41ba7a10366696c5e54a7f108492e5ab0b3a0b63ab7716,2df195d84c7086fd2d1eb0c14c2107200fe6237041c52c3edc1ecca5e0ff1884,20.66379053567672,3.290621280670166,0.9418038651505531
p232_094.wav,Noisy,45055,684033510c29e934ed75f41fe59d304fca7a2b3700c4e43bced385cca6aa5810,4dd3ffd433897b267de7705bade810c8f6b883643ed0e1bf1fd2bc53bba972a4,11.462704293324384,1.7614777088165283,0.9511776093963694
p232_094.wav,RNNoise v0.2,45055,684033510c29e934ed75f41fe59d304fca7a2b3700c4e43bced385cca6aa5810,4dd3ffd433897b267de7705bade810c8f6b883643ed0e1bf1fd2bc53bba972a4,13.261370508731925,2.407945394515991,0.9555469397671148
p232_094.wav,GTCRN,45055,684033510c29e934ed75f41fe59d304fca7a2b3700c4e43bced385cca6aa5810,4dd3ffd433897b267de7705bade810c8f6b883643ed0e1bf1fd2bc53bba972a4,18.75724418244031,2.818507432937622,0.9570907625998695
p232_095.wav,Noisy,57179,15100a326f1aeb2ef044a9ea8aa51156ff5278ca5e068240ff8e6d1b5cd2a067,c9455b7b2699ee7902f20198d868de440c3e3c6f0966b8398d3d10e0de3ec80b,7.397544963208823,1.106217622756958,0.8851663996389254
p232_095.wav,RNNoise v0.2,57179,15100a326f1aeb2ef044a9ea8aa51156ff5278ca5e068240ff8e6d1b5cd2a067,c9455b7b2699ee7902f20198d868de440c3e3c6f0966b8398d3d10e0de3ec80b,10.622511562811688,1.8079959154129028,0.8765615349711469
p232_095.wav,GTCRN,57179,15100a326f1aeb2ef044a9ea8aa51156ff5278ca5e068240ff8e6d1b5cd2a067,c9455b7b2699ee7902f20198d868de440c3e3c6f0966b8398d3d10e0de3ec80b,13.579323519181617,1.997786521911621,0.9055131314036515
p232_096.wav,Noisy,26848,2364156b2b394e87091967ab2ee464dbdeab51e75d683c7712d518fe15c4b385,c01cddd1a01581c8d821ae1d2874fa7ef9d8dde7c1f2edb89711a406995f0a92,0.697863301737365,1.142173409461975,0.7892469911948972
p232_096.wav,RNNoise v0.2,26848,2364156b2b394e87091967ab2ee464dbdeab51e75d683c7712d518fe15c4b385,c01cddd1a01581c8d821ae1d2874fa7ef9d8dde7c1f2edb89711a406995f0a92,8.536545707009687,1.5885980129241943,0.8052682727339124
p232_096.wav,GTCRN,26848,2364156b2b394e87091967ab2ee464dbdeab51e75d683c7712d518fe15c4b385,c01cddd1a01581c8d821ae1d2874fa7ef9d8dde7c1f2edb89711a406995f0a92,11.39715766533234,1.3640908002853394,0.8116791393266998
p232_097.wav,Noisy,43274,c003b571855179d8aa3138902018113b64767396ea5b0231d96890d671edcb3a,f461cd58873657f41717a9d5b3e4d67e3c1176e4e559484dd094f90d75d81c87,16.36996458208769,2.5691967010498047,0.9957131446630892
p232_097.wav,RNNoise v0.2,43274,c003b571855179d8aa3138902018113b64767396ea5b0231d96890d671edcb3a,f461cd58873657f41717a9d5b3e4d67e3c1176e4e559484dd094f90d75d81c87,14.076513044646342,2.9186155796051025,0.9968407560341567
p232_097.wav,GTCRN,43274,c003b571855179d8aa3138902018113b64767396ea5b0231d96890d671edcb3a,f461cd58873657f41717a9d5b3e4d67e3c1176e4e559484dd094f90d75d81c87,22.979345124689637,3.3653907775878906,0.9968915400455264
p232_098.wav,Noisy,38155,d3fb8cacf5b9ba59c93581b605969b1a58ec20ba282daba388aeb9f582e24cbc,7f06229a8bd8fc9494c1e893f7835fc42d0e3b9125e6646b21a61cf8f60e2550,11.118338096612925,2.1926932334899902,0.9365634630440939
p232_098.wav,RNNoise v0.2,38155,d3fb8cacf5b9ba59c93581b605969b1a58ec20ba282daba388aeb9f582e24cbc,7f06229a8bd8fc9494c1e893f7835fc42d0e3b9125e6646b21a61cf8f60e2550,14.84864542141887,2.623377799987793,0.8956557884114315
p232_098.wav,GTCRN,38155,d3fb8cacf5b9ba59c93581b605969b1a58ec20ba282daba388aeb9f582e24cbc,7f06229a8bd8fc9494c1e893f7835fc42d0e3b9125e6646b21a61cf8f60e2550,24.04987505064742,3.103280544281006,0.9173721733964665
p232_099.wav,Noisy,44236,1ba68b23225d786c5d2c53fa48ff2258c69ae3242877a906f938e9a77fbb57f5,4dc12bd0b2ac6f8c6d99ddcc95dd99ce2721518d8954a0f51f895d98c3534fbb,6.382388459275548,2.9602584838867188,0.9860049552819408
p232_099.wav,RNNoise v0.2,44236,1ba68b23225d786c5d2c53fa48ff2258c69ae3242877a906f938e9a77fbb57f5,4dc12bd0b2ac6f8c6d99ddcc95dd99ce2721518d8954a0f51f895d98c3534fbb,14.562900263571148,2.9491665363311768,0.9836126074495632
p232_099.wav,GTCRN,44236,1ba68b23225d786c5d2c53fa48ff2258c69ae3242877a906f938e9a77fbb57f5,4dc12bd0b2ac6f8c6d99ddcc95dd99ce2721518d8954a0f51f895d98c3534fbb,24.987457002023618,3.835324287414551,0.994202396462033
p232_100.wav,Noisy,25600,8ff36ebfd77b4c82826ce6309db96156c0f783ca1ab99f271973c6d3c9e2046b,a6d695d7ed4139329c28fd1c071d61958fd910f5476a5950547e360bc8ef2964,0.2727905569312832,2.185029983520508,0.8768447254817316
p232_100.wav,RNNoise v0.2,25600,8ff36ebfd77b4c82826ce6309db96156c0f783ca1ab99f271973c6d3c9e2046b,a6d695d7ed4139329c28fd1c071d61958fd910f5476a5950547e360bc8ef2964,10.820536416638928,3.430159091949463,0.8755403567953922
p232_100.wav,GTCRN,25600,8ff36ebfd77b4c82826ce6309db96156c0f783ca1ab99f271973c6d3c9e2046b,a6d695d7ed4139329c28fd1c071d61958fd910f5476a5950547e360bc8ef2964,19.777718233844052,2.855942964553833,0.8856246989464931
p232_101.wav,Noisy,31139,72976f01f26be084c802c7c96ab7548bc4d068abbfde271744e1469defb5ff59,a763cb02a81b919ba2150f64a213498526bbedccf22d8ac6b071b9205e59c944,15.75639778197489,2.774718999862671,0.9929118989246528
p232_101.wav,RNNoise v0.2,31139,72976f01f26be084c802c7c96ab7548bc4d068abbfde271744e1469defb5ff59,a763cb02a81b919ba2150f64a213498526bbedccf22d8ac6b071b9205e59c944,15.607509195981091,3.3341152667999268,0.9942664508646276
p232_101.wav,GTCRN,31139,72976f01f26be084c802c7c96ab7548bc4d068abbfde271744e1469defb5ff59,a763cb02a81b919ba2150f64a213498526bbedccf22d8ac6b071b9205e59c944,22.83740750176824,3.512530565261841,0.9972018726721169
p232_102.wav,Noisy,30304,4e2a2182e53fdb1b2d5836097ec19d03f0baae00c8dfc84a6c778c051e56f208,3be3989462860a4830e59b250a7a39686bf5f64e81160fe84000e499d383468a,10.732894926872705,2.329990863800049,0.9009618785314301
p232_102.wav,RNNoise v0.2,30304,4e2a2182e53fdb1b2d5836097ec19d03f0baae00c8dfc84a6c778c051e56f208,3be3989462860a4830e59b250a7a39686bf5f64e81160fe84000e499d383468a,13.187935946055884,2.549968719482422,0.9145911981051678
p232_102.wav,GTCRN,30304,4e2a2182e53fdb1b2d5836097ec19d03f0baae00c8dfc84a6c778c051e56f208,3be3989462860a4830e59b250a7a39686bf5f64e81160fe84000e499d383468a,20.506554577960475,2.6865360736846924,0.9265316653873744
p232_103.wav,Noisy,56751,4f5669c41d07f1a247b82703ad7e5c4e9fd2e4bd188726e5ec180c27574e3909,e53b57abfa4f1f4027a6fe0609ad2b907bb79acad3e79c5fc8f3f9c352697eea,6.666120777262718,1.5253369808197021,0.9132595958722388
p232_103.wav,RNNoise v0.2,56751,4f5669c41d07f1a247b82703ad7e5c4e9fd2e4bd188726e5ec180c27574e3909,e53b57abfa4f1f4027a6fe0609ad2b907bb79acad3e79c5fc8f3f9c352697eea,11.079883779896548,2.109882354736328,0.950326152310585
p232_103.wav,GTCRN,56751,4f5669c41d07f1a247b82703ad7e5c4e9fd2e4bd188726e5ec180c27574e3909,e53b57abfa4f1f4027a6fe0609ad2b907bb79acad3e79c5fc8f3f9c352697eea,16.501142427467286,2.557292938232422,0.9551519002173965
p232_104.wav,Noisy,62720,708b4f9c2497e563c23959a9102c7117884fb75b571ab97ed4f195064dcee5f5,928ba1bc0caca934f1efac0f33e9524addbefd77af1a2b6cc9e44937d411341c,1.2674260253653502,1.2893427610397339,0.9255452228008866
p232_104.wav,RNNoise v0.2,62720,708b4f9c2497e563c23959a9102c7117884fb75b571ab97ed4f195064dcee5f5,928ba1bc0caca934f1efac0f33e9524addbefd77af1a2b6cc9e44937d411341c,9.206567736160098,1.8310978412628174,0.93306471400868
p232_104.wav,GTCRN,62720,708b4f9c2497e563c23959a9102c7117884fb75b571ab97ed4f195064dcee5f5,928ba1bc0caca934f1efac0f33e9524addbefd77af1a2b6cc9e44937d411341c,15.707874922232165,2.5866787433624268,0.9507115477710387
p232_105.wav,Noisy,28107,1d66f795f0feec5aae48bf141769d23b9ce850f765f5cedeb7ab1404fa9fa8ca,f26912f71a1d2c38b2e5478703e7e506315ece7c3a047a3eaf45f4c809856ca1,15.403882766756114,3.555677890777588,0.963581713970744
p232_105.wav,RNNoise v0.2,28107,1d66f795f0feec5aae48bf141769d23b9ce850f765f5cedeb7ab1404fa9fa8ca,f26912f71a1d2c38b2e5478703e7e506315ece7c3a047a3eaf45f4c809856ca1,13.679967183723615,2.9336817264556885,0.9583244955231134
p232_105.wav,GTCRN,28107,1d66f795f0feec5aae48bf141769d23b9ce850f765f5cedeb7ab1404fa9fa8ca,f26912f71a1d2c38b2e5478703e7e506315ece7c3a047a3eaf45f4c809856ca1,21.979234353344786,3.883714199066162,0.968793951528093
p232_106.wav,Noisy,38208,a256c874a2fe7f12fdd8caaf1daeb8171f96566e5b0e19965ad7fcad8f70a9e4,18b0b9c8e1e23e8e9b6853ca9a21543b053f374d22007c5331c61b0660ca0792,11.142340036020432,3.344815492630005,0.9843398303079142
p232_106.wav,RNNoise v0.2,38208,a256c874a2fe7f12fdd8caaf1daeb8171f96566e5b0e19965ad7fcad8f70a9e4,18b0b9c8e1e23e8e9b6853ca9a21543b053f374d22007c5331c61b0660ca0792,14.376588242777082,3.877746343612671,0.9892995536579444
p232_106.wav,GTCRN,38208,a256c874a2fe7f12fdd8caaf1daeb8171f96566e5b0e19965ad7fcad8f70a9e4,18b0b9c8e1e23e8e9b6853ca9a21543b053f374d22007c5331c61b0660ca0792,24.269300052801874,4.146544456481934,0.9898210449693299
p232_107.wav,Noisy,42278,7fc664de09b295f1ffc4a5883c6ab33471048d9af585e9e9b2b47a76e1033a7f,09f7008e010c9be2ad692cb6dfb10f44ec5abafe2f6cfd49482fb6e88c276393,6.186799729538173,2.955716371536255,0.9647259052828999
p232_107.wav,RNNoise v0.2,42278,7fc664de09b295f1ffc4a5883c6ab33471048d9af585e9e9b2b47a76e1033a7f,09f7008e010c9be2ad692cb6dfb10f44ec5abafe2f6cfd49482fb6e88c276393,13.17579848987891,3.103426694869995,0.9629369521189449
p232_107.wav,GTCRN,42278,7fc664de09b295f1ffc4a5883c6ab33471048d9af585e9e9b2b47a76e1033a7f,09f7008e010c9be2ad692cb6dfb10f44ec5abafe2f6cfd49482fb6e88c276393,21.433211459333748,3.7943687438964844,0.9669085727232021
p232_108.wav,Noisy,26905,eb85d1ff341495b407b5946d906addb3ca880038f77fdec69683cbe66b2da867,b1b544de3e875c99f4fb49bcdb6394215473d3d24256e42117046ae3835d88b1,0.47064598753743647,1.8631070852279663,0.920410077849728
p232_108.wav,RNNoise v0.2,26905,eb85d1ff341495b407b5946d906addb3ca880038f77fdec69683cbe66b2da867,b1b544de3e875c99f4fb49bcdb6394215473d3d24256e42117046ae3835d88b1,8.595606472108186,2.261146068572998,0.9267877204929676
p232_108.wav,GTCRN,26905,eb85d1ff341495b407b5946d906addb3ca880038f77fdec69683cbe66b2da867,b1b544de3e875c99f4fb49bcdb6394215473d3d24256e42117046ae3835d88b1,19.489144892898253,3.165844202041626,0.9571970763858278
p232_109.wav,Noisy,55868,427d53afd766d004b942b0702369cd502046eb9c5a2b599897a9fb7bb2d1bbe5,3fcb48363a154619276a91221f746a965b34a0f2aa603a201654e5544762cd83,16.60608197814654,2.3190486431121826,0.9730335227926288
p232_109.wav,RNNoise v0.2,55868,427d53afd766d004b942b0702369cd502046eb9c5a2b599897a9fb7bb2d1bbe5,3fcb48363a154619276a91221f746a965b34a0f2aa603a201654e5544762cd83,13.553791199871876,3.143681764602661,0.9813591537008732
p232_109.wav,GTCRN,55868,427d53afd766d004b942b0702369cd502046eb9c5a2b599897a9fb7bb2d1bbe5,3fcb48363a154619276a91221f746a965b34a0f2aa603a201654e5544762cd83,20.075439761785105,3.213515520095825,0.9789404505503885
p232_110.wav,Noisy,32555,49e7f958efe03ef97e3f7395d343b6acc8256b8ac728c2321c5e3f76b0ca4c3c,d1bbcd0ba39aa1fd4e4d3f6248e42910f4726b8bbdff96db658b9a0b06f7df98,10.987956789740903,1.3997538089752197,0.9211943819751559
p232_110.wav,RNNoise v0.2,32555,49e7f958efe03ef97e3f7395d343b6acc8256b8ac728c2321c5e3f76b0ca4c3c,d1bbcd0ba39aa1fd4e4d3f6248e42910f4726b8bbdff96db658b9a0b06f7df98,11.898543104381607,1.712299108505249,0.9228209016468579
p232_110.wav,GTCRN,32555,49e7f958efe03ef97e3f7395d343b6acc8256b8ac728c2321c5e3f76b0ca4c3c,d1bbcd0ba39aa1fd4e4d3f6248e42910f4726b8bbdff96db658b9a0b06f7df98,15.607252033266523,1.7433973550796509,0.9323354414903618
p232_112.wav,Noisy,26305,99930ca71b818d2a4a7656e0437918bab643d2b51dc5b73098626dc3dea4f654,12b8b03490ca6620b5c76ced8e8fcbc727a043eb15e2000514d5e7023847878b,5.354365330684759,1.8261654376983643,0.9032871788539805
p232_112.wav,RNNoise v0.2,26305,99930ca71b818d2a4a7656e0437918bab643d2b51dc5b73098626dc3dea4f654,12b8b03490ca6620b5c76ced8e8fcbc727a043eb15e2000514d5e7023847878b,11.69833660733299,2.264970541000366,0.9060738253590475
p232_112.wav,GTCRN,26305,99930ca71b818d2a4a7656e0437918bab643d2b51dc5b73098626dc3dea4f654,12b8b03490ca6620b5c76ced8e8fcbc727a043eb15e2000514d5e7023847878b,18.136917898423928,2.8155229091644287,0.9356707104985061
p232_113.wav,Noisy,21882,c31c7bccf6130afa9edf6e62f25a5c4a0e69f91dee7624b0fca367128246ad86,e9c3092c7253243cbb1e77c8fb99a3e02a585e9ba237f6e76312f75738f855a7,-0.2586721192042072,1.2613517045974731,0.6869792851324741
p232_113.wav,RNNoise v0.2,21882,c31c7bccf6130afa9edf6e62f25a5c4a0e69f91dee7624b0fca367128246ad86,e9c3092c7253243cbb1e77c8fb99a3e02a585e9ba237f6e76312f75738f855a7,6.105231179647376,1.2792458534240723,0.6434907599663553
p232_113.wav,GTCRN,21882,c31c7bccf6130afa9edf6e62f25a5c4a0e69f91dee7624b0fca367128246ad86,e9c3092c7253243cbb1e77c8fb99a3e02a585e9ba237f6e76312f75738f855a7,9.220537036969503,1.7652878761291504,0.782474230800484
p232_114.wav,Noisy,51137,0fd1f1e0e886bc7b738d72b92e7d8160131a59c6d1d9b625463514a2a52792e8,f726ca7d126fd448c474d5827b8594b98325b682e0f4c09eefff100bdfd51b4d,16.83833186021686,2.2563693523406982,0.950848921715844
p232_114.wav,RNNoise v0.2,51137,0fd1f1e0e886bc7b738d72b92e7d8160131a59c6d1d9b625463514a2a52792e8,f726ca7d126fd448c474d5827b8594b98325b682e0f4c09eefff100bdfd51b4d,13.8878644203732,3.001007318496704,0.9431261759852795
p232_114.wav,GTCRN,51137,0fd1f1e0e886bc7b738d72b92e7d8160131a59c6d1d9b625463514a2a52792e8,f726ca7d126fd448c474d5827b8594b98325b682e0f4c09eefff100bdfd51b4d,21.91238405047258,3.2875607013702393,0.9558043697381792
p232_115.wav,Noisy,43918,85c3960d165d8fdd1031b8bcb6b15619292700c98c46edecfb19c71a2f813f2e,f176e3b84d0c60499403042633499b9f794208405f806cd53b8c94944d82647a,11.410633293731006,2.0739874839782715,0.9435594802952468
p232_115.wav,RNNoise v0.2,43918,85c3960d165d8fdd1031b8bcb6b15619292700c98c46edecfb19c71a2f813f2e,f176e3b84d0c60499403042633499b9f794208405f806cd53b8c94944d82647a,13.225945852190243,2.911400318145752,0.9617070458376977
p232_115.wav,GTCRN,43918,85c3960d165d8fdd1031b8bcb6b15619292700c98c46edecfb19c71a2f813f2e,f176e3b84d0c60499403042633499b9f794208405f806cd53b8c94944d82647a,18.696251055109688,3.2533087730407715,0.9602409375287538
p232_116.wav,Noisy,31733,d797d250ed7cb8418f99135c248d826a7df3b8f29d400bc6c41d585a328e6351,f8274600e446130bbb340008a5ad3537431d90984609513a18547f0da47efe40,6.008624335684097,1.61039137840271,0.9250835246103393
p232_116.wav,RNNoise v0.2,31733,d797d250ed7cb8418f99135c248d826a7df3b8f29d400bc6c41d585a328e6351,f8274600e446130bbb340008a5ad3537431d90984609513a18547f0da47efe40,13.262828807123558,2.79394268989563,0.9317252106327383
p232_116.wav,GTCRN,31733,d797d250ed7cb8418f99135c248d826a7df3b8f29d400bc6c41d585a328e6351,f8274600e446130bbb340008a5ad3537431d90984609513a18547f0da47efe40,19.149824456892144,2.1318461894989014,0.9339516738702717
p232_117.wav,Noisy,55567,3fe205837f62f64eaf139f4e73ff8aa8d92c07b24fba378dc7ac8803e4eea257,726dd4690034ab4482904b8dc5780fac1a569d04fe42cc928808e5807968e91f,1.7429274219915822,1.135637879371643,0.8875579625906054
p232_117.wav,RNNoise v0.2,55567,3fe205837f62f64eaf139f4e73ff8aa8d92c07b24fba378dc7ac8803e4eea257,726dd4690034ab4482904b8dc5780fac1a569d04fe42cc928808e5807968e91f,7.384176128741844,1.506798505783081,0.9087046015374957
p232_117.wav,GTCRN,55567,3fe205837f62f64eaf139f4e73ff8aa8d92c07b24fba378dc7ac8803e4eea257,726dd4690034ab4482904b8dc5780fac1a569d04fe42cc928808e5807968e91f,11.318396672703448,1.8225196599960327,0.9275407622407288
p232_118.wav,Noisy,50151,4d9e9192102287d02b00f259cd3fa79add86e3f7104371e3bdf57223a594e10f,7f7762cb14d4922945f8861e3ca28a2e21451237158b5e23a75036af65e686c1,16.341841715594263,3.300995111465454,0.9886266272170599
p232_118.wav,RNNoise v0.2,50151,4d9e9192102287d02b00f259cd3fa79add86e3f7104371e3bdf57223a594e10f,7f7762cb14d4922945f8861e3ca28a2e21451237158b5e23a75036af65e686c1,15.23872784670296,3.069777250289917,0.9891749537314573
p232_118.wav,GTCRN,50151,4d9e9192102287d02b00f259cd3fa79add86e3f7104371e3bdf57223a594e10f,7f7762cb14d4922945f8861e3ca28a2e21451237158b5e23a75036af65e686c1,25.809246151364484,3.692899227142334,0.9911644869306181
p232_119.wav,Noisy,50687,3fde50dcc5a43cc27b6876fafc68ab84d7afb0282aa332aebbbbb15a9977cdfb,31da2b58b278a851b4aa6bab7cc8eb95bfaf7433a3265ad47165e8b9098c9c57,11.234458289201832,2.8546547889709473,0.9459265147184835
p232_119.wav,RNNoise v0.2,50687,3fde50dcc5a43cc27b6876fafc68ab84d7afb0282aa332aebbbbb15a9977cdfb,31da2b58b278a851b4aa6bab7cc8eb95bfaf7433a3265ad47165e8b9098c9c57,14.51946110201122,3.439423084259033,0.9430084579310601
p232_119.wav,GTCRN,50687,3fde50dcc5a43cc27b6876fafc68ab84d7afb0282aa332aebbbbb15a9977cdfb,31da2b58b278a851b4aa6bab7cc8eb95bfaf7433a3265ad47165e8b9098c9c57,23.877010378916516,3.5058889389038086,0.9604054207125053
p232_120.wav,Noisy,23410,7176b881d51f3a98f3db1080647834f5d9b694387239205d16ddaaddffcd2382,b38d76dc6e638ffe04f668a3b22b6fb81dcd51145327ce763bb966f66a319d99,4.931747073223132,2.6916847229003906,0.9144912109193922
p232_120.wav,RNNoise v0.2,23410,7176b881d51f3a98f3db1080647834f5d9b694387239205d16ddaaddffcd2382,b38d76dc6e638ffe04f668a3b22b6fb81dcd51145327ce763bb966f66a319d99,13.704132290538496,3.106572151184082,0.9476516512984099
p232_120.wav,GTCRN,23410,7176b881d51f3a98f3db1080647834f5d9b694387239205d16ddaaddffcd2382,b38d76dc6e638ffe04f668a3b22b6fb81dcd51145327ce763bb966f66a319d99,21.8439188695939,3.608590602874756,0.9676024957400096
p232_121.wav,Noisy,49038,c09d22f2eb77a0c58dfe4ad002061f687508192d7a446e2da995bd529afd9bf4,dc34d9dc674bff9dae4d5c8981fcab70cf2eb265cc3e008159bc4666db3b7af0,1.4816639573989723,1.4188374280929565,0.9612421392509476
p232_121.wav,RNNoise v0.2,49038,c09d22f2eb77a0c58dfe4ad002061f687508192d7a446e2da995bd529afd9bf4,dc34d9dc674bff9dae4d5c8981fcab70cf2eb265cc3e008159bc4666db3b7af0,10.037250444881025,2.382733106613159,0.9552486666322957
p232_121.wav,GTCRN,49038,c09d22f2eb77a0c58dfe4ad002061f687508192d7a446e2da995bd529afd9bf4,dc34d9dc674bff9dae4d5c8981fcab70cf2eb265cc3e008159bc4666db3b7af0,13.729595793761977,2.696155309677124,0.972416997388802
p232_123.wav,Noisy,59314,af3bc159c16f3d67bbbbb921e9e67fcbd0be111f3dfa4e3c21b9c3e41895f9e9,7f5ea060fd48c5c02dbee6280a4310d258dd0a4d128ee7f9ccdd1b04a452fbfe,16.690244189784803,2.834380865097046,0.9725988386770847
p232_123.wav,RNNoise v0.2,59314,af3bc159c16f3d67bbbbb921e9e67fcbd0be111f3dfa4e3c21b9c3e41895f9e9,7f5ea060fd48c5c02dbee6280a4310d258dd0a4d128ee7f9ccdd1b04a452fbfe,14.605450819759959,2.703878879547119,0.9733605885002903
p232_123.wav,GTCRN,59314,af3bc159c16f3d67bbbbb921e9e67fcbd0be111f3dfa4e3c21b9c3e41895f9e9,7f5ea060fd48c5c02dbee6280a4310d258dd0a4d128ee7f9ccdd1b04a452fbfe,23.89189347151045,3.4540717601776123,0.9780984912095307
p232_124.wav,Noisy,23855,d4606764f38b0363da233ce85f850f2a99a542b35d379779b137733cf8fd2b9a,5d014e5ba42a7b966533a1d902a4d2243bcbd7b3515079fa367b16d8f61f886f,10.075111722528892,2.112110137939453,0.9091387783383613
p232_124.wav,RNNoise v0.2,23855,d4606764f38b0363da233ce85f850f2a99a542b35d379779b137733cf8fd2b9a,5d014e5ba42a7b966533a1d902a4d2243bcbd7b3515079fa367b16d8f61f886f,13.586959093151151,2.4208340644836426,0.9282400284668705
p232_124.wav,GTCRN,23855,d4606764f38b0363da233ce85f850f2a99a542b35d379779b137733cf8fd2b9a,5d014e5ba42a7b966533a1d902a4d2243bcbd7b3515079fa367b16d8f61f886f,20.741309020327847,2.832016944885254,0.9471541043768085
p232_125.wav,Noisy,25728,7315649ca152b6291c58ca8cc90a3aa95842f2c5ff2386d6b1da58eba391592c,ed1d964e046a520078c7b99434a93869a584422724cd9835a64b259d698dcc8e,5.3593775816058,1.7534184455871582,0.8431553194044428
p232_125.wav,RNNoise v0.2,25728,7315649ca152b6291c58ca8cc90a3aa95842f2c5ff2386d6b1da58eba391592c,ed1d964e046a520078c7b99434a93869a584422724cd9835a64b259d698dcc8e,11.647200631492865,2.1826565265655518,0.8121037369467445
p232_125.wav,GTCRN,25728,7315649ca152b6291c58ca8cc90a3aa95842f2c5ff2386d6b1da58eba391592c,ed1d964e046a520078c7b99434a93869a584422724cd9835a64b259d698dcc8e,18.254586605685056,1.988142490386963,0.8317610245639402
p232_126.wav,Noisy,33823,e915c7aac98c21258ba49a382ff2483107e516c4677ce2afcc5bd2d588b959ab,0f57fde683725f7dbaacdd748f7d5edc1d45bc89439e9c6c615cbfd35bbc7490,1.0335442286338934,1.385023832321167,0.8932894364240127
p232_126.wav,RNNoise v0.2,33823,e915c7aac98c21258ba49a382ff2483107e516c4677ce2afcc5bd2d588b959ab,0f57fde683725f7dbaacdd748f7d5edc1d45bc89439e9c6c615cbfd35bbc7490,9.212774733219952,2.0767428874969482,0.9168397059802887
p232_126.wav,GTCRN,33823,e915c7aac98c21258ba49a382ff2483107e516c4677ce2afcc5bd2d588b959ab,0f57fde683725f7dbaacdd748f7d5edc1d45bc89439e9c6c615cbfd35bbc7490,14.552556753325199,2.418315887451172,0.9277656758183314
p232_127.wav,Noisy,31585,39edb2f67ba6346383f3dbe8a3fe221fcbf57a7798b1cec6405610ccdfd476a7,ddd3c5d7355ceee8b18894a901e3f925484abb3db203e50cad6c9f441d9eb547,15.737877241664684,3.712022542953491,0.9950395248844053
p232_127.wav,RNNoise v0.2,31585,39edb2f67ba6346383f3dbe8a3fe221fcbf57a7798b1cec6405610ccdfd476a7,ddd3c5d7355ceee8b18894a901e3f925484abb3db203e50cad6c9f441d9eb547,13.518283488563725,3.226778745651245,0.98815326734681
p232_127.wav,GTCRN,31585,39edb2f67ba6346383f3dbe8a3fe221fcbf57a7798b1cec6405610ccdfd476a7,ddd3c5d7355ceee8b18894a901e3f925484abb3db203e50cad6c9f441d9eb547,26.89754773203918,3.983644962310791,0.9945161373286872
p232_128.wav,Noisy,47388,522985783a247701f8401b622df0fdcc8bc524e02a5c055c8c1731e8364040dd,e3eda5688d594cb42586ba138c1b6e703b8ad9477bb22915aa001eee0e607ac8,11.129153088033053,2.0049550533294678,0.9865201442567324
p232_128.wav,RNNoise v0.2,47388,522985783a247701f8401b622df0fdcc8bc524e02a5c055c8c1731e8364040dd,e3eda5688d594cb42586ba138c1b6e703b8ad9477bb22915aa001eee0e607ac8,14.330674679561199,2.598457098007202,0.9881135617041579
p232_128.wav,GTCRN,47388,522985783a247701f8401b622df0fdcc8bc524e02a5c055c8c1731e8364040dd,e3eda5688d594cb42586ba138c1b6e703b8ad9477bb22915aa001eee0e607ac8,21.66950428126059,2.6006720066070557,0.9884483192622779
p232_129.wav,Noisy,56984,59998a1b583d4e8abc07fc786dd2650f3b96ecb9aea00248611f66ffde9d2662,e818a37a5c70b5f46edaf7d7f3d0a97a32c18356b71ac412697730ec26550868,6.640394066166372,2.4979445934295654,0.9806830026932603
p232_129.wav,RNNoise v0.2,56984,59998a1b583d4e8abc07fc786dd2650f3b96ecb9aea00248611f66ffde9d2662,e818a37a5c70b5f46edaf7d7f3d0a97a32c18356b71ac412697730ec26550868,14.220859755963426,2.7960050106048584,0.9850654015924372
p232_129.wav,GTCRN,56984,59998a1b583d4e8abc07fc786dd2650f3b96ecb9aea00248611f66ffde9d2662,e818a37a5c70b5f46edaf7d7f3d0a97a32c18356b71ac412697730ec26550868,22.129247882877827,3.1361875534057617,0.9872575871942354
p232_130.wav,Noisy,39435,04fbe8980304d148953d6b398dafc4bf57da68f35009a3d2e9f653128112a5fe,770cc6ca93474acca337470f7eeccfa26153ae64b56433b74705ddabf4b58ccb,1.259697057017526,1.6915080547332764,0.9752822529674054
p232_130.wav,RNNoise v0.2,39435,04fbe8980304d148953d6b398dafc4bf57da68f35009a3d2e9f653128112a5fe,770cc6ca93474acca337470f7eeccfa26153ae64b56433b74705ddabf4b58ccb,8.633268552018784,2.2289223670959473,0.9756913562948671
p232_130.wav,GTCRN,39435,04fbe8980304d148953d6b398dafc4bf57da68f35009a3d2e9f653128112a5fe,770cc6ca93474acca337470f7eeccfa26153ae64b56433b74705ddabf4b58ccb,19.26756217829827,2.1904850006103516,0.9813973337952419
p232_131.wav,Noisy,48865,7a7dc03422cd675f9f128992f25bc7a23979284d9b8beb2fa6d1db0118d26c6c,f1df64288e6921969d838bc5fee2d947475d5d2169c8009a881f13614738acbd,16.484464065952682,2.328131914138794,0.9759769793010226
p232_131.wav,RNNoise v0.2,48865,7a7dc03422cd675f9f128992f25bc7a23979284d9b8beb2fa6d1db0118d26c6c,f1df64288e6921969d838bc5fee2d947475d5d2169c8009a881f13614738acbd,14.716420131484254,2.6046671867370605,0.9648758940364699
p232_131.wav,GTCRN,48865,7a7dc03422cd675f9f128992f25bc7a23979284d9b8beb2fa6d1db0118d26c6c,f1df64288e6921969d838bc5fee2d947475d5d2169c8009a881f13614738acbd,23.07122628086965,3.1877448558807373,0.9803662328330434
p232_132.wav,Noisy,29649,d6e0e4f9965845dd93f5ecf62bcd27a6d0a37746fc47945d9f7ed83293d383f1,6244deb0c2a50e0ada492c528c0fa28363c914fe681b766a81f7146906e6bfb6,10.719172759905884,1.9780329465866089,0.8524719695884461
p232_132.wav,RNNoise v0.2,29649,d6e0e4f9965845dd93f5ecf62bcd27a6d0a37746fc47945d9f7ed83293d383f1,6244deb0c2a50e0ada492c528c0fa28363c914fe681b766a81f7146906e6bfb6,12.06909847957833,2.322721242904663,0.8612399092802262
p232_132.wav,GTCRN,29649,d6e0e4f9965845dd93f5ecf62bcd27a6d0a37746fc47945d9f7ed83293d383f1,6244deb0c2a50e0ada492c528c0fa28363c914fe681b766a81f7146906e6bfb6,16.910646477524804,2.7611289024353027,0.8903361478883414
p232_133.wav,Noisy,39034,725bb8e781962d151eb415670b68deb2d7678d95a4f38ef1a882542a3309f53a,377472539c6c4b4086349bb5d55b8cc5b531b90527797e5eb1eb83528117c412,6.253783301573101,1.1865390539169312,0.8671712788275893
p232_133.wav,RNNoise v0.2,39034,725bb8e781962d151eb415670b68deb2d7678d95a4f38ef1a882542a3309f53a,377472539c6c4b4086349bb5d55b8cc5b531b90527797e5eb1eb83528117c412,10.724511610129795,1.5687806606292725,0.8628821472054024
p232_133.wav,GTCRN,39034,725bb8e781962d151eb415670b68deb2d7678d95a4f38ef1a882542a3309f53a,377472539c6c4b4086349bb5d55b8cc5b531b90527797e5eb1eb83528117c412,14.60835106711433,1.8238301277160645,0.8992136305793262
p232_134.wav,Noisy,28857,38aa36b2b2ca53a16ef3eb8893f3724055707d9aebecc0af72f5e89312ed76e2,6e9f390f08d3fa42d8a9db49cedfda2302d2868e7faf0257f0f06c69b7f83c4a,0.3857420086548679,1.2230963706970215,0.7727177605967837
p232_134.wav,RNNoise v0.2,28857,38aa36b2b2ca53a16ef3eb8893f3724055707d9aebecc0af72f5e89312ed76e2,6e9f390f08d3fa42d8a9db49cedfda2302d2868e7faf0257f0f06c69b7f83c4a,6.512919889387858,1.469029188156128,0.7806297572366963
p232_134.wav,GTCRN,28857,38aa36b2b2ca53a16ef3eb8893f3724055707d9aebecc0af72f5e89312ed76e2,6e9f390f08d3fa42d8a9db49cedfda2302d2868e7faf0257f0f06c69b7f83c4a,10.05215382689025,1.7392683029174805,0.8363323191556868
p232_135.wav,Noisy,31740,70c86237793d867a8941b7ee81b043155bde87488fddc1c9e9e92cb7b1f68461,2252f88de88312f0bd5e9720eae79d6261250957c0e086eb4033a1a378c75851,15.558509244478342,2.6419036388397217,0.9381981774360946
p232_135.wav,RNNoise v0.2,31740,70c86237793d867a8941b7ee81b043155bde87488fddc1c9e9e92cb7b1f68461,2252f88de88312f0bd5e9720eae79d6261250957c0e086eb4033a1a378c75851,12.66333938045558,3.2478573322296143,0.9565381419467709
p232_135.wav,GTCRN,31740,70c86237793d867a8941b7ee81b043155bde87488fddc1c9e9e92cb7b1f68461,2252f88de88312f0bd5e9720eae79d6261250957c0e086eb4033a1a378c75851,21.37231603253546,3.8062660694122314,0.9562551912983803
p232_136.wav,Noisy,27811,566d716eee5b0763cbf7bf517eff500a06555db99c12000ef8af7863deee8580,e659e431df41f052a157a3d70dce9335c66b24418e1835fa597da865f2cc02f4,10.071578888350563,1.5428762435913086,0.7761775785695367
p232_136.wav,RNNoise v0.2,27811,566d716eee5b0763cbf7bf517eff500a06555db99c12000ef8af7863deee8580,e659e431df41f052a157a3d70dce9335c66b24418e1835fa597da865f2cc02f4,12.53135014110998,2.0384700298309326,0.8093280833960969
p232_136.wav,GTCRN,27811,566d716eee5b0763cbf7bf517eff500a06555db99c12000ef8af7863deee8580,e659e431df41f052a157a3d70dce9335c66b24418e1835fa597da865f2cc02f4,18.29336718733061,2.638221263885498,0.7728871133872929
p232_137.wav,Noisy,25907,9aedcadce70e792b4d26da043620283490a302d89f5a8be358327b7046a6fc7b,f7830e2605887de9f36172ee57b1aaf4cee6b976a592c51faf9884d0f35b540d,5.258616603651898,1.7381837368011475,0.9208561243466965
p232_137.wav,RNNoise v0.2,25907,9aedcadce70e792b4d26da043620283490a302d89f5a8be358327b7046a6fc7b,f7830e2605887de9f36172ee57b1aaf4cee6b976a592c51faf9884d0f35b540d,11.982796629749481,2.4054830074310303,0.9468825659697445
p232_137.wav,GTCRN,25907,9aedcadce70e792b4d26da043620283490a302d89f5a8be358327b7046a6fc7b,f7830e2605887de9f36172ee57b1aaf4cee6b976a592c51faf9884d0f35b540d,15.953120533336168,2.8092141151428223,0.9540747251453086
p232_138.wav,Noisy,25176,7e9cb5f6c628456f0fa7b0f377f48f36853196666fad2d9f68d7a20202a833fe,a7152471a7d0ba1ab09a1838ebbd858d317794d2e7bc1f487072c8f5084a9d27,0.30571208701440583,1.5201060771942139,0.766728786594784
p232_138.wav,RNNoise v0.2,25176,7e9cb5f6c628456f0fa7b0f377f48f36853196666fad2d9f68d7a20202a833fe,a7152471a7d0ba1ab09a1838ebbd858d317794d2e7bc1f487072c8f5084a9d27,8.710361237535748,2.5234811305999756,0.7435111112240915
p232_138.wav,GTCRN,25176,7e9cb5f6c628456f0fa7b0f377f48f36853196666fad2d9f68d7a20202a833fe,a7152471a7d0ba1ab09a1838ebbd858d317794d2e7bc1f487072c8f5084a9d27,13.31069234090538,2.852573871612549,0.8033672528992675
p232_139.wav,Noisy,34971,7e3a8abbbce91d39357cf8dcdefe9406e61b37c1588a631efa29d41d3d983682,262915ae57cb2e210fe8a2d1ab333d1c1731f67ed6540b20ee696870392f890d,15.992232537659188,3.466505527496338,0.9998149522946154
p232_139.wav,RNNoise v0.2,34971,7e3a8abbbce91d39357cf8dcdefe9406e61b37c1588a631efa29d41d3d983682,262915ae57cb2e210fe8a2d1ab333d1c1731f67ed6540b20ee696870392f890d,15.35006470878324,3.640939950942993,0.9989216034894126
p232_139.wav,GTCRN,34971,7e3a8abbbce91d39357cf8dcdefe9406e61b37c1588a631efa29d41d3d983682,262915ae57cb2e210fe8a2d1ab333d1c1731f67ed6540b20ee696870392f890d,27.517886346656994,4.213799953460693,0.9998283915105485
p232_140.wav,Noisy,25384,89c428fd72b15a73d2a068d21d7229bc013b4c5feb725b4ca7ea7c53e2c6bbc2,e5cef518008fc807861a5ef86eed61b3610b5481d1526cda158323554dff1e43,10.195154066919606,2.817991256713867,0.8577306378159323
p232_140.wav,RNNoise v0.2,25384,89c428fd72b15a73d2a068d21d7229bc013b4c5feb725b4ca7ea7c53e2c6bbc2,e5cef518008fc807861a5ef86eed61b3610b5481d1526cda158323554dff1e43,14.66815004961485,3.3642263412475586,0.8852614279115357
p232_140.wav,GTCRN,25384,89c428fd72b15a73d2a068d21d7229bc013b4c5feb725b4ca7ea7c53e2c6bbc2,e5cef518008fc807861a5ef86eed61b3610b5481d1526cda158323554dff1e43,23.271008672853796,3.4308218955993652,0.8774747155169602
p232_141.wav,Noisy,27775,685d7e599a8a14ce20eb06fe862351cdc6e611e2e42220f1b0f1e74389242835,901080e86d9a7f4eac9d4d6a59d705846298d4cfc48e732f9c711abc5d415cfa,5.450197497613561,2.723684072494507,0.8319249581578007
p232_141.wav,RNNoise v0.2,27775,685d7e599a8a14ce20eb06fe862351cdc6e611e2e42220f1b0f1e74389242835,901080e86d9a7f4eac9d4d6a59d705846298d4cfc48e732f9c711abc5d415cfa,12.411947282343503,3.57956600189209,0.8616831476182335
p232_141.wav,GTCRN,27775,685d7e599a8a14ce20eb06fe862351cdc6e611e2e42220f1b0f1e74389242835,901080e86d9a7f4eac9d4d6a59d705846298d4cfc48e732f9c711abc5d415cfa,18.514487728206777,3.446504831314087,0.8716251151049335
p232_142.wav,Noisy,43425,b6f84d9613372c930753b56585c3473f887c5cd5b46b58833e9d2f36a7f0d796,10ce99de802219981b2f2dafb9738b8fbd763dde52bcaee4849c981d672e55c5,1.7961379214236683,1.9361010789871216,0.9086941735237235
p232_142.wav,RNNoise v0.2,43425,b6f84d9613372c930753b56585c3473f887c5cd5b46b58833e9d2f36a7f0d796,10ce99de802219981b2f2dafb9738b8fbd763dde52bcaee4849c981d672e55c5,10.440396109237948,2.9285342693328857,0.9158426552614766
p232_142.wav,GTCRN,43425,b6f84d9613372c930753b56585c3473f887c5cd5b46b58833e9d2f36a7f0d796,10ce99de802219981b2f2dafb9738b8fbd763dde52bcaee4849c981d672e55c5,15.664882056719682,2.534830331802368,0.9365091641461569
p232_143.wav,Noisy,28384,647fa0da874ac4c5c9c0d4e0d22669eeb1993a9522f032927e31ae9d389e8e10,40a441238597cb1ec57ef29a714f120c16f78da43a87369d5a071de5d466e62a,15.26703558595026,2.6260061264038086,0.9485293198571487
p232_143.wav,RNNoise v0.2,28384,647fa0da874ac4c5c9c0d4e0d22669eeb1993a9522f032927e31ae9d389e8e10,40a441238597cb1ec57ef29a714f120c16f78da43a87369d5a071de5d466e62a,15.493408493332431,2.804332733154297,0.9550376208633362
p232_143.wav,GTCRN,28384,647fa0da874ac4c5c9c0d4e0d22669eeb1993a9522f032927e31ae9d389e8e10,40a441238597cb1ec57ef29a714f120c16f78da43a87369d5a071de5d466e62a,23.67623544109763,3.4684195518493652,0.9801400046905171
p232_144.wav,Noisy,36482,763427abe6ad005bf15de1665c6ecd0fa40e46824e058d9a8b471e187504be78,0e41888dc4a897d81e9f1694175c4423f29a90bfb52c746b806d46b2d465602c,11.061491128996664,2.374965190887451,0.9604389841271267
p232_144.wav,RNNoise v0.2,36482,763427abe6ad005bf15de1665c6ecd0fa40e46824e058d9a8b471e187504be78,0e41888dc4a897d81e9f1694175c4423f29a90bfb52c746b806d46b2d465602c,12.945166435994054,2.7651946544647217,0.9529567028718734
p232_144.wav,GTCRN,36482,763427abe6ad005bf15de1665c6ecd0fa40e46824e058d9a8b471e187504be78,0e41888dc4a897d81e9f1694175c4423f29a90bfb52c746b806d46b2d465602c,20.909872040132733,3.005920171737671,0.9694104609101972
p232_145.wav,Noisy,42400,e0a97bdae26515528f2fe133abe71c7c6ec43926e130b5f0a37ef119fe97b012,0c83be9795fae8a2be9a7d328a3da1fa72fe43648f19e4a6473583cc541c0211,6.083716339680936,1.6265809535980225,0.8522584819136689
p232_145.wav,RNNoise v0.2,42400,e0a97bdae26515528f2fe133abe71c7c6ec43926e130b5f0a37ef119fe97b012,0c83be9795fae8a2be9a7d328a3da1fa72fe43648f19e4a6473583cc541c0211,10.598743213723738,2.02604079246521,0.8790121562775011
p232_145.wav,GTCRN,42400,e0a97bdae26515528f2fe133abe71c7c6ec43926e130b5f0a37ef119fe97b012,0c83be9795fae8a2be9a7d328a3da1fa72fe43648f19e4a6473583cc541c0211,15.346112780418784,2.1408984661102295,0.88400433108926
p232_146.wav,Noisy,32652,656d6d8639a3d1d63f26a2bc5c4b1629690670050203aae7bbd8087ebf5410de,2aceb6a99c094873aaa510529634b91e39140ecd45b7aec53484d2213f4365ad,0.9522674613319765,1.8804739713668823,0.8610291890853403
p232_146.wav,RNNoise v0.2,32652,656d6d8639a3d1d63f26a2bc5c4b1629690670050203aae7bbd8087ebf5410de,2aceb6a99c094873aaa510529634b91e39140ecd45b7aec53484d2213f4365ad,10.263883430105086,2.3106377124786377,0.8604759190948246
p232_146.wav,GTCRN,32652,656d6d8639a3d1d63f26a2bc5c4b1629690670050203aae7bbd8087ebf5410de,2aceb6a99c094873aaa510529634b91e39140ecd45b7aec53484d2213f4365ad,16.444130023622947,2.759998083114624,0.8883114255900477
p232_147.wav,Noisy,43604,2d1423f79a6b32371ce0f551848033f5fbec7606290e967f73b3423d46ad58d2,0339139210655ce62002d0a45f77065183d277d9a4fb40e484c3484f8ab796d1,16.345545852312274,3.967580556869507,0.9885734294904599
p232_147.wav,RNNoise v0.2,43604,2d1423f79a6b32371ce0f551848033f5fbec7606290e967f73b3423d46ad58d2,0339139210655ce62002d0a45f77065183d277d9a4fb40e484c3484f8ab796d1,14.572947496204879,3.7144949436187744,0.9845539733912335
p232_147.wav,GTCRN,43604,2d1423f79a6b32371ce0f551848033f5fbec7606290e967f73b3423d46ad58d2,0339139210655ce62002d0a45f77065183d277d9a4fb40e484c3484f8ab796d1,24.127845236999672,4.077983379364014,0.9889065708540629
p232_148.wav,Noisy,61969,9a09a32f1288e94d9400d9b8c803e44021a76d8786bf702ecb82fc80e5888528,04d62357e7cf31699ba3442cdcdb06484a4910ce5b274caa35d7e4b6c4458b0d,11.611986084241579,3.287066698074341,0.9994154137524742
p232_148.wav,RNNoise v0.2,61969,9a09a32f1288e94d9400d9b8c803e44021a76d8786bf702ecb82fc80e5888528,04d62357e7cf31699ba3442cdcdb06484a4910ce5b274caa35d7e4b6c4458b0d,14.095126275614815,3.567169427871704,0.9982539450543324
p232_148.wav,GTCRN,61969,9a09a32f1288e94d9400d9b8c803e44021a76d8786bf702ecb82fc80e5888528,04d62357e7cf31699ba3442cdcdb06484a4910ce5b274caa35d7e4b6c4458b0d,24.669824546778408,3.7399613857269287,0.9994274323921659
p232_150.wav,Noisy,33685,252a21396f74f60051f96b13d216435505159e3d407eea2a34f5c0d243dea062,c0e58df686eb1b27ebe4db20b781fa2933766f0f29f6779bf860d48ef3aaa452,5.875316896623966,3.3032467365264893,0.9792042438612907
p232_150.wav,RNNoise v0.2,33685,252a21396f74f60051f96b13d216435505159e3d407eea2a34f5c0d243dea062,c0e58df686eb1b27ebe4db20b781fa2933766f0f29f6779bf860d48ef3aaa452,12.94087516548132,3.484975814819336,0.9846161204296455
p232_150.wav,GTCRN,33685,252a21396f74f60051f96b13d216435505159e3d407eea2a34f5c0d243dea062,c0e58df686eb1b27ebe4db20b781fa2933766f0f29f6779bf860d48ef3aaa452,23.969839768840885,3.629770517349243,0.9857736836445429
p232_151.wav,Noisy,43629,9790fba2ea3b5966389708b43cbc66350ce153ce7e12dbe16792a7d3280fc5b0,a5873f177329d984e2476bec84cad3ebf11c0ec0b51c41c48463f09d6510f239,1.3287192194791684,1.4354028701782227,0.9662612459586201
p232_151.wav,RNNoise v0.2,43629,9790fba2ea3b5966389708b43cbc66350ce153ce7e12dbe16792a7d3280fc5b0,a5873f177329d984e2476bec84cad3ebf11c0ec0b51c41c48463f09d6510f239,9.750077819462453,2.2611894607543945,0.983523642300451
p232_151.wav,GTCRN,43629,9790fba2ea3b5966389708b43cbc66350ce153ce7e12dbe16792a7d3280fc5b0,a5873f177329d984e2476bec84cad3ebf11c0ec0b51c41c48463f09d6510f239,18.23004346223984,2.7755393981933594,0.9861160524259437
p232_152.wav,Noisy,29856,07fd8fef08f47215ee3d284fe35365938fb6c37442518b1878df4333153cf047,49f0faf24b495d095b508d0b0db664c15425aabd32242395a6fffe200e4532b0,15.582721866012383,1.8853920698165894,0.9643324701228024
p232_152.wav,RNNoise v0.2,29856,07fd8fef08f47215ee3d284fe35365938fb6c37442518b1878df4333153cf047,49f0faf24b495d095b508d0b0db664c15425aabd32242395a6fffe200e4532b0,13.802918157137507,2.900466203689575,0.9833381196005094
p232_152.wav,GTCRN,29856,07fd8fef08f47215ee3d284fe35365938fb6c37442518b1878df4333153cf047,49f0faf24b495d095b508d0b0db664c15425aabd32242395a6fffe200e4532b0,21.892775713229625,2.7549610137939453,0.9795405101883056
p232_153.wav,Noisy,30904,98d2a3041fdd59d232b07c2dff665742cab5d628549e1ba37bbf0f762fd81bd0,daaa0487dc402500332043c07e97ff1d87af73a63fbd92a252ac6d1fb5b843d3,10.789742655918147,1.6578912734985352,0.8587578984007849
p232_153.wav,RNNoise v0.2,30904,98d2a3041fdd59d232b07c2dff665742cab5d628549e1ba37bbf0f762fd81bd0,daaa0487dc402500332043c07e97ff1d87af73a63fbd92a252ac6d1fb5b843d3,12.70166043193669,1.9705414772033691,0.8540539994223826
p232_153.wav,GTCRN,30904,98d2a3041fdd59d232b07c2dff665742cab5d628549e1ba37bbf0f762fd81bd0,daaa0487dc402500332043c07e97ff1d87af73a63fbd92a252ac6d1fb5b843d3,17.807731051821,2.4811089038848877,0.8933922248113206
p232_154.wav,Noisy,37452,454c8211f945ce653e5c18a23023ee10e50f5685ba147ab2e9ec5d5b5937cbef,00bef3edd29673ca69ee221749d80b6b97b3475d664f1ce30e9c04e21a251f1c,6.241236506550935,1.2621827125549316,0.8817964295966322
p232_154.wav,RNNoise v0.2,37452,454c8211f945ce653e5c18a23023ee10e50f5685ba147ab2e9ec5d5b5937cbef,00bef3edd29673ca69ee221749d80b6b97b3475d664f1ce30e9c04e21a251f1c,10.006707511238096,1.4441819190979004,0.8761516339475521
p232_154.wav,GTCRN,37452,454c8211f945ce653e5c18a23023ee10e50f5685ba147ab2e9ec5d5b5937cbef,00bef3edd29673ca69ee221749d80b6b97b3475d664f1ce30e9c04e21a251f1c,13.082078392785242,1.9578943252563477,0.909311565344432
p232_155.wav,Noisy,40813,506cafcfe7c166879d6da5cb8617cd2d6c82fbdf7ceb77d30a2cb8af8ae9f731,3d4fd5754f3ac607b9983b8a8549e60088ceb5a9cd477e7edea84bc0d00d0ded,1.1962210641980824,1.1418092250823975,0.7428672785133981
p232_155.wav,RNNoise v0.2,40813,506cafcfe7c166879d6da5cb8617cd2d6c82fbdf7ceb77d30a2cb8af8ae9f731,3d4fd5754f3ac607b9983b8a8549e60088ceb5a9cd477e7edea84bc0d00d0ded,4.563003858351478,1.2818827629089355,0.7617691547253601
p232_155.wav,GTCRN,40813,506cafcfe7c166879d6da5cb8617cd2d6c82fbdf7ceb77d30a2cb8af8ae9f731,3d4fd5754f3ac607b9983b8a8549e60088ceb5a9cd477e7edea84bc0d00d0ded,5.985519524626477,1.4677482843399048,0.8348819684782943
p232_156.wav,Noisy,32909,4e5b77dd974ed6665f05f18b21e85113b1e677da1c3724527b4e1bc462541246,3a99ea499d333c80c657cefef7d6eb437f0c0b42e4d8934888a1ea57620d4f38,15.968495280088547,2.34132719039917,0.9071691963790989
p232_156.wav,RNNoise v0.2,32909,4e5b77dd974ed6665f05f18b21e85113b1e677da1c3724527b4e1bc462541246,3a99ea499d333c80c657cefef7d6eb437f0c0b42e4d8934888a1ea57620d4f38,13.104648550507164,3.0645666122436523,0.9484753682674874
p232_156.wav,GTCRN,32909,4e5b77dd974ed6665f05f18b21e85113b1e677da1c3724527b4e1bc462541246,3a99ea499d333c80c657cefef7d6eb437f0c0b42e4d8934888a1ea57620d4f38,20.653118634133023,3.5108256340026855,0.9390172391114647
p232_158.wav,Noisy,42913,eb33effd0812f399bf3a940bdfd269713162c58b5ff21c85cacfbed550b6675f,19fb962cf8ef8dfd72ce01cd83e9868c253326e4e86607c1223bac2288660c51,11.581283641290938,1.6690555810928345,0.9620589296567459
p232_158.wav,RNNoise v0.2,42913,eb33effd0812f399bf3a940bdfd269713162c58b5ff21c85cacfbed550b6675f,19fb962cf8ef8dfd72ce01cd83e9868c253326e4e86607c1223bac2288660c51,13.139476043624828,2.4637064933776855,0.9791846741124834
p232_158.wav,GTCRN,42913,eb33effd0812f399bf3a940bdfd269713162c58b5ff21c85cacfbed550b6675f,19fb962cf8ef8dfd72ce01cd83e9868c253326e4e86607c1223bac2288660c51,17.18757899206768,2.5555484294891357,0.9788286376734887
p232_159.wav,Noisy,30008,67a99d618ad52f752a2d3b3fb2c729005660fc17e49504d10fc641a9424f95e3,38bdfb604c020cc99b39febbbd57dccfb5f57023b8b3edd60e17d793751c7ce3,5.636073292788513,1.6528066396713257,0.9746970347713149
p232_159.wav,RNNoise v0.2,30008,67a99d618ad52f752a2d3b3fb2c729005660fc17e49504d10fc641a9424f95e3,38bdfb604c020cc99b39febbbd57dccfb5f57023b8b3edd60e17d793751c7ce3,11.436200562533362,1.8231920003890991,0.9628335623015758
p232_159.wav,GTCRN,30008,67a99d618ad52f752a2d3b3fb2c729005660fc17e49504d10fc641a9424f95e3,38bdfb604c020cc99b39febbbd57dccfb5f57023b8b3edd60e17d793751c7ce3,17.37074939433792,2.623138904571533,0.9799799963380594
p232_160.wav,Noisy,63080,9d8c10cd4894ce5a0254ab9c62e3387fdf800b7c414d3118f7040f3a09ac7827,47d93deeec49b051d265beabc786c0f156dccd1bba83685425061ae9a5443e74,2.3684542738864884,1.0851612091064453,0.8035653352083699
p232_160.wav,RNNoise v0.2,63080,9d8c10cd4894ce5a0254ab9c62e3387fdf800b7c414d3118f7040f3a09ac7827,47d93deeec49b051d265beabc786c0f156dccd1bba83685425061ae9a5443e74,8.210645554766705,1.437542200088501,0.855854877927889
p232_160.wav,GTCRN,63080,9d8c10cd4894ce5a0254ab9c62e3387fdf800b7c414d3118f7040f3a09ac7827,47d93deeec49b051d265beabc786c0f156dccd1bba83685425061ae9a5443e74,11.121355133318593,1.927911639213562,0.8830174346395476
p232_161.wav,Noisy,43550,2e236c7087b61e458c623bd448ee994c9ea7eb930aec81c53285b14086e080d5,f1bf44e3a972cfba083212635ff8d539875cc1c8e7074edb0456e0d50e08f6ae,16.36846668386386,3.393472194671631,0.9883897485597009
p232_161.wav,RNNoise v0.2,43550,2e236c7087b61e458c623bd448ee994c9ea7eb930aec81c53285b14086e080d5,f1bf44e3a972cfba083212635ff8d539875cc1c8e7074edb0456e0d50e08f6ae,15.307879101804785,3.302858352661133,0.9856952486607502
p232_161.wav,GTCRN,43550,2e236c7087b61e458c623bd448ee994c9ea7eb930aec81c53285b14086e080d5,f1bf44e3a972cfba083212635ff8d539875cc1c8e7074edb0456e0d50e08f6ae,26.435991969236877,3.6648290157318115,0.9896268584311648
p232_162.wav,Noisy,25539,8bd6705744bf58b5e9fbc587f87a7c1a51e9268a4b263ced522d5225b1516b65,d1e15b1db621e9aad3ff29719bc72afc468580423ce9d83ae5d88f16a75d7fbf,10.207962638805041,1.4935710430145264,0.949317254071697
p232_162.wav,RNNoise v0.2,25539,8bd6705744bf58b5e9fbc587f87a7c1a51e9268a4b263ced522d5225b1516b65,d1e15b1db621e9aad3ff29719bc72afc468580423ce9d83ae5d88f16a75d7fbf,16.34098290982035,3.2425224781036377,0.9604545247096239
p232_162.wav,GTCRN,25539,8bd6705744bf58b5e9fbc587f87a7c1a51e9268a4b263ced522d5225b1516b65,d1e15b1db621e9aad3ff29719bc72afc468580423ce9d83ae5d88f16a75d7fbf,26.432944997022467,3.739046096801758,0.9572639665862169
p232_163.wav,Noisy,34614,03b0cbc18ece36dcb9b465f83d478c5d298f74f476d3bcbb914663a2a825b81d,6d3a92497dd2c18dd5db263c37ca491b683d12bf7d84dcb88c6bd3b9c859b534,6.012481079282285,2.7840616703033447,0.9470226221848956
p232_163.wav,RNNoise v0.2,34614,03b0cbc18ece36dcb9b465f83d478c5d298f74f476d3bcbb914663a2a825b81d,6d3a92497dd2c18dd5db263c37ca491b683d12bf7d84dcb88c6bd3b9c859b534,13.962700491664517,3.2584660053253174,0.9569112693030475
p232_163.wav,GTCRN,34614,03b0cbc18ece36dcb9b465f83d478c5d298f74f476d3bcbb914663a2a825b81d,6d3a92497dd2c18dd5db263c37ca491b683d12bf7d84dcb88c6bd3b9c859b534,24.592815064413696,3.4768142700195312,0.9574033462371612
p232_164.wav,Noisy,39502,f4c262600cae99f6af568900f407ac3b6db8ec3d0b4fdf829995b2124d598118,3c31dda4a74324e0b8b692e40f4b6839c67221a0adfed40208ff452744e432c2,1.2154054011900417,1.818361520767212,0.9083258162542573
p232_164.wav,RNNoise v0.2,39502,f4c262600cae99f6af568900f407ac3b6db8ec3d0b4fdf829995b2124d598118,3c31dda4a74324e0b8b692e40f4b6839c67221a0adfed40208ff452744e432c2,10.697459443965034,1.9634966850280762,0.8952417016247435
p232_164.wav,GTCRN,39502,f4c262600cae99f6af568900f407ac3b6db8ec3d0b4fdf829995b2124d598118,3c31dda4a74324e0b8b692e40f4b6839c67221a0adfed40208ff452744e432c2,18.556617104586152,2.26881742477417,0.9250608628096774
p232_165.wav,Noisy,27984,07598820dec6a1456ffb72e648b494418b142381e38a8bdfdfb1f257b36f6d09,3439606e30c40fc4c6f2a4943d2eb57cf43c2e44145670e40a12b4a491d7f10d,15.450411307122385,2.3499205112457275,0.9699143116857942
p232_165.wav,RNNoise v0.2,27984,07598820dec6a1456ffb72e648b494418b142381e38a8bdfdfb1f257b36f6d09,3439606e30c40fc4c6f2a4943d2eb57cf43c2e44145670e40a12b4a491d7f10d,14.56222724966465,2.957817792892456,0.9913205145826641
p232_165.wav,GTCRN,27984,07598820dec6a1456ffb72e648b494418b142381e38a8bdfdfb1f257b36f6d09,3439606e30c40fc4c6f2a4943d2eb57cf43c2e44145670e40a12b4a491d7f10d,21.414577938380518,3.2701756954193115,0.9869714857050622
p232_167.wav,Noisy,42927,8b4758efcac29ddfea99f7521cd77ebf61797f0643960d63024befe8ea1cee5d,472f4de2ed10eace536b03eb3ca1eddc995931734d1bface064a0cd52b56ad73,11.317737803113335,2.7580418586730957,0.9946054678868782
p232_167.wav,RNNoise v0.2,42927,8b4758efcac29ddfea99f7521cd77ebf61797f0643960d63024befe8ea1cee5d,472f4de2ed10eace536b03eb3ca1eddc995931734d1bface064a0cd52b56ad73,14.124307389618219,2.912214756011963,0.9929884592075898
p232_167.wav,GTCRN,42927,8b4758efcac29ddfea99f7521cd77ebf61797f0643960d63024befe8ea1cee5d,472f4de2ed10eace536b03eb3ca1eddc995931734d1bface064a0cd52b56ad73,21.87697433351463,3.0903327465057373,0.9956435583835825
p232_169.wav,Noisy,54207,bbeecb5a47af58b9b43db8fb6335c6c08b51a682e71efd804495f4e392f27816,1463861b84eb01ecca8bcad77de6d21e580bf1dd23b2c3ea88163ca814183a1f,6.603197669157273,1.7068880796432495,0.9785084100181733
p232_169.wav,RNNoise v0.2,54207,bbeecb5a47af58b9b43db8fb6335c6c08b51a682e71efd804495f4e392f27816,1463861b84eb01ecca8bcad77de6d21e580bf1dd23b2c3ea88163ca814183a1f,12.749501576206843,2.706418514251709,0.983517320354796
p232_169.wav,GTCRN,54207,bbeecb5a47af58b9b43db8fb6335c6c08b51a682e71efd804495f4e392f27816,1463861b84eb01ecca8bcad77de6d21e580bf1dd23b2c3ea88163ca814183a1f,18.642464482832658,2.99996280670166,0.9854093782891168
p232_170.wav,Noisy,33483,67928375c1f3823c02736c30e83a74c6c42c1a32b4c5a5d6c382e784567aaf3e,e2b632ec2e346ccb4f471355b9cee3437a1ec73b74ffe8ed3135aa0c29e776d8,0.6374029920764734,1.28672456741333,0.7199656474314216
p232_170.wav,RNNoise v0.2,33483,67928375c1f3823c02736c30e83a74c6c42c1a32b4c5a5d6c382e784567aaf3e,e2b632ec2e346ccb4f471355b9cee3437a1ec73b74ffe8ed3135aa0c29e776d8,7.322434557828138,1.608846664428711,0.7307563802454444
p232_170.wav,GTCRN,33483,67928375c1f3823c02736c30e83a74c6c42c1a32b4c5a5d6c382e784567aaf3e,e2b632ec2e346ccb4f471355b9cee3437a1ec73b74ffe8ed3135aa0c29e776d8,10.58726441957875,1.9598112106323242,0.8103924715792723
p232_171.wav,Noisy,32227,0a4bc2eaa26dd9a004456373f2419d0377c622297857e07a3d6621e17d19c4b3,90786b5d37bce7ac8b3857e7ea30efcfe68afd59d7a264e321026d1ab398c7d6,15.769556724689135,2.8051507472991943,0.9666210400823618
p232_171.wav,RNNoise v0.2,32227,0a4bc2eaa26dd9a004456373f2419d0377c622297857e07a3d6621e17d19c4b3,90786b5d37bce7ac8b3857e7ea30efcfe68afd59d7a264e321026d1ab398c7d6,13.513969002675513,3.0010626316070557,0.9670967215045441
p232_171.wav,GTCRN,32227,0a4bc2eaa26dd9a004456373f2419d0377c622297857e07a3d6621e17d19c4b3,90786b5d37bce7ac8b3857e7ea30efcfe68afd59d7a264e321026d1ab398c7d6,23.829204935570033,3.6024279594421387,0.9776347795229775
p232_172.wav,Noisy,32317,a7bdb33c235685cb0f93e405c7360704fa3fd785079f2bcbbf082677b27d0750,8426ee2dc1fa2b354ef638e51658311d509e50eaf4a194f442bf62c1b28624a0,10.871807955088924,3.7775323390960693,0.98032313097337
p232_172.wav,RNNoise v0.2,32317,a7bdb33c235685cb0f93e405c7360704fa3fd785079f2bcbbf082677b27d0750,8426ee2dc1fa2b354ef638e51658311d509e50eaf4a194f442bf62c1b28624a0,14.848142967696097,3.9795162677764893,0.9867652568042383
p232_172.wav,GTCRN,32317,a7bdb33c235685cb0f93e405c7360704fa3fd785079f2bcbbf082677b27d0750,8426ee2dc1fa2b354ef638e51658311d509e50eaf4a194f442bf62c1b28624a0,27.377683758088708,4.141997337341309,0.9869170629303083
p232_173.wav,Noisy,34326,5a91c3c3e29ad0eaddf328d844e1a85976538ea2a9abcd2be0fe7ca28a8d2495,f8e93dc42d0d18737f94369b76bd87e1356befdfc1b1894c32ac93d942ccb1f6,5.95878995294103,2.1223089694976807,0.9133448686035913
p232_173.wav,RNNoise v0.2,34326,5a91c3c3e29ad0eaddf328d844e1a85976538ea2a9abcd2be0fe7ca28a8d2495,f8e93dc42d0d18737f94369b76bd87e1356befdfc1b1894c32ac93d942ccb1f6,12.092298809462035,2.3722238540649414,0.9206840055493376
p232_173.wav,GTCRN,34326,5a91c3c3e29ad0eaddf328d844e1a85976538ea2a9abcd2be0fe7ca28a8d2495,f8e93dc42d0d18737f94369b76bd87e1356befdfc1b1894c32ac93d942ccb1f6,20.45994502058798,3.01637864112854,0.9593384141176579
p232_174.wav,Noisy,34475,cb95631e5edf2ca8b6102c351fbd88462ebe4fea3176b3d707ca02a7916bd266,e257651b566fb1b60944cd2472e83739f21a68297b733f8cb8c9660b4ccfff42,0.9516356739328259,1.5639262199401855,0.8859186014543565
p232_174.wav,RNNoise v0.2,34475,cb95631e5edf2ca8b6102c351fbd88462ebe4fea3176b3d707ca02a7916bd266,e257651b566fb1b60944cd2472e83739f21a68297b733f8cb8c9660b4ccfff42,8.88832780589554,1.7468314170837402,0.8888520351331552
p232_174.wav,GTCRN,34475,cb95631e5edf2ca8b6102c351fbd88462ebe4fea3176b3d707ca02a7916bd266,e257651b566fb1b60944cd2472e83739f21a68297b733f8cb8c9660b4ccfff42,17.038828289813498,2.0801029205322266,0.9140546575797907
p232_175.wav,Noisy,50016,5dbc1900f838b3cca19ff8fd87453be70f3b24fa2aa765b5034b5c530ed57594,4738ad382f27b4052a22b0f44357d65795b660fffb79106d854ad3baf4f8465f,16.545990024241163,2.373070001602173,0.990315265306308
p232_175.wav,RNNoise v0.2,50016,5dbc1900f838b3cca19ff8fd87453be70f3b24fa2aa765b5034b5c530ed57594,4738ad382f27b4052a22b0f44357d65795b660fffb79106d854ad3baf4f8465f,15.290778223183656,2.9078526496887207,0.9939024585875672
p232_175.wav,GTCRN,50016,5dbc1900f838b3cca19ff8fd87453be70f3b24fa2aa765b5034b5c530ed57594,4738ad382f27b4052a22b0f44357d65795b660fffb79106d854ad3baf4f8465f,22.75515659366842,3.2767083644866943,0.9951961375150693
p232_176.wav,Noisy,44324,21a01551550049aed1b39bee531a68aa041d0713899508eb156aed2ba60843d2,99092ba79786ef160d88a5a68703d1571f739df3ce6fe318eae48d75eb6bce53,11.467117970168664,1.4618511199951172,0.9243112357949635
p232_176.wav,RNNoise v0.2,44324,21a01551550049aed1b39bee531a68aa041d0713899508eb156aed2ba60843d2,99092ba79786ef160d88a5a68703d1571f739df3ce6fe318eae48d75eb6bce53,12.340988661927152,1.9278807640075684,0.9192571933991924
p232_176.wav,GTCRN,44324,21a01551550049aed1b39bee531a68aa041d0713899508eb156aed2ba60843d2,99092ba79786ef160d88a5a68703d1571f739df3ce6fe318eae48d75eb6bce53,16.083126604960484,2.3048129081726074,0.9449147984922803
p232_177.wav,Noisy,35522,31a37f7cc6cb1353148d794ca3ec9e3f63bab82f331523667ff3c5dee5e5b4e5,3a532b999d9e9d9a87b7f5bf8fcddda1419d9812a8bb8a41e81b9036400aeb01,5.4373916811161465,1.336063027381897,0.7924841639989543
p232_177.wav,RNNoise v0.2,35522,31a37f7cc6cb1353148d794ca3ec9e3f63bab82f331523667ff3c5dee5e5b4e5,3a532b999d9e9d9a87b7f5bf8fcddda1419d9812a8bb8a41e81b9036400aeb01,10.365932634964278,1.7008136510849,0.8473573647476923
p232_177.wav,GTCRN,35522,31a37f7cc6cb1353148d794ca3ec9e3f63bab82f331523667ff3c5dee5e5b4e5,3a532b999d9e9d9a87b7f5bf8fcddda1419d9812a8bb8a41e81b9036400aeb01,13.581823113397204,1.5654655694961548,0.8310110122561953
p232_178.wav,Noisy,32137,8e82f380e8b3eee9ee73a4e3b005a2e56cc6819235680b50ec42750e03943f75,d07d3a412747a4b743e25d860c81361b6335839a753b145a077bf510e9cba76b,0.8910582849558045,1.2461344003677368,0.7849640220758682
p232_178.wav,RNNoise v0.2,32137,8e82f380e8b3eee9ee73a4e3b005a2e56cc6819235680b50ec42750e03943f75,d07d3a412747a4b743e25d860c81361b6335839a753b145a077bf510e9cba76b,9.073044688892706,1.8454216718673706,0.8409957030812077
p232_178.wav,GTCRN,32137,8e82f380e8b3eee9ee73a4e3b005a2e56cc6819235680b50ec42750e03943f75,d07d3a412747a4b743e25d860c81361b6335839a753b145a077bf510e9cba76b,13.002204399845558,1.8813968896865845,0.894512592662311
p232_179.wav,Noisy,55058,1800b7cca38d0e4b7e037355938fc1834a4e6e3a54b75ab309a1f3c14a6a8020,f4d235dce2566aa5b2ab2e9d4258e6306b54961e3efafab3477cbe8c1bdcb52f,16.64360412992774,2.0271284580230713,0.9702622223635331
p232_179.wav,RNNoise v0.2,55058,1800b7cca38d0e4b7e037355938fc1834a4e6e3a54b75ab309a1f3c14a6a8020,f4d235dce2566aa5b2ab2e9d4258e6306b54961e3efafab3477cbe8c1bdcb52f,14.455026531053054,2.4381802082061768,0.9673193500267756
p232_179.wav,GTCRN,55058,1800b7cca38d0e4b7e037355938fc1834a4e6e3a54b75ab309a1f3c14a6a8020,f4d235dce2566aa5b2ab2e9d4258e6306b54961e3efafab3477cbe8c1bdcb52f,22.795933371370584,3.1270065307617188,0.979837695231285
p232_180.wav,Noisy,51993,fc5bc45f9d7cfb9dd4d431d643b1d4d5d899cb31207f6ae2aadb0ef2ee25de3a,9466b7f0e1f121b4b9779a1c77ff0e01471434aaea4f3d986b3ebacc92cfa476,11.490251367647959,2.0824804306030273,0.972243119264611
p232_180.wav,RNNoise v0.2,51993,fc5bc45f9d7cfb9dd4d431d643b1d4d5d899cb31207f6ae2aadb0ef2ee25de3a,9466b7f0e1f121b4b9779a1c77ff0e01471434aaea4f3d986b3ebacc92cfa476,13.121199026014077,2.7627205848693848,0.9777582411084501
p232_180.wav,GTCRN,51993,fc5bc45f9d7cfb9dd4d431d643b1d4d5d899cb31207f6ae2aadb0ef2ee25de3a,9466b7f0e1f121b4b9779a1c77ff0e01471434aaea4f3d986b3ebacc92cfa476,17.68142352628463,3.3636302947998047,0.9808596439463219
p232_181.wav,Noisy,29193,e3ba8b1d3a297358646d933b055286f726b72b86f33a857be94c1ee7fd3346ec,f6e9df6aab068d7aefaee83480ad26ceb82f4c400028c8b0bcfbb1bcc8d1ff50,5.741361428731223,1.7405173778533936,0.9755596241828721
p232_181.wav,RNNoise v0.2,29193,e3ba8b1d3a297358646d933b055286f726b72b86f33a857be94c1ee7fd3346ec,f6e9df6aab068d7aefaee83480ad26ceb82f4c400028c8b0bcfbb1bcc8d1ff50,11.977477498380157,2.6637678146362305,0.9847109294015611
p232_181.wav,GTCRN,29193,e3ba8b1d3a297358646d933b055286f726b72b86f33a857be94c1ee7fd3346ec,f6e9df6aab068d7aefaee83480ad26ceb82f4c400028c8b0bcfbb1bcc8d1ff50,15.930416550100176,2.917236328125,0.9856866164918807
p232_182.wav,Noisy,40193,6d47efff0ef590525b12795e91d5b183690daa8e10c439994157a8e84e3f2677,c12fe8d7ef4758f1b0852f7f0ceb924bba9cac8773895688f896d4e0227146f5,1.345149251511721,1.294597864151001,0.9171925000200192
p232_182.wav,RNNoise v0.2,40193,6d47efff0ef590525b12795e91d5b183690daa8e10c439994157a8e84e3f2677,c12fe8d7ef4758f1b0852f7f0ceb924bba9cac8773895688f896d4e0227146f5,7.313379817248067,1.680527687072754,0.9381396062784857
p232_182.wav,GTCRN,40193,6d47efff0ef590525b12795e91d5b183690daa8e10c439994157a8e84e3f2677,c12fe8d7ef4758f1b0852f7f0ceb924bba9cac8773895688f896d4e0227146f5,8.96672102109347,1.7136104106903076,0.9415289750866249
p232_183.wav,Noisy,34464,4ac8a04fe667307a92bdf34ecfc21d134572c33794278904d8522fc77fc971c0,6f1484f7a484571b3a35f8db6e3cc0628c67ecc3efa6da7cc512dfe4efd80322,14.926190217275565,3.0477452278137207,0.9662397016273576
p232_183.wav,RNNoise v0.2,34464,4ac8a04fe667307a92bdf34ecfc21d134572c33794278904d8522fc77fc971c0,6f1484f7a484571b3a35f8db6e3cc0628c67ecc3efa6da7cc512dfe4efd80322,14.823889560643105,3.5895094871520996,0.9529826351160954
p232_183.wav,GTCRN,34464,4ac8a04fe667307a92bdf34ecfc21d134572c33794278904d8522fc77fc971c0,6f1484f7a484571b3a35f8db6e3cc0628c67ecc3efa6da7cc512dfe4efd80322,26.071668300455947,3.9025673866271973,0.9772134786283942
p232_184.wav,Noisy,34149,9814a1b4c0efeb7a74ce7eb1620f18d8bf8f98380f2f650cf2243cb9cc4a430a,67459be71a44c6f7c3672463d7f286497cb6aa15c7fc23d799883e63f1a7d9d1,10.923828078890324,2.6552672386169434,0.9808674239503167
p232_184.wav,RNNoise v0.2,34149,9814a1b4c0efeb7a74ce7eb1620f18d8bf8f98380f2f650cf2243cb9cc4a430a,67459be71a44c6f7c3672463d7f286497cb6aa15c7fc23d799883e63f1a7d9d1,14.776185969958322,2.749453544616699,0.9705919820326403
p232_184.wav,GTCRN,34149,9814a1b4c0efeb7a74ce7eb1620f18d8bf8f98380f2f650cf2243cb9cc4a430a,67459be71a44c6f7c3672463d7f286497cb6aa15c7fc23d799883e63f1a7d9d1,23.200763811960048,3.392817258834839,0.9828091703535518
p232_185.wav,Noisy,45692,2a33e0431aea6ec4ce757011cae77fa40564a0eb99d42384de316b0205bf3e87,7067e9153ca5f7eeb0cc109afc23409d9498fff4872d96a3c5f59372ba5cdcc0,6.338647034570094,2.3557417392730713,0.9959312882978666
p232_185.wav,RNNoise v0.2,45692,2a33e0431aea6ec4ce757011cae77fa40564a0eb99d42384de316b0205bf3e87,7067e9153ca5f7eeb0cc109afc23409d9498fff4872d96a3c5f59372ba5cdcc0,13.717644759550573,2.855426788330078,0.9954206110492445
p232_185.wav,GTCRN,45692,2a33e0431aea6ec4ce757011cae77fa40564a0eb99d42384de316b0205bf3e87,7067e9153ca5f7eeb0cc109afc23409d9498fff4872d96a3c5f59372ba5cdcc0,23.651604046128554,3.194523334503174,0.9973154535062603
p232_186.wav,Noisy,30607,6c5eaf98e06ce3a79d314f2b3db874bfb4c11d04886bfc2a8003c39e34b857ad,41327dd29bc3e3fb8df13ca7fea8eab31965718f38306d60f4a2aaa0ff8abe22,0.20994218942219253,1.3919198513031006,0.8638756475548474
p232_186.wav,RNNoise v0.2,30607,6c5eaf98e06ce3a79d314f2b3db874bfb4c11d04886bfc2a8003c39e34b857ad,41327dd29bc3e3fb8df13ca7fea8eab31965718f38306d60f4a2aaa0ff8abe22,9.386724968336926,1.8739032745361328,0.8888792665100348
p232_186.wav,GTCRN,30607,6c5eaf98e06ce3a79d314f2b3db874bfb4c11d04886bfc2a8003c39e34b857ad,41327dd29bc3e3fb8df13ca7fea8eab31965718f38306d60f4a2aaa0ff8abe22,12.328894560636543,1.9211242198944092,0.9034657191576173
p232_187.wav,Noisy,21994,a541369a1868e72d37a57bc7f12bcdcbec924dbca90bd86bbad00f19053e3ed4,de87fe3e3ffb46e2b2b5ab76246990d20ed87ff62b1efa0391bc469e7a844ef8,14.926778963132588,2.1870572566986084,0.7450929212770634
p232_187.wav,RNNoise v0.2,21994,a541369a1868e72d37a57bc7f12bcdcbec924dbca90bd86bbad00f19053e3ed4,de87fe3e3ffb46e2b2b5ab76246990d20ed87ff62b1efa0391bc469e7a844ef8,13.606783896549635,1.9017661809921265,0.7235789120673347
p232_187.wav,GTCRN,21994,a541369a1868e72d37a57bc7f12bcdcbec924dbca90bd86bbad00f19053e3ed4,de87fe3e3ffb46e2b2b5ab76246990d20ed87ff62b1efa0391bc469e7a844ef8,21.845466399275857,3.094240188598633,0.7634945358639394
p232_188.wav,Noisy,61280,797e8ceecc5060d683a3683023a2afd11129c77a709aeb9ca8f05b9eadb2a743,52017299a16169fedc9e54e5c836e9484af5af01dc4bab67ee47374856406c64,11.24907163160289,2.3809926509857178,0.9160855752427758
p232_188.wav,RNNoise v0.2,61280,797e8ceecc5060d683a3683023a2afd11129c77a709aeb9ca8f05b9eadb2a743,52017299a16169fedc9e54e5c836e9484af5af01dc4bab67ee47374856406c64,13.680155589019424,2.802229881286621,0.9318535438942857
p232_188.wav,GTCRN,61280,797e8ceecc5060d683a3683023a2afd11129c77a709aeb9ca8f05b9eadb2a743,52017299a16169fedc9e54e5c836e9484af5af01dc4bab67ee47374856406c64,20.79546774331353,3.448047161102295,0.9439847588951868
p232_189.wav,Noisy,40852,7b19c7e7efd2313b3017a1bb60d94ca9a0cc5a0751d9c515a42f31f028370b59,743dee789d175de72b90bed55a4c049ae8b747698a79220f973d0c010ecf5c16,6.103383875577141,1.6906554698944092,0.8586899147705112
p232_189.wav,RNNoise v0.2,40852,7b19c7e7efd2313b3017a1bb60d94ca9a0cc5a0751d9c515a42f31f028370b59,743dee789d175de72b90bed55a4c049ae8b747698a79220f973d0c010ecf5c16,9.904453705330427,2.146879196166992,0.8553573527833972
p232_189.wav,GTCRN,40852,7b19c7e7efd2313b3017a1bb60d94ca9a0cc5a0751d9c515a42f31f028370b59,743dee789d175de72b90bed55a4c049ae8b747698a79220f973d0c010ecf5c16,15.189131340502044,2.4618592262268066,0.9108751970312527
p232_190.wav,Noisy,31228,c6f43c7de018cf81efb95031baac62faaf8adcdf4dbd945ece9e1d376f64933e,52cb14ed18ba8d746152e0d3942041df6ea6b7e5a1dab374f22672d0adf8ee44,0.7154610358958882,1.48301362991333,0.9693325807182628
p232_190.wav,RNNoise v0.2,31228,c6f43c7de018cf81efb95031baac62faaf8adcdf4dbd945ece9e1d376f64933e,52cb14ed18ba8d746152e0d3942041df6ea6b7e5a1dab374f22672d0adf8ee44,9.284321208129972,2.301259756088257,0.9742601555932238
p232_190.wav,GTCRN,31228,c6f43c7de018cf81efb95031baac62faaf8adcdf4dbd945ece9e1d376f64933e,52cb14ed18ba8d746152e0d3942041df6ea6b7e5a1dab374f22672d0adf8ee44,14.364480980847105,2.4670486450195312,0.9795791300464055
p232_191.wav,Noisy,30651,e43c75167de124f8128e3f79da018ee6bf866d8a033f9ce8a9e421b59a5ce70f,ed72e6df4468a05020744bc219d6c766ad4b8876e174b8a998c7f04d4f4154ae,15.602333627726399,3.1877827644348145,0.9593129330937976
p232_191.wav,RNNoise v0.2,30651,e43c75167de124f8128e3f79da018ee6bf866d8a033f9ce8a9e421b59a5ce70f,ed72e6df4468a05020744bc219d6c766ad4b8876e174b8a998c7f04d4f4154ae,14.441573148706082,3.5107553005218506,0.959255134351774
p232_191.wav,GTCRN,30651,e43c75167de124f8128e3f79da018ee6bf866d8a033f9ce8a9e421b59a5ce70f,ed72e6df4468a05020744bc219d6c766ad4b8876e174b8a998c7f04d4f4154ae,25.821646013130906,3.5736987590789795,0.951155190600916
p232_193.wav,Noisy,38684,3bcd413f9f6dd9a079bed04b572a7e45ec3a58456d51f9fb7fdcfce11641362c,0b85af4ee4fab69c9033d69cd5004749abcd84c77f36326d470a8e5d3246628e,10.990512029622934,2.3933229446411133,0.9649336237206056
p232_193.wav,RNNoise v0.2,38684,3bcd413f9f6dd9a079bed04b572a7e45ec3a58456d51f9fb7fdcfce11641362c,0b85af4ee4fab69c9033d69cd5004749abcd84c77f36326d470a8e5d3246628e,13.244301855946334,2.5442376136779785,0.9672880175801215
p232_193.wav,GTCRN,38684,3bcd413f9f6dd9a079bed04b572a7e45ec3a58456d51f9fb7fdcfce11641362c,0b85af4ee4fab69c9033d69cd5004749abcd84c77f36326d470a8e5d3246628e,24.23662857878627,3.221672296524048,0.98188730441627
p232_194.wav,Noisy,54896,b9bf9dc98d8bc3a54b5dd193fe8c03d3666d194dd789751b75871657c0de47aa,6545828c12b1fdf0212e07affa18a603d320beff1676c4b95a22a33d68a8977c,6.647023387397921,2.1189098358154297,0.9747778963202667
p232_194.wav,RNNoise v0.2,54896,b9bf9dc98d8bc3a54b5dd193fe8c03d3666d194dd789751b75871657c0de47aa,6545828c12b1fdf0212e07affa18a603d320beff1676c4b95a22a33d68a8977c,10.634518651827445,2.7617759704589844,0.9796758108441811
p232_194.wav,GTCRN,54896,b9bf9dc98d8bc3a54b5dd193fe8c03d3666d194dd789751b75871657c0de47aa,6545828c12b1fdf0212e07affa18a603d320beff1676c4b95a22a33d68a8977c,19.919424614013156,3.2180392742156982,0.9853679453345249
p232_195.wav,Noisy,37551,f07d4aab622c13dce85669d5517ba6c0b4b1f424bbc92fbd8d21866972c9ad68,3a79350ebfc11d44b0e4cb544aae0a677e3a36200fa85569cb8d6e2ea8cbdb46,1.0471506213976158,2.6444404125213623,0.9559275715390475
p232_195.wav,RNNoise v0.2,37551,f07d4aab622c13dce85669d5517ba6c0b4b1f424bbc92fbd8d21866972c9ad68,3a79350ebfc11d44b0e4cb544aae0a677e3a36200fa85569cb8d6e2ea8cbdb46,10.515995945341185,2.5591440200805664,0.9253550057179498
p232_195.wav,GTCRN,37551,f07d4aab622c13dce85669d5517ba6c0b4b1f424bbc92fbd8d21866972c9ad68,3a79350ebfc11d44b0e4cb544aae0a677e3a36200fa85569cb8d6e2ea8cbdb46,22.550658745187437,3.450819730758667,0.9624146523288867
p232_196.wav,Noisy,35680,2d48733c59657d59f994c9c29f5b41813464fd54c8409c6a4fa7705ec5e96ca4,89eee12b30a07979d5ece412dc00a8c1502e7417e169beb3eb6114fa67c5cba6,15.189414042771528,2.298841714859009,0.9847695913370412
p232_196.wav,RNNoise v0.2,35680,2d48733c59657d59f994c9c29f5b41813464fd54c8409c6a4fa7705ec5e96ca4,89eee12b30a07979d5ece412dc00a8c1502e7417e169beb3eb6114fa67c5cba6,14.522885208478462,2.7723288536071777,0.9870665210394253
p232_196.wav,GTCRN,35680,2d48733c59657d59f994c9c29f5b41813464fd54c8409c6a4fa7705ec5e96ca4,89eee12b30a07979d5ece412dc00a8c1502e7417e169beb3eb6114fa67c5cba6,24.479052227703573,3.238496780395508,0.99152375226691
p232_197.wav,Noisy,60514,f3fee590a7827efffec5c9be193ff7d4db005b53fc0b8284788829624c050263,cc28420c7fa2e1912555847540d1386f8409d080deece8b563c3265f09ce73f3,11.383754963675141,2.2228827476501465,0.9659446700232726
p232_197.wav,RNNoise v0.2,60514,f3fee590a7827efffec5c9be193ff7d4db005b53fc0b8284788829624c050263,cc28420c7fa2e1912555847540d1386f8409d080deece8b563c3265f09ce73f3,13.78811292048634,2.7421982288360596,0.9844497665985436
p232_197.wav,GTCRN,60514,f3fee590a7827efffec5c9be193ff7d4db005b53fc0b8284788829624c050263,cc28420c7fa2e1912555847540d1386f8409d080deece8b563c3265f09ce73f3,21.64437741256534,3.344339609146118,0.9855289461565462
p232_198.wav,Noisy,37310,0894d7dd4c086e2be620bf6727a72c40085778054ecbbf5c7c9da4a4ebca3e20,5432a6f846324bd9e8060019cc178d2a9089dbafd5f3ad7d0751c139e34c9034,5.572105855475879,1.4406685829162598,0.9571168065686002
p232_198.wav,RNNoise v0.2,37310,0894d7dd4c086e2be620bf6727a72c40085778054ecbbf5c7c9da4a4ebca3e20,5432a6f846324bd9e8060019cc178d2a9089dbafd5f3ad7d0751c139e34c9034,11.652178223209734,1.6671135425567627,0.9694253869192268
p232_198.wav,GTCRN,37310,0894d7dd4c086e2be620bf6727a72c40085778054ecbbf5c7c9da4a4ebca3e20,5432a6f846324bd9e8060019cc178d2a9089dbafd5f3ad7d0751c139e34c9034,15.804636980520376,2.2065353393554688,0.9696165578832981
p232_199.wav,Noisy,38375,35e665bc9763bdcd4ce048c948fb711ba0c59b46c928a63322086c297e01f4e8,9702fa99a65bc5aa2b04fa0adf4df9baca33bfe8835c4aa2d62c594a90496638,1.2035044471417549,1.1693642139434814,0.848182904422124
p232_199.wav,RNNoise v0.2,38375,35e665bc9763bdcd4ce048c948fb711ba0c59b46c928a63322086c297e01f4e8,9702fa99a65bc5aa2b04fa0adf4df9baca33bfe8835c4aa2d62c594a90496638,8.516009403826295,1.511331558227539,0.9220082365117478
p232_199.wav,GTCRN,38375,35e665bc9763bdcd4ce048c948fb711ba0c59b46c928a63322086c297e01f4e8,9702fa99a65bc5aa2b04fa0adf4df9baca33bfe8835c4aa2d62c594a90496638,11.765617202401124,1.916489601135254,0.9219053534460672
p232_200.wav,Noisy,56160,453e78a702ea71ef23b41300fd926d6d990487b4b91808390550e800dd300ec2,2340b6ad3828282167f65b3d750184f23f371c9d20025f36aac0f87836307884,16.36504669277266,2.520350456237793,0.9846318193720918
p232_200.wav,RNNoise v0.2,56160,453e78a702ea71ef23b41300fd926d6d990487b4b91808390550e800dd300ec2,2340b6ad3828282167f65b3d750184f23f371c9d20025f36aac0f87836307884,15.02660065489329,3.3485665321350098,0.9927967371640516
p232_200.wav,GTCRN,56160,453e78a702ea71ef23b41300fd926d6d990487b4b91808390550e800dd300ec2,2340b6ad3828282167f65b3d750184f23f371c9d20025f36aac0f87836307884,24.116549102406573,3.5124595165252686,0.9925265449197095
p232_201.wav,Noisy,43231,5af07881e9b4b5b323beecb54c986f4c5f09f516f186cd87b618f1a1957cad86,365780ce3aa7d05b79f67461172045d39390924c494c5e7b0cf6af7c1b36c177,11.420100141552245,2.2069990634918213,0.9875141333752624
p232_201.wav,RNNoise v0.2,43231,5af07881e9b4b5b323beecb54c986f4c5f09f516f186cd87b618f1a1957cad86,365780ce3aa7d05b79f67461172045d39390924c494c5e7b0cf6af7c1b36c177,13.873424953828046,2.7980594635009766,0.985766194950269
p232_201.wav,GTCRN,43231,5af07881e9b4b5b323beecb54c986f4c5f09f516f186cd87b618f1a1957cad86,365780ce3aa7d05b79f67461172045d39390924c494c5e7b0cf6af7c1b36c177,19.70606867258678,3.3177778720855713,0.9915455820737786
p232_202.wav,Noisy,48402,0e6c2d55360c8aee724be7b9c0b3d4a53a8b15ce0f165a5d183e2bd17109b010,8d3c3dcbca46df8ec3a59eb08cb4aff7d5a361a05a2b4fcf79ecfd1c9b8c57ce,7.014176546780922,1.5510005950927734,0.9042985220654597
p232_202.wav,RNNoise v0.2,48402,0e6c2d55360c8aee724be7b9c0b3d4a53a8b15ce0f165a5d183e2bd17109b010,8d3c3dcbca46df8ec3a59eb08cb4aff7d5a361a05a2b4fcf79ecfd1c9b8c57ce,12.412874767845551,2.046135902404785,0.9376038647996037
p232_202.wav,GTCRN,48402,0e6c2d55360c8aee724be7b9c0b3d4a53a8b15ce0f165a5d183e2bd17109b010,8d3c3dcbca46df8ec3a59eb08cb4aff7d5a361a05a2b4fcf79ecfd1c9b8c57ce,17.881420275102336,2.2191121578216553,0.9425483340491471
p232_203.wav,Noisy,32211,87dca9590a443b670abcab6edde7e563e64de6cea777307dd33f77156e5f997b,b7b677706840a144b5c4c6831af52c0b76831e9264b84e75a5e2105ebba12b87,1.5823941975660678,1.109392762184143,0.8434107078734758
p232_203.wav,RNNoise v0.2,32211,87dca9590a443b670abcab6edde7e563e64de6cea777307dd33f77156e5f997b,b7b677706840a144b5c4c6831af52c0b76831e9264b84e75a5e2105ebba12b87,8.471954118296242,1.505868673324585,0.9016304770100079
p232_203.wav,GTCRN,32211,87dca9590a443b670abcab6edde7e563e64de6cea777307dd33f77156e5f997b,b7b677706840a144b5c4c6831af52c0b76831e9264b84e75a5e2105ebba12b87,9.859943110859856,1.6408734321594238,0.896750322860238
p232_204.wav,Noisy,54501,1fd9e79d1a4edf3aace2a7c9bc3394ed32b4b69972e44ac9e64d1de65890b2d4,ec5d46211fa8e49957e16f26159eb51b3ed945ef1c246dfaaf5777850e03da01,16.53833137123978,3.6987388134002686,0.9996653519989935
p232_204.wav,RNNoise v0.2,54501,1fd9e79d1a4edf3aace2a7c9bc3394ed32b4b69972e44ac9e64d1de65890b2d4,ec5d46211fa8e49957e16f26159eb51b3ed945ef1c246dfaaf5777850e03da01,17.194409480095754,3.9119443893432617,0.9988536161654744
p232_204.wav,GTCRN,54501,1fd9e79d1a4edf3aace2a7c9bc3394ed32b4b69972e44ac9e64d1de65890b2d4,ec5d46211fa8e49957e16f26159eb51b3ed945ef1c246dfaaf5777850e03da01,27.98967340701188,4.097682952880859,0.9994987561508093
p232_205.wav,Noisy,29445,639c4646eec306b4fb876a1fc86f983576bc74adbac70aab1cecc61b6ec076b3,7bba14fc28091165c532a0ebd4a0790091beab2da6eef4bd2c46f48e6387952c,10.6015142817999,3.6593806743621826,0.9765723010852875
p232_205.wav,RNNoise v0.2,29445,639c4646eec306b4fb876a1fc86f983576bc74adbac70aab1cecc61b6ec076b3,7bba14fc28091165c532a0ebd4a0790091beab2da6eef4bd2c46f48e6387952c,15.064398570240702,3.3727164268493652,0.9766732614348059
p232_205.wav,GTCRN,29445,639c4646eec306b4fb876a1fc86f983576bc74adbac70aab1cecc61b6ec076b3,7bba14fc28091165c532a0ebd4a0790091beab2da6eef4bd2c46f48e6387952c,25.61583021252513,4.1328582763671875,0.9863838355454405
p232_206.wav,Noisy,43287,8707a84ea0784f2c2d502509e02b6851335c0ade127c5317fe063c5547e7d90c,c9ca69d2facd1b467d60547d76d8650545ea58af9f79ad634f3232af30937a2a,6.332133357578861,2.65179705619812,0.957287217971207
p232_206.wav,RNNoise v0.2,43287,8707a84ea0784f2c2d502509e02b6851335c0ade127c5317fe063c5547e7d90c,c9ca69d2facd1b467d60547d76d8650545ea58af9f79ad634f3232af30937a2a,13.718544945112514,3.0387184619903564,0.9503274741480231
p232_206.wav,GTCRN,43287,8707a84ea0784f2c2d502509e02b6851335c0ade127c5317fe063c5547e7d90c,c9ca69d2facd1b467d60547d76d8650545ea58af9f79ad634f3232af30937a2a,23.633470613213966,3.5767018795013428,0.9669308267686955
p232_207.wav,Noisy,25365,84606bc62633c25a08a6d381de36854e853f202b2d23569bad2a1dde74015fea,b1c9fa1c35a4cea349d8968cfd86ebf48e24a3aa7c92111cbf6764893545cb3a,0.29402010070728785,1.71712064743042,0.8738703745318129
p232_207.wav,RNNoise v0.2,25365,84606bc62633c25a08a6d381de36854e853f202b2d23569bad2a1dde74015fea,b1c9fa1c35a4cea349d8968cfd86ebf48e24a3aa7c92111cbf6764893545cb3a,10.7780461146916,1.995255470275879,0.8122936176022885
p232_207.wav,GTCRN,25365,84606bc62633c25a08a6d381de36854e853f202b2d23569bad2a1dde74015fea,b1c9fa1c35a4cea349d8968cfd86ebf48e24a3aa7c92111cbf6764893545cb3a,20.628580755366418,2.1976728439331055,0.8775871048770407
p232_208.wav,Noisy,21586,9290a9bc6c1e3d015b6311a14e0b3474cf34ab2943a2abbd300d4f6c01752dc5,6d46f471a80eee65a47a51ed6196cfcd1e663066490bb89bb06b9d1782c8b25e,14.656495584379714,2.8828299045562744,0.7746254546884931
p232_208.wav,RNNoise v0.2,21586,9290a9bc6c1e3d015b6311a14e0b3474cf34ab2943a2abbd300d4f6c01752dc5,6d46f471a80eee65a47a51ed6196cfcd1e663066490bb89bb06b9d1782c8b25e,15.301631012900996,2.455601215362549,0.7028747865403568
p232_208.wav,GTCRN,21586,9290a9bc6c1e3d015b6311a14e0b3474cf34ab2943a2abbd300d4f6c01752dc5,6d46f471a80eee65a47a51ed6196cfcd1e663066490bb89bb06b9d1782c8b25e,22.6280479248781,3.70589280128479,0.8721334436726897
p232_209.wav,Noisy,22990,d0c856a4d4bc9cc65fd5178a2e99205fc6a8de661bdbda0fed9f915c67fa121e,2607c14d9a79d788f23f87964240e1784af0937d51600140a41c3698bf245fb2,9.97258754437956,2.453723907470703,0.81141968477262
p232_209.wav,RNNoise v0.2,22990,d0c856a4d4bc9cc65fd5178a2e99205fc6a8de661bdbda0fed9f915c67fa121e,2607c14d9a79d788f23f87964240e1784af0937d51600140a41c3698bf245fb2,12.926122346316344,2.602379322052002,0.7933565380972859
p232_209.wav,GTCRN,22990,d0c856a4d4bc9cc65fd5178a2e99205fc6a8de661bdbda0fed9f915c67fa121e,2607c14d9a79d788f23f87964240e1784af0937d51600140a41c3698bf245fb2,21.082800154504305,2.9155049324035645,0.8574109675925488
p232_210.wav,Noisy,24460,09f33c5f7e1ef2b68e8c24c72e5bb766856fc66cce87cc42ba3f37e93c3958b7,c2c580788a91a638c4d2ee87f4a277605db365b16b8e0120941ee0dcdcb0df1f,5.185914591065879,2.0051586627960205,0.9695615655532299
p232_210.wav,RNNoise v0.2,24460,09f33c5f7e1ef2b68e8c24c72e5bb766856fc66cce87cc42ba3f37e93c3958b7,c2c580788a91a638c4d2ee87f4a277605db365b16b8e0120941ee0dcdcb0df1f,12.290754243735813,2.0221238136291504,0.967807390940138
p232_210.wav,GTCRN,24460,09f33c5f7e1ef2b68e8c24c72e5bb766856fc66cce87cc42ba3f37e93c3958b7,c2c580788a91a638c4d2ee87f4a277605db365b16b8e0120941ee0dcdcb0df1f,17.210540089828218,2.408485174179077,0.9730291497944091
p232_211.wav,Noisy,22503,60d890152c2dced1249d025684981d4bd5e6c7c3b4ac110e5bb095da0d87fbfd,c9df2cc8393a65b2409563456c2681a029a0859060ff06e2e2e498c07057cfa2,-0.5527785784423314,1.2170226573944092,0.7829338971711091
p232_211.wav,RNNoise v0.2,22503,60d890152c2dced1249d025684981d4bd5e6c7c3b4ac110e5bb095da0d87fbfd,c9df2cc8393a65b2409563456c2681a029a0859060ff06e2e2e498c07057cfa2,8.784510650413814,1.6220827102661133,0.8226686732715836
p232_211.wav,GTCRN,22503,60d890152c2dced1249d025684981d4bd5e6c7c3b4ac110e5bb095da0d87fbfd,c9df2cc8393a65b2409563456c2681a029a0859060ff06e2e2e498c07057cfa2,16.204117955390494,2.0275988578796387,0.8740761180796742
p232_213.wav,Noisy,37970,6ca0772eb24ffa0332869d0f82eeb30c4e8f270344e7aa20a29fc23f90a844d5,6c8fe1cf95918c2f2a0c4151b7ab479403cabf789e1704346f2096bd79f10c92,14.874135350417273,3.359745979309082,0.9633924732736736
p232_213.wav,RNNoise v0.2,37970,6ca0772eb24ffa0332869d0f82eeb30c4e8f270344e7aa20a29fc23f90a844d5,6c8fe1cf95918c2f2a0c4151b7ab479403cabf789e1704346f2096bd79f10c92,15.545793934010456,3.6538655757904053,0.9497512856174891
p232_213.wav,GTCRN,37970,6ca0772eb24ffa0332869d0f82eeb30c4e8f270344e7aa20a29fc23f90a844d5,6c8fe1cf95918c2f2a0c4151b7ab479403cabf789e1704346f2096bd79f10c92,25.058655449335756,3.7949724197387695,0.963042762494174
p232_214.wav,Noisy,30900,1399c6178aad8064961a84c1cf70f9e44fa6fec1bad01cab1b0145f5d3be32f9,e987885715ed9435b71018c82be13eb7b8e0e0c861ea7b17424669a0425c8e8a,10.651236213686472,2.580387830734253,0.9915935527450419
p232_214.wav,RNNoise v0.2,30900,1399c6178aad8064961a84c1cf70f9e44fa6fec1bad01cab1b0145f5d3be32f9,e987885715ed9435b71018c82be13eb7b8e0e0c861ea7b17424669a0425c8e8a,13.209591825911017,3.330367088317871,0.994564924459227
p232_214.wav,GTCRN,30900,1399c6178aad8064961a84c1cf70f9e44fa6fec1bad01cab1b0145f5d3be32f9,e987885715ed9435b71018c82be13eb7b8e0e0c861ea7b17424669a0425c8e8a,18.833348244172782,2.593163251876831,0.9947200697515479
p232_215.wav,Noisy,36518,fbffc01aa607f13b3e83416b69a9758f89435d76418c6f2f6ae4eca3d1f0c491,f9db1c42b24dc1e10fd7fd6e5f49d0779cc005afee9314539641ffbf976ab6a3,5.679441750552212,2.5722527503967285,0.9954912186986136
p232_215.wav,RNNoise v0.2,36518,fbffc01aa607f13b3e83416b69a9758f89435d76418c6f2f6ae4eca3d1f0c491,f9db1c42b24dc1e10fd7fd6e5f49d0779cc005afee9314539641ffbf976ab6a3,15.399400795020952,3.13962459564209,0.9964340035237409
p232_215.wav,GTCRN,36518,fbffc01aa607f13b3e83416b69a9758f89435d76418c6f2f6ae4eca3d1f0c491,f9db1c42b24dc1e10fd7fd6e5f49d0779cc005afee9314539641ffbf976ab6a3,25.714896887122162,3.360748767852783,0.9970495117688226
p232_216.wav,Noisy,48017,cf9ec7804990d5fe76d5101075a100347446bd9cb22143cc4c67b4864b9f73f7,20fd117c0de9b2159a9e45b3ceb797f8a7e56387bb36e413bfa5e199e9783cab,1.4284896292544045,1.7078633308410645,0.9712481151703107
p232_216.wav,RNNoise v0.2,48017,cf9ec7804990d5fe76d5101075a100347446bd9cb22143cc4c67b4864b9f73f7,20fd117c0de9b2159a9e45b3ceb797f8a7e56387bb36e413bfa5e199e9783cab,10.57089558380946,2.488792896270752,0.9811485240347084
p232_216.wav,GTCRN,48017,cf9ec7804990d5fe76d5101075a100347446bd9cb22143cc4c67b4864b9f73f7,20fd117c0de9b2159a9e45b3ceb797f8a7e56387bb36e413bfa5e199e9783cab,18.06155284211374,3.1273982524871826,0.9886799868494232
p232_217.wav,Noisy,24618,fd60876722dbf641e4c272e254563bb0c3e6e2d11f1e11fae2cb930143412ee5,7e61053a8a9de4dfffeb44baabb91f99ff1671b9bc78ee278d24d75d07c72607,15.138877831035575,2.683985471725464,0.890374495100589
p232_217.wav,RNNoise v0.2,24618,fd60876722dbf641e4c272e254563bb0c3e6e2d11f1e11fae2cb930143412ee5,7e61053a8a9de4dfffeb44baabb91f99ff1671b9bc78ee278d24d75d07c72607,14.627904839037488,3.2285826206207275,0.8748496823516523
p232_217.wav,GTCRN,24618,fd60876722dbf641e4c272e254563bb0c3e6e2d11f1e11fae2cb930143412ee5,7e61053a8a9de4dfffeb44baabb91f99ff1671b9bc78ee278d24d75d07c72607,23.3853947924499,3.185027837753296,0.9122725091876202
p232_218.wav,Noisy,34212,5010096583a39d89aef26bd8da9b1f0be7c60a81617cdaeeae732dfceb15328f,60af5f289750ad103fe86333ce59d54bd220330a0afbdcacfaf4df7f805618e2,10.888059938217921,1.885593056678772,0.921070400952081
p232_218.wav,RNNoise v0.2,34212,5010096583a39d89aef26bd8da9b1f0be7c60a81617cdaeeae732dfceb15328f,60af5f289750ad103fe86333ce59d54bd220330a0afbdcacfaf4df7f805618e2,13.414884213763973,2.5611162185668945,0.9321378141837001
p232_218.wav,GTCRN,34212,5010096583a39d89aef26bd8da9b1f0be7c60a81617cdaeeae732dfceb15328f,60af5f289750ad103fe86333ce59d54bd220330a0afbdcacfaf4df7f805618e2,20.877369215372013,2.9692301750183105,0.9504007253928007
p232_219.wav,Noisy,55323,dbe489ec736c65325d125a4b21cb6d388f95216f8c7765be9cde2d8b38e35927,19c247646e7f09f15e32de792dd9357ca570793c0d56b2b615196ebc9a8905ae,6.619888071867074,1.5028201341629028,0.9201991636094455
p232_219.wav,RNNoise v0.2,55323,dbe489ec736c65325d125a4b21cb6d388f95216f8c7765be9cde2d8b38e35927,19c247646e7f09f15e32de792dd9357ca570793c0d56b2b615196ebc9a8905ae,11.002654467491782,2.562709331512451,0.9605336958259449
p232_219.wav,GTCRN,55323,dbe489ec736c65325d125a4b21cb6d388f95216f8c7765be9cde2d8b38e35927,19c247646e7f09f15e32de792dd9357ca570793c0d56b2b615196ebc9a8905ae,15.325365070244812,2.644277811050415,0.9551185116883267
p232_220.wav,Noisy,58584,1f643a36088f6ab2379596d05d6ed1a5e4ab01455b41a33473e7ffc5b07262ce,3ac22e77b452fa50a79f022bcc680be78e9e0d5fe0e2678c35357356a9f08b77,1.6696779177978416,1.2726435661315918,0.9237661210519358
p232_220.wav,RNNoise v0.2,58584,1f643a36088f6ab2379596d05d6ed1a5e4ab01455b41a33473e7ffc5b07262ce,3ac22e77b452fa50a79f022bcc680be78e9e0d5fe0e2678c35357356a9f08b77,9.004733585155595,1.8292992115020752,0.9300477210353211
p232_220.wav,GTCRN,58584,1f643a36088f6ab2379596d05d6ed1a5e4ab01455b41a33473e7ffc5b07262ce,3ac22e77b452fa50a79f022bcc680be78e9e0d5fe0e2678c35357356a9f08b77,13.159168837823005,2.0749855041503906,0.9429513290545295
p232_221.wav,Noisy,53078,a2fb57c01e9359b6a23cf8e34ed8a8ac5934580a2ed0462c21fd1add853f83e4,fdf4d2546b5f2eb591ea5b717be25a557e4d50e9a631b7eb146beb3835d7fbfd,17.001279139764055,1.91136634349823,0.9893421306883505
p232_221.wav,RNNoise v0.2,53078,a2fb57c01e9359b6a23cf8e34ed8a8ac5934580a2ed0462c21fd1add853f83e4,fdf4d2546b5f2eb591ea5b717be25a557e4d50e9a631b7eb146beb3835d7fbfd,15.023092907460157,2.60400128364563,0.9893989503901275
p232_221.wav,GTCRN,53078,a2fb57c01e9359b6a23cf8e34ed8a8ac5934580a2ed0462c21fd1add853f83e4,fdf4d2546b5f2eb591ea5b717be25a557e4d50e9a631b7eb146beb3835d7fbfd,21.301939880745955,3.1086313724517822,0.9906928500971777
p232_223.wav,Noisy,40211,19cece3426cb650e483ccc4d55741b4861c3968158d16cafa05eab09913f3262,069b03613ef2a3442b8efd04434d1242c77895610c6c696a08264fccfac5b77a,10.693359550314732,1.9084633588790894,0.9033738880600493
p232_223.wav,RNNoise v0.2,40211,19cece3426cb650e483ccc4d55741b4861c3968158d16cafa05eab09913f3262,069b03613ef2a3442b8efd04434d1242c77895610c6c696a08264fccfac5b77a,12.374656367036483,2.26762056350708,0.909093891725945
p232_223.wav,GTCRN,40211,19cece3426cb650e483ccc4d55741b4861c3968158d16cafa05eab09913f3262,069b03613ef2a3442b8efd04434d1242c77895610c6c696a08264fccfac5b77a,17.70409524259458,3.1717615127563477,0.9370273517441768
p232_224.wav,Noisy,33108,7c85ac059ff3e0f02204ca43672079b6de3442fda6bdaa4a8ce389e23708a639,6552c4d3ad79eb7683d40c5e1115fe0d885796fe18ea8f56692c52ea6e60f1e1,5.820227542578654,1.6548817157745361,0.8986616254011133
p232_224.wav,RNNoise v0.2,33108,7c85ac059ff3e0f02204ca43672079b6de3442fda6bdaa4a8ce389e23708a639,6552c4d3ad79eb7683d40c5e1115fe0d885796fe18ea8f56692c52ea6e60f1e1,11.087618084741852,1.7367563247680664,0.9100438993618107
p232_224.wav,GTCRN,33108,7c85ac059ff3e0f02204ca43672079b6de3442fda6bdaa4a8ce389e23708a639,6552c4d3ad79eb7683d40c5e1115fe0d885796fe18ea8f56692c52ea6e60f1e1,13.499199848341002,2.3877511024475098,0.9263724905614337
p232_225.wav,Noisy,26764,6c7d4d72531f04e7490db61194a9297abf8b522de0433b9201aeadb25a8db8f0,231d1f5839f76b3840b844119b493cbec333071e0a00679c5556fc07543a6450,0.7051639884968429,1.283872365951538,0.8644091605342412
p232_225.wav,RNNoise v0.2,26764,6c7d4d72531f04e7490db61194a9297abf8b522de0433b9201aeadb25a8db8f0,231d1f5839f76b3840b844119b493cbec333071e0a00679c5556fc07543a6450,8.780375953659942,1.3310363292694092,0.8672702792173668
p232_225.wav,GTCRN,26764,6c7d4d72531f04e7490db61194a9297abf8b522de0433b9201aeadb25a8db8f0,231d1f5839f76b3840b844119b493cbec333071e0a00679c5556fc07543a6450,11.815972690746982,1.9160213470458984,0.9090548866050133
p232_226.wav,Noisy,37013,ef28cfbd75eae983c7a89bb00f81e7992f0720f16c0691ff14a8764042114d61,c7d8b08290a3a369c7356b18087a941d6ac2d4b62288c55c1a8a7677e16d11ce,16.105533484144892,3.467022180557251,0.9817007368620632
p232_226.wav,RNNoise v0.2,37013,ef28cfbd75eae983c7a89bb00f81e7992f0720f16c0691ff14a8764042114d61,c7d8b08290a3a369c7356b18087a941d6ac2d4b62288c55c1a8a7677e16d11ce,14.327891242959513,3.5614326000213623,0.9815310122023801
p232_226.wav,GTCRN,37013,ef28cfbd75eae983c7a89bb00f81e7992f0720f16c0691ff14a8764042114d61,c7d8b08290a3a369c7356b18087a941d6ac2d4b62288c55c1a8a7677e16d11ce,25.605859706408186,3.9295103549957275,0.9884570108045806
p232_227.wav,Noisy,51938,98b25420562391a73b6830f81738080b187860d818bb679a1fdd4f85357320fc,9d89d400dc4d2040f06edc9a26f0b492db85660e444f4a9db06d370f8824a220,11.56903817486106,2.8620879650115967,0.998920304975149
p232_227.wav,RNNoise v0.2,51938,98b25420562391a73b6830f81738080b187860d818bb679a1fdd4f85357320fc,9d89d400dc4d2040f06edc9a26f0b492db85660e444f4a9db06d370f8824a220,15.786227852401142,3.267887592315674,0.9971879024434475
p232_227.wav,GTCRN,51938,98b25420562391a73b6830f81738080b187860d818bb679a1fdd4f85357320fc,9d89d400dc4d2040f06edc9a26f0b492db85660e444f4a9db06d370f8824a220,25.74276708051157,3.695370674133301,0.9989411599976359
p232_228.wav,Noisy,26575,6330d90aca39af5b2808cc2411800d844fb9b56b4302a3f31e41d3322d3b40fa,0e23449e41558381e7a13d948e64c943f8e1f291d8d6179185266541bcf6eeda,5.3932909737318315,2.590348720550537,0.9695713640353515
p232_228.wav,RNNoise v0.2,26575,6330d90aca39af5b2808cc2411800d844fb9b56b4302a3f31e41d3322d3b40fa,0e23449e41558381e7a13d948e64c943f8e1f291d8d6179185266541bcf6eeda,14.29522622451895,3.301377296447754,0.9847321163594703
p232_228.wav,GTCRN,26575,6330d90aca39af5b2808cc2411800d844fb9b56b4302a3f31e41d3322d3b40fa,0e23449e41558381e7a13d948e64c943f8e1f291d8d6179185266541bcf6eeda,22.64765916396246,3.078082799911499,0.981637140942407
p232_229.wav,Noisy,29999,b62b4478dcdf854264cb114f8cb5a47165b955236b92d760ea9f1269b111fa52,591b837657f453a2af60288e282ba8193d3ec52ea6d3fae89bec283fef3ba257,0.27254331556066275,2.380566358566284,0.9655139661638583
p232_229.wav,RNNoise v0.2,29999,b62b4478dcdf854264cb114f8cb5a47165b955236b92d760ea9f1269b111fa52,591b837657f453a2af60288e282ba8193d3ec52ea6d3fae89bec283fef3ba257,13.243388773203487,2.8206422328948975,0.9652134723209661
p232_229.wav,GTCRN,29999,b62b4478dcdf854264cb114f8cb5a47165b955236b92d760ea9f1269b111fa52,591b837657f453a2af60288e282ba8193d3ec52ea6d3fae89bec283fef3ba257,21.34213784488407,3.1318345069885254,0.9671935073682104
p232_230.wav,Noisy,30222,8b1a4957cb7a8c63ba09b016b9adff8c082919c7a14ca74d891c551a72d7f4fd,8b895c3e228fc875205baa0a99f3f7d465e609700520890042cf0cb64b6a257c,15.855162150249509,2.2349984645843506,0.893248762531033
p232_230.wav,RNNoise v0.2,30222,8b1a4957cb7a8c63ba09b016b9adff8c082919c7a14ca74d891c551a72d7f4fd,8b895c3e228fc875205baa0a99f3f7d465e609700520890042cf0cb64b6a257c,14.20258730346992,2.934251546859741,0.8907443394639888
p232_230.wav,GTCRN,30222,8b1a4957cb7a8c63ba09b016b9adff8c082919c7a14ca74d891c551a72d7f4fd,8b895c3e228fc875205baa0a99f3f7d465e609700520890042cf0cb64b6a257c,21.96696954234126,3.0646185874938965,0.9038820677792648
p232_231.wav,Noisy,35051,9f2ac3a439aeda84d569763221f6a20449f66daf024ab5c1207a547e8af1794c,76d7b6c5de18495616de0c0ff36a30d74bf753f42fd17f88eb5a933f33fa4e42,10.809542664372051,2.391714096069336,0.996217541406997
p232_231.wav,RNNoise v0.2,35051,9f2ac3a439aeda84d569763221f6a20449f66daf024ab5c1207a547e8af1794c,76d7b6c5de18495616de0c0ff36a30d74bf753f42fd17f88eb5a933f33fa4e42,13.763071716740576,2.741281747817993,0.9954265832174582
p232_231.wav,GTCRN,35051,9f2ac3a439aeda84d569763221f6a20449f66daf024ab5c1207a547e8af1794c,76d7b6c5de18495616de0c0ff36a30d74bf753f42fd17f88eb5a933f33fa4e42,22.44530942858092,2.895273447036743,0.9965353623555218
p232_232.wav,Noisy,68480,052dcb6311291b2288e02cccb781f762dcf4446ef90a741d51aa75cdcc750a43,af8638fade236b245b124a1ea61d862885c7349fa6faa472164414e1077e3d54,6.3537491728614715,1.6768590211868286,0.9468559862583514
p232_232.wav,RNNoise v0.2,68480,052dcb6311291b2288e02cccb781f762dcf4446ef90a741d51aa75cdcc750a43,af8638fade236b245b124a1ea61d862885c7349fa6faa472164414e1077e3d54,11.338495370808419,1.996819019317627,0.9733631201035539
p232_232.wav,GTCRN,68480,052dcb6311291b2288e02cccb781f762dcf4446ef90a741d51aa75cdcc750a43,af8638fade236b245b124a1ea61d862885c7349fa6faa472164414e1077e3d54,17.089504974454222,2.426351547241211,0.9711783622876082
p232_234.wav,Noisy,25558,71afa43bb9399038c8c1ab7669ec00b2ed88055b65d7ed043cda8275787bf6f5,58e2b424ca870eb59328d2ec7a17319056c6a5d56fd4587d8910d11d78bba0d1,0.136196906443641,1.3488900661468506,0.8083710202292212
p232_234.wav,RNNoise v0.2,25558,71afa43bb9399038c8c1ab7669ec00b2ed88055b65d7ed043cda8275787bf6f5,58e2b424ca870eb59328d2ec7a17319056c6a5d56fd4587d8910d11d78bba0d1,9.89597110650729,2.146440029144287,0.8413093818320109
p232_234.wav,GTCRN,25558,71afa43bb9399038c8c1ab7669ec00b2ed88055b65d7ed043cda8275787bf6f5,58e2b424ca870eb59328d2ec7a17319056c6a5d56fd4587d8910d11d78bba0d1,14.176405869164945,2.7767865657806396,0.8752406134803671
p232_235.wav,Noisy,63341,89238a03107e6b6d446d367d43dc9f15f4e7030cc8f5075b01fd7d8be44554ce,9baa40f04b411a01fbf0ee7fb224ac3ac570da8d20b3415f7b4767278cb7f623,16.73433514612986,3.1371119022369385,0.9976795919384657
p232_235.wav,RNNoise v0.2,63341,89238a03107e6b6d446d367d43dc9f15f4e7030cc8f5075b01fd7d8be44554ce,9baa40f04b411a01fbf0ee7fb224ac3ac570da8d20b3415f7b4767278cb7f623,15.510736561917808,3.5750176906585693,0.998128311694963
p232_235.wav,GTCRN,63341,89238a03107e6b6d446d367d43dc9f15f4e7030cc8f5075b01fd7d8be44554ce,9baa40f04b411a01fbf0ee7fb224ac3ac570da8d20b3415f7b4767278cb7f623,25.94755587738517,3.593590497970581,0.9983593087686152
p232_236.wav,Noisy,25086,8aa6a76374aa10898ccba35b623a8ee13af4fafe36c1d2b0a27800e71a1f66de,6c763b652519371d443d62a9bb837641b3a6ddb808346715fc0540eefeaeb849,10.01840833271476,2.8615171909332275,0.9227214013454345
p232_236.wav,RNNoise v0.2,25086,8aa6a76374aa10898ccba35b623a8ee13af4fafe36c1d2b0a27800e71a1f66de,6c763b652519371d443d62a9bb837641b3a6ddb808346715fc0540eefeaeb849,15.338969267303952,2.7465076446533203,0.8404858616202678
p232_236.wav,GTCRN,25086,8aa6a76374aa10898ccba35b623a8ee13af4fafe36c1d2b0a27800e71a1f66de,6c763b652519371d443d62a9bb837641b3a6ddb808346715fc0540eefeaeb849,25.018112170145493,3.1781325340270996,0.9357731886080868
p232_237.wav,Noisy,45145,d4bde6e6c9439e9040dc22756df0403bace3e68e3adefcb355a3d2e9dd39baaf,7ed75d887225b7f2d917c4ad7a1fe192dfb6b149a19671fa929e81506dcad780,6.316385066544873,2.991204261779785,0.9955509844371758
p232_237.wav,RNNoise v0.2,45145,d4bde6e6c9439e9040dc22756df0403bace3e68e3adefcb355a3d2e9dd39baaf,7ed75d887225b7f2d917c4ad7a1fe192dfb6b149a19671fa929e81506dcad780,13.034646412937896,3.501431465148926,0.9958696942878237
p232_237.wav,GTCRN,45145,d4bde6e6c9439e9040dc22756df0403bace3e68e3adefcb355a3d2e9dd39baaf,7ed75d887225b7f2d917c4ad7a1fe192dfb6b149a19671fa929e81506dcad780,24.606418563388324,3.7110025882720947,0.9974224725919696
p232_238.wav,Noisy,37628,bd0a9a481bab6cc26951be4ab63a266d8ee667a6386540634d1e66a81024f7e1,19a72e82f0b7a5285cbe1fe0e6535f78d21f56fbbbbf8fc3d8ea9fb763600979,0.49550612389758486,3.2745044231414795,0.9992424771622704
p232_238.wav,RNNoise v0.2,37628,bd0a9a481bab6cc26951be4ab63a266d8ee667a6386540634d1e66a81024f7e1,19a72e82f0b7a5285cbe1fe0e6535f78d21f56fbbbbf8fc3d8ea9fb763600979,12.627745174600625,3.3351778984069824,0.99650416304659
p232_238.wav,GTCRN,37628,bd0a9a481bab6cc26951be4ab63a266d8ee667a6386540634d1e66a81024f7e1,19a72e82f0b7a5285cbe1fe0e6535f78d21f56fbbbbf8fc3d8ea9fb763600979,25.312865337802872,3.5187041759490967,0.9992375581864927
p232_239.wav,Noisy,29782,eba613d81c688774fb8e9e7df3cb5e03888198f01238ced1e6bd983a7fbe094a,fccaa6581ed0534e71ace3a0de16221955787ea667ce13a4701c41d22069a43f,15.57998622037573,1.7394473552703857,0.9832805310768
p232_239.wav,RNNoise v0.2,29782,eba613d81c688774fb8e9e7df3cb5e03888198f01238ced1e6bd983a7fbe094a,fccaa6581ed0534e71ace3a0de16221955787ea667ce13a4701c41d22069a43f,14.77778041293746,2.5588717460632324,0.9932750205485834
p232_239.wav,GTCRN,29782,eba613d81c688774fb8e9e7df3cb5e03888198f01238ced1e6bd983a7fbe094a,fccaa6581ed0534e71ace3a0de16221955787ea667ce13a4701c41d22069a43f,20.95885653505467,3.0934112071990967,0.9928631595657254
p232_240.wav,Noisy,52839,6381591bb79c323ad96cf75e3e45065be47fed241a4eb00958ed0b2f0d004aa0,48a56d5b69545c1c2c49e32dc34b4295f69a7122427f1dbda56d0e06dd7a8ac9,11.508341387564547,2.2116425037384033,0.9760213348675909
p232_240.wav,RNNoise v0.2,52839,6381591bb79c323ad96cf75e3e45065be47fed241a4eb00958ed0b2f0d004aa0,48a56d5b69545c1c2c49e32dc34b4295f69a7122427f1dbda56d0e06dd7a8ac9,13.83256960423953,2.7397539615631104,0.9839570962632018
p232_240.wav,GTCRN,52839,6381591bb79c323ad96cf75e3e45065be47fed241a4eb00958ed0b2f0d004aa0,48a56d5b69545c1c2c49e32dc34b4295f69a7122427f1dbda56d0e06dd7a8ac9,19.92248449661698,3.15994930267334,0.9881482438498609
p232_241.wav,Noisy,24314,17d96752b261d2e8c287f189a300ebebea08c0f61e3275f94db7341284728c6b,9d89debba67da02dbf5f2896e46dff0dfc76587de1aab49cf5b05ae1908c7649,5.074155933039526,1.356049656867981,0.8353826601903428
p232_241.wav,RNNoise v0.2,24314,17d96752b261d2e8c287f189a300ebebea08c0f61e3275f94db7341284728c6b,9d89debba67da02dbf5f2896e46dff0dfc76587de1aab49cf5b05ae1908c7649,10.734388159284418,1.7412819862365723,0.8269439833482192
p232_241.wav,GTCRN,24314,17d96752b261d2e8c287f189a300ebebea08c0f61e3275f94db7341284728c6b,9d89debba67da02dbf5f2896e46dff0dfc76587de1aab49cf5b05ae1908c7649,13.21638530485814,1.9203304052352905,0.8875807365987848
p232_242.wav,Noisy,27571,27e0877b391d486f1dd05e068d36ddd464be696185f90d7a9dc96d228b33a8a8,3bcc1e6e49e249cbf1bbec5fc2b5bc4ad8410f761f9109fd2dcaeaf3cdf97441,0.4998643556870417,1.2547259330749512,0.7651576570963262
p232_242.wav,RNNoise v0.2,27571,27e0877b391d486f1dd05e068d36ddd464be696185f90d7a9dc96d228b33a8a8,3bcc1e6e49e249cbf1bbec5fc2b5bc4ad8410f761f9109fd2dcaeaf3cdf97441,7.131413589848713,1.422900915145874,0.7917228095263028
p232_242.wav,GTCRN,27571,27e0877b391d486f1dd05e068d36ddd464be696185f90d7a9dc96d228b33a8a8,3bcc1e6e49e249cbf1bbec5fc2b5bc4ad8410f761f9109fd2dcaeaf3cdf97441,9.495862666998162,1.4766219854354858,0.8192039641123392
p232_243.wav,Noisy,30587,5996fda742756c3806e964b73984f011ec509ab60805201296611e63ce376570,96f521c8778733268520d9ad3937d24c7df4f2a012558c466f043934e55d6bfa,15.785809181219122,2.6285247802734375,0.9941390424117479
p232_243.wav,RNNoise v0.2,30587,5996fda742756c3806e964b73984f011ec509ab60805201296611e63ce376570,96f521c8778733268520d9ad3937d24c7df4f2a012558c466f043934e55d6bfa,14.748463387946153,3.291706085205078,0.993838792706235
p232_243.wav,GTCRN,30587,5996fda742756c3806e964b73984f011ec509ab60805201296611e63ce376570,96f521c8778733268520d9ad3937d24c7df4f2a012558c466f043934e55d6bfa,22.845272915197576,3.852152109146118,0.9956027584000146
p232_244.wav,Noisy,52597,4b7d5be92fa6fc36f5d996f8f9725a56128b7ea5f11d4764b61a591445be137d,56dadffa34498e9b59f9ff23cc257a550d8cc09e244d1877c3b035eaae699863,11.422131314429533,1.880414605140686,0.9655286382567935
p232_244.wav,RNNoise v0.2,52597,4b7d5be92fa6fc36f5d996f8f9725a56128b7ea5f11d4764b61a591445be137d,56dadffa34498e9b59f9ff23cc257a550d8cc09e244d1877c3b035eaae699863,11.816039177700066,2.298039197921753,0.9736580612253962
p232_244.wav,GTCRN,52597,4b7d5be92fa6fc36f5d996f8f9725a56128b7ea5f11d4764b61a591445be137d,56dadffa34498e9b59f9ff23cc257a550d8cc09e244d1877c3b035eaae699863,17.216737753340205,3.193958044052124,0.9796147109326148
p232_245.wav,Noisy,34203,e21a8042ef3bf3f26d29c654af537b1598a0b1717ca2613c8bf3eb75ba4e4fc4,b3fd93fbbd402de2769d54d6b0796a3bbb2c4fbe74d684122724bb64af569f40,5.39221519834849,1.7042427062988281,0.8754819604041716
p232_245.wav,RNNoise v0.2,34203,e21a8042ef3bf3f26d29c654af537b1598a0b1717ca2613c8bf3eb75ba4e4fc4,b3fd93fbbd402de2769d54d6b0796a3bbb2c4fbe74d684122724bb64af569f40,13.254890800247898,2.2709996700286865,0.8516331760488527
p232_245.wav,GTCRN,34203,e21a8042ef3bf3f26d29c654af537b1598a0b1717ca2613c8bf3eb75ba4e4fc4,b3fd93fbbd402de2769d54d6b0796a3bbb2c4fbe74d684122724bb64af569f40,21.54510660659067,2.1207947731018066,0.8808771950136379
p232_246.wav,Noisy,40633,2e9a5cb83bebe3cac730b6f99bf6bb79d0c0c906fd2f3318a431f2c5f90459ab,ebbffb8388d2d42567056d87d061eb3990510aea8ba0ae7350f4c0433b9ec72f,1.0147876772918025,1.3037772178649902,0.8849344696253926
p232_246.wav,RNNoise v0.2,40633,2e9a5cb83bebe3cac730b6f99bf6bb79d0c0c906fd2f3318a431f2c5f90459ab,ebbffb8388d2d42567056d87d061eb3990510aea8ba0ae7350f4c0433b9ec72f,9.686842325851968,1.6407232284545898,0.9004577597818023
p232_246.wav,GTCRN,40633,2e9a5cb83bebe3cac730b6f99bf6bb79d0c0c906fd2f3318a431f2c5f90459ab,ebbffb8388d2d42567056d87d061eb3990510aea8ba0ae7350f4c0433b9ec72f,13.80728706190357,2.1782901287078857,0.9056973135988297
p232_247.wav,Noisy,27859,8012d03ecbbe6c2ab38e1c7f71b334df917f484ded1fabb8885bc5a78c797ae2,dac1cc4a728cfdc3ba26da001e3a273a6c7f7575f6e15c1a3563c16ae0f70aee,15.229854753729832,3.189314126968384,0.9561526991587631
p232_247.wav,RNNoise v0.2,27859,8012d03ecbbe6c2ab38e1c7f71b334df917f484ded1fabb8885bc5a78c797ae2,dac1cc4a728cfdc3ba26da001e3a273a6c7f7575f6e15c1a3563c16ae0f70aee,17.156584043341173,3.6768691539764404,0.9628600497656367
p232_247.wav,GTCRN,27859,8012d03ecbbe6c2ab38e1c7f71b334df917f484ded1fabb8885bc5a78c797ae2,dac1cc4a728cfdc3ba26da001e3a273a6c7f7575f6e15c1a3563c16ae0f70aee,27.419076087920416,4.064946174621582,0.97664893088814
p232_248.wav,Noisy,53606,d7217f1fa07b44e950c2dd0cd8484b4e6bc9e7f07cc03daa9c66a433fabaa634,9b4f957f55e482c9f222f73430f42af512fabdbb40d85bad38cbbe7a292e97d5,11.617395257221814,3.052539348602295,0.9711242912873802
p232_248.wav,RNNoise v0.2,53606,d7217f1fa07b44e950c2dd0cd8484b4e6bc9e7f07cc03daa9c66a433fabaa634,9b4f957f55e482c9f222f73430f42af512fabdbb40d85bad38cbbe7a292e97d5,14.151667709141497,3.551744222640991,0.9681504435491824
p232_248.wav,GTCRN,53606,d7217f1fa07b44e950c2dd0cd8484b4e6bc9e7f07cc03daa9c66a433fabaa634,9b4f957f55e482c9f222f73430f42af512fabdbb40d85bad38cbbe7a292e97d5,23.567218767164235,3.6544291973114014,0.9777682248581736
p232_249.wav,Noisy,46165,dafbc9a43891386f55aeaa94d3b9dd7c9e613b6c45ecad3ebecdd5c3eac4f960,2d81e616b46fc138b06baf1ef627ac36625df02b40575076bd4ec8a8e7a86ad1,6.158182689408301,2.162393093109131,0.9954891537842634
p232_249.wav,RNNoise v0.2,46165,dafbc9a43891386f55aeaa94d3b9dd7c9e613b6c45ecad3ebecdd5c3eac4f960,2d81e616b46fc138b06baf1ef627ac36625df02b40575076bd4ec8a8e7a86ad1,15.063032310967834,3.1044297218322754,0.9963227798086481
p232_249.wav,GTCRN,46165,dafbc9a43891386f55aeaa94d3b9dd7c9e613b6c45ecad3ebecdd5c3eac4f960,2d81e616b46fc138b06baf1ef627ac36625df02b40575076bd4ec8a8e7a86ad1,25.221207797376778,2.8709003925323486,0.9961103412104444
p232_250.wav,Noisy,45235,456a3731e4d928e8cd4ae2ce6e5a8cc1b2dd46645872deffb86c3b0f660652d2,c0a7153fbbab3af71f5b382de1d7381047a1ee00379ee3b727670216af6e050f,1.232344147968257,2.1589767932891846,0.9478873556104559
p232_250.wav,RNNoise v0.2,45235,456a3731e4d928e8cd4ae2ce6e5a8cc1b2dd46645872deffb86c3b0f660652d2,c0a7153fbbab3af71f5b382de1d7381047a1ee00379ee3b727670216af6e050f,12.473574661532398,2.8395042419433594,0.9498848438607698
p232_250.wav,GTCRN,45235,456a3731e4d928e8cd4ae2ce6e5a8cc1b2dd46645872deffb86c3b0f660652d2,c0a7153fbbab3af71f5b382de1d7381047a1ee00379ee3b727670216af6e050f,22.516885595636957,3.018057107925415,0.9545205893261985
p232_251.wav,Noisy,53396,70ef293589ef0a4d30ff98a4e8c5f11e45202a2d6a4d12e19746fd15a658ba3a,c64ae82f6b33bb83ca14ede0b2a3925f37a264904c90bafda58ac9072e112bff,16.290924421828237,2.836695432662964,0.9755255280162312
p232_251.wav,RNNoise v0.2,53396,70ef293589ef0a4d30ff98a4e8c5f11e45202a2d6a4d12e19746fd15a658ba3a,c64ae82f6b33bb83ca14ede0b2a3925f37a264904c90bafda58ac9072e112bff,14.419415641062459,3.2650506496429443,0.9724565616543774
p232_251.wav,GTCRN,53396,70ef293589ef0a4d30ff98a4e8c5f11e45202a2d6a4d12e19746fd15a658ba3a,c64ae82f6b33bb83ca14ede0b2a3925f37a264904c90bafda58ac9072e112bff,24.588534279359372,3.687770366668701,0.9771268736636208
p232_252.wav,Noisy,47520,d03544204a34c096550f5e4b5ac007eda43dd9e26813e6ab4141284bdfc121a4,cabccb36223a58ea797f04d7d7e8bf7a2f4085172f921dbb1fa8ae1b84742ef5,10.963025229561662,2.3595476150512695,0.9677762158207189
p232_252.wav,RNNoise v0.2,47520,d03544204a34c096550f5e4b5ac007eda43dd9e26813e6ab4141284bdfc121a4,cabccb36223a58ea797f04d7d7e8bf7a2f4085172f921dbb1fa8ae1b84742ef5,13.80813896199089,2.716743230819702,0.9684164178615106
p232_252.wav,GTCRN,47520,d03544204a34c096550f5e4b5ac007eda43dd9e26813e6ab4141284bdfc121a4,cabccb36223a58ea797f04d7d7e8bf7a2f4085172f921dbb1fa8ae1b84742ef5,22.121090745132168,3.046189308166504,0.9791898127676854
p232_253.wav,Noisy,48446,cd8c0a65e5b1710423d14fcd70e72dd0544a2b6e24ceb718119f4c5b68b0db87,3d0ceab369b44023473b3fd1c3263b2d4d44f8c659e61db183580d063d3e3f06,6.37177466353579,1.5202720165252686,0.9054224850415764
p232_253.wav,RNNoise v0.2,48446,cd8c0a65e5b1710423d14fcd70e72dd0544a2b6e24ceb718119f4c5b68b0db87,3d0ceab369b44023473b3fd1c3263b2d4d44f8c659e61db183580d063d3e3f06,11.104923319192014,2.1830639839172363,0.9304866710383196
p232_253.wav,GTCRN,48446,cd8c0a65e5b1710423d14fcd70e72dd0544a2b6e24ceb718119f4c5b68b0db87,3d0ceab369b44023473b3fd1c3263b2d4d44f8c659e61db183580d063d3e3f06,17.778484412546206,2.5021653175354004,0.9426616940883132
p232_254.wav,Noisy,45440,7d8e030d504a68ea86f4dff5c23cf6c5904dc9c9019e1c68d8a9e164282ab5a0,50bb1aafd11f9bec1f842dd9708b69f044a4926e79a8d0a77d33d9d3385b774d,1.3210333226572057,1.295902967453003,0.9025391638631393
p232_254.wav,RNNoise v0.2,45440,7d8e030d504a68ea86f4dff5c23cf6c5904dc9c9019e1c68d8a9e164282ab5a0,50bb1aafd11f9bec1f842dd9708b69f044a4926e79a8d0a77d33d9d3385b774d,9.301381262425913,2.2626607418060303,0.9355881746657977
p232_254.wav,GTCRN,45440,7d8e030d504a68ea86f4dff5c23cf6c5904dc9c9019e1c68d8a9e164282ab5a0,50bb1aafd11f9bec1f842dd9708b69f044a4926e79a8d0a77d33d9d3385b774d,15.989496290567306,2.402334213256836,0.9433959016872333
p232_255.wav,Noisy,44025,ee03d8f3e587359e5c9dbba71635e5acc502538be23996735b938eebe2060fa4,451933bb96b830ee75c94b6e2c30440ba31dd6c261b2854fe1662a498993fbc6,15.737303483435003,3.063215970993042,0.9721672222216937
p232_255.wav,RNNoise v0.2,44025,ee03d8f3e587359e5c9dbba71635e5acc502538be23996735b938eebe2060fa4,451933bb96b830ee75c94b6e2c30440ba31dd6c261b2854fe1662a498993fbc6,14.86872403126971,3.242891550064087,0.9923082326313023
p232_255.wav,GTCRN,44025,ee03d8f3e587359e5c9dbba71635e5acc502538be23996735b938eebe2060fa4,451933bb96b830ee75c94b6e2c30440ba31dd6c261b2854fe1662a498993fbc6,21.966486867130087,3.8222544193267822,0.9925100714661071
p232_256.wav,Noisy,32395,5673220c6d1ffe07264a08b64c2c3706c0e0c6fc306376943733f081b2edf36e,5ad0ecbc26a1e14ddbf6c5cfb56222ef65f87fe960445e47db89b6d27d21f435,10.897912634281079,2.880138635635376,0.9564793050867227
p232_256.wav,RNNoise v0.2,32395,5673220c6d1ffe07264a08b64c2c3706c0e0c6fc306376943733f081b2edf36e,5ad0ecbc26a1e14ddbf6c5cfb56222ef65f87fe960445e47db89b6d27d21f435,13.0398691440085,2.6330833435058594,0.9512805324588148
p232_256.wav,GTCRN,32395,5673220c6d1ffe07264a08b64c2c3706c0e0c6fc306376943733f081b2edf36e,5ad0ecbc26a1e14ddbf6c5cfb56222ef65f87fe960445e47db89b6d27d21f435,22.70623622867476,3.5535364151000977,0.9611094863806506
p232_257.wav,Noisy,27987,9bb0aac10bfa5818b74c018c738cb687cfa79c944145cca48b03ff53b6c10c37,f44a83b55d6a581baf6bf731074e47b0ebb7d22046d293cb652916207cee44ef,5.34004536729512,2.3272883892059326,0.9969769175553269
p232_257.wav,RNNoise v0.2,27987,9bb0aac10bfa5818b74c018c738cb687cfa79c944145cca48b03ff53b6c10c37,f44a83b55d6a581baf6bf731074e47b0ebb7d22046d293cb652916207cee44ef,11.869368264182103,2.4301440715789795,0.9959318659862645
p232_257.wav,GTCRN,27987,9bb0aac10bfa5818b74c018c738cb687cfa79c944145cca48b03ff53b6c10c37,f44a83b55d6a581baf6bf731074e47b0ebb7d22046d293cb652916207cee44ef,20.622338875802786,3.215247392654419,0.9975365269264526
p232_258.wav,Noisy,44149,d1974914b1f313b0b5ccdc5f6a8ad1b36a2552ed4cec6faa3b45796733755c02,0f100a65867de5d4fa2b83f286dc792bd17fbd8cae482b34a4edc57534ae3fd1,1.4093006357860114,1.7080413103103638,0.9485447280583622
p232_258.wav,RNNoise v0.2,44149,d1974914b1f313b0b5ccdc5f6a8ad1b36a2552ed4cec6faa3b45796733755c02,0f100a65867de5d4fa2b83f286dc792bd17fbd8cae482b34a4edc57534ae3fd1,8.738714273308872,1.9760063886642456,0.9498801940808161
p232_258.wav,GTCRN,44149,d1974914b1f313b0b5ccdc5f6a8ad1b36a2552ed4cec6faa3b45796733755c02,0f100a65867de5d4fa2b83f286dc792bd17fbd8cae482b34a4edc57534ae3fd1,18.16209727448264,3.0055248737335205,0.9744642818822798
p232_259.wav,Noisy,62528,fff4eb002b538f6b1d86afcd11417a0ee7fdbd62d79ac7662ef10876cc4ef153,1b4404afff829c333afaa32751c3b0743783a1329b7f69e804968091fdf2004b,16.574469882794475,2.5505261421203613,0.987538041328002
p232_259.wav,RNNoise v0.2,62528,fff4eb002b538f6b1d86afcd11417a0ee7fdbd62d79ac7662ef10876cc4ef153,1b4404afff829c333afaa32751c3b0743783a1329b7f69e804968091fdf2004b,16.23678931462791,3.0426206588745117,0.9940213886168102
p232_259.wav,GTCRN,62528,fff4eb002b538f6b1d86afcd11417a0ee7fdbd62d79ac7662ef10876cc4ef153,1b4404afff829c333afaa32751c3b0743783a1329b7f69e804968091fdf2004b,25.174493364377028,3.4783856868743896,0.9927685857111633
p232_260.wav,Noisy,45705,e48f28efd9803eeac063fbe1282e035a40740b12fa663807effb8bf7d159ab6b,f3254b16d5ef003b9ae6ae09f3eaa6072d661536accfa7206203eb996ddc5d23,10.891773352527139,1.750892162322998,0.9833101056708796
p232_260.wav,RNNoise v0.2,45705,e48f28efd9803eeac063fbe1282e035a40740b12fa663807effb8bf7d159ab6b,f3254b16d5ef003b9ae6ae09f3eaa6072d661536accfa7206203eb996ddc5d23,14.101908133796588,2.0802884101867676,0.9855978122589992
p232_260.wav,GTCRN,45705,e48f28efd9803eeac063fbe1282e035a40740b12fa663807effb8bf7d159ab6b,f3254b16d5ef003b9ae6ae09f3eaa6072d661536accfa7206203eb996ddc5d23,17.907013862651592,2.7292206287384033,0.985603736311763
p232_261.wav,Noisy,51026,a56c0fd0dece3049ecfb105734d357668ec5555a8f1a3414db3dd594963b95ff,2dc610233b290c11ecf2a7bb4c82e671c2960e455ef0c92373fde0f5edc920d9,6.482209110245398,1.289894461631775,0.8771016198201826
p232_261.wav,RNNoise v0.2,51026,a56c0fd0dece3049ecfb105734d357668ec5555a8f1a3414db3dd594963b95ff,2dc610233b290c11ecf2a7bb4c82e671c2960e455ef0c92373fde0f5edc920d9,10.137433270907689,1.8049321174621582,0.879891096645796
p232_261.wav,GTCRN,51026,a56c0fd0dece3049ecfb105734d357668ec5555a8f1a3414db3dd594963b95ff,2dc610233b290c11ecf2a7bb4c82e671c2960e455ef0c92373fde0f5edc920d9,12.987157948061208,1.7945811748504639,0.9112075988883761
p232_263.wav,Noisy,46853,70f545a08b29d4ff948927c49d9a0e71a1e813557635756367aacfef389b53b4,64d249752eef3ef995adad03550016a6cf8195fb2ff31bb8623c9e257bba9f5f,1.5612866673800436,1.138364553451538,0.7855212503736638
p232_263.wav,RNNoise v0.2,46853,70f545a08b29d4ff948927c49d9a0e71a1e813557635756367aacfef389b53b4,64d249752eef3ef995adad03550016a6cf8195fb2ff31bb8623c9e257bba9f5f,8.27799350684615,1.395552396774292,0.8449220531111671
p232_263.wav,GTCRN,46853,70f545a08b29d4ff948927c49d9a0e71a1e813557635756367aacfef389b53b4,64d249752eef3ef995adad03550016a6cf8195fb2ff31bb8623c9e257bba9f5f,10.967232175310373,1.7578332424163818,0.8529370500986372
p232_264.wav,Noisy,50604,a0f48a44fbaadb6104638226c26379ac45e0ec717ba90d6fd6a980fea796f0d0,aa96d7821106ad6783a5e5a2978a5f22743db05b941389d4f967e45655dcf5d5,16.634378160438636,2.7097811698913574,0.9942281444899486
p232_264.wav,RNNoise v0.2,50604,a0f48a44fbaadb6104638226c26379ac45e0ec717ba90d6fd6a980fea796f0d0,aa96d7821106ad6783a5e5a2978a5f22743db05b941389d4f967e45655dcf5d5,14.712182563744996,3.243863344192505,0.9943520409916979
p232_264.wav,GTCRN,50604,a0f48a44fbaadb6104638226c26379ac45e0ec717ba90d6fd6a980fea796f0d0,aa96d7821106ad6783a5e5a2978a5f22743db05b941389d4f967e45655dcf5d5,22.018225564028274,3.5021374225616455,0.9946919598533097
p232_265.wav,Noisy,30096,dfaf58a5527410277c31a7de36d6a95b5af6624b0530ad9aaf1d64fadf991ca8,0d29e6abdc6d304169a17ce1152acf9896923827eb87904fc4d81a8e34d46f2f,10.785539363126082,1.7858610153198242,0.9428776124345588
p232_265.wav,RNNoise v0.2,30096,dfaf58a5527410277c31a7de36d6a95b5af6624b0530ad9aaf1d64fadf991ca8,0d29e6abdc6d304169a17ce1152acf9896923827eb87904fc4d81a8e34d46f2f,13.322163462282528,2.0012154579162598,0.8953949111257109
p232_265.wav,GTCRN,30096,dfaf58a5527410277c31a7de36d6a95b5af6624b0530ad9aaf1d64fadf991ca8,0d29e6abdc6d304169a17ce1152acf9896923827eb87904fc4d81a8e34d46f2f,18.6357767366309,3.0533370971679688,0.9687487709634426
p232_266.wav,Noisy,37371,b8202e6a5dc52f308aa30461db79aa78a7eabaa7ebd155cfebe13e20a5eabadb,f260772b887c3fec7ca7a01ac92afd888506487eb12c38bfe147207ccfded429,6.234742903024717,1.818533182144165,0.9282396292000954
p232_266.wav,RNNoise v0.2,37371,b8202e6a5dc52f308aa30461db79aa78a7eabaa7ebd155cfebe13e20a5eabadb,f260772b887c3fec7ca7a01ac92afd888506487eb12c38bfe147207ccfded429,12.722004683302785,2.301290988922119,0.9301170317251107
p232_266.wav,GTCRN,37371,b8202e6a5dc52f308aa30461db79aa78a7eabaa7ebd155cfebe13e20a5eabadb,f260772b887c3fec7ca7a01ac92afd888506487eb12c38bfe147207ccfded429,17.628165865341717,2.979559898376465,0.9391113436311577
p232_267.wav,Noisy,53382,51fde8a19bbeccadbe1ead2194c1e2e42061caa280bf646a60a094f28b8ddade,875b77d267d6856cb6122d876bc56d5127d88a88338d790f880e1deb9c791d64,1.7306986141396976,1.1977170705795288,0.8835838566467252
p232_267.wav,RNNoise v0.2,53382,51fde8a19bbeccadbe1ead2194c1e2e42061caa280bf646a60a094f28b8ddade,875b77d267d6856cb6122d876bc56d5127d88a88338d790f880e1deb9c791d64,7.277880702894589,1.3792675733566284,0.8967236988601827
p232_267.wav,GTCRN,53382,51fde8a19bbeccadbe1ead2194c1e2e42061caa280bf646a60a094f28b8ddade,875b77d267d6856cb6122d876bc56d5127d88a88338d790f880e1deb9c791d64,8.604997026354928,1.6828715801239014,0.9116572307518235
p232_268.wav,Noisy,34199,0ae0a6fc6b690660b20162836cbb4ec420c9cd1039702f2794d44193e9a52cbc,84d2e5dc0f9844e8bf1ed77b110d483c3a631c2b26a6088a5c7c0b2f4117a294,15.948800392652299,3.663311719894409,0.9889333364428798
p232_268.wav,RNNoise v0.2,34199,0ae0a6fc6b690660b20162836cbb4ec420c9cd1039702f2794d44193e9a52cbc,84d2e5dc0f9844e8bf1ed77b110d483c3a631c2b26a6088a5c7c0b2f4117a294,15.586430308205346,3.7719931602478027,0.9822119760240224
p232_268.wav,GTCRN,34199,0ae0a6fc6b690660b20162836cbb4ec420c9cd1039702f2794d44193e9a52cbc,84d2e5dc0f9844e8bf1ed77b110d483c3a631c2b26a6088a5c7c0b2f4117a294,23.17240392451122,4.098587989807129,0.9833689562754044
p232_269.wav,Noisy,47328,e1cd5d10f17959f746c3b117c5ca7fb2a57c88677d98b5b7becc6eb82894de35,6547da22988aee5b614e4587410af7595e3b18ce8b83a71a682aa1ed7373eb0a,11.493659046867677,3.1139650344848633,0.9880258067396932
p232_269.wav,RNNoise v0.2,47328,e1cd5d10f17959f746c3b117c5ca7fb2a57c88677d98b5b7becc6eb82894de35,6547da22988aee5b614e4587410af7595e3b18ce8b83a71a682aa1ed7373eb0a,14.281266639485553,3.7276084423065186,0.9913917295837301
p232_269.wav,GTCRN,47328,e1cd5d10f17959f746c3b117c5ca7fb2a57c88677d98b5b7becc6eb82894de35,6547da22988aee5b614e4587410af7595e3b18ce8b83a71a682aa1ed7373eb0a,24.855335199623433,3.5212533473968506,0.9911745934896021
p232_270.wav,Noisy,48239,2b9c1aa3c4c28885a4064abde01d9d7f885a075ed41b3b613aaa727b65483d1e,9815a3391c5452dfbffea2716d4e8ae66f5a91eb27497b238ff8b2dbee6f548c,6.503084022514658,2.8014490604400635,0.9711560444418921
p232_270.wav,RNNoise v0.2,48239,2b9c1aa3c4c28885a4064abde01d9d7f885a075ed41b3b613aaa727b65483d1e,9815a3391c5452dfbffea2716d4e8ae66f5a91eb27497b238ff8b2dbee6f548c,13.552233935525425,3.1460535526275635,0.9744471336822865
p232_270.wav,GTCRN,48239,2b9c1aa3c4c28885a4064abde01d9d7f885a075ed41b3b613aaa727b65483d1e,9815a3391c5452dfbffea2716d4e8ae66f5a91eb27497b238ff8b2dbee6f548c,22.082182906376392,3.4819893836975098,0.9776555447378072
p232_271.wav,Noisy,47738,a1b739e634b8b93a2a2116c2de5914dc4e2047d623016e8adabd1d1b4ba5d38e,1aa1ecfe94fdb4b82c8ac8f173e919b33e1652f847e444d88a440eb2a6a815a2,1.4395821408079124,2.339927911758423,0.967037695243871
p232_271.wav,RNNoise v0.2,47738,a1b739e634b8b93a2a2116c2de5914dc4e2047d623016e8adabd1d1b4ba5d38e,1aa1ecfe94fdb4b82c8ac8f173e919b33e1652f847e444d88a440eb2a6a815a2,11.91735792340353,2.3580880165100098,0.9399163447495195
p232_271.wav,GTCRN,47738,a1b739e634b8b93a2a2116c2de5914dc4e2047d623016e8adabd1d1b4ba5d38e,1aa1ecfe94fdb4b82c8ac8f173e919b33e1652f847e444d88a440eb2a6a815a2,21.406201011199407,3.1394340991973877,0.9767861705726202
p232_272.wav,Noisy,33259,a2c6c81c96e2a01ee80dd2d4a5eaf7f7b9d5c5a15b529ab79f59aa73d56dba78,9c96eb519d36f56b02d6ce1070308792471aa9ab44487ea760b64e8014112a72,15.937164034644727,2.86722731590271,0.9163623096110213
p232_272.wav,RNNoise v0.2,33259,a2c6c81c96e2a01ee80dd2d4a5eaf7f7b9d5c5a15b529ab79f59aa73d56dba78,9c96eb519d36f56b02d6ce1070308792471aa9ab44487ea760b64e8014112a72,14.417761772699516,3.037454843521118,0.9064914156871033
p232_272.wav,GTCRN,33259,a2c6c81c96e2a01ee80dd2d4a5eaf7f7b9d5c5a15b529ab79f59aa73d56dba78,9c96eb519d36f56b02d6ce1070308792471aa9ab44487ea760b64e8014112a72,24.87949217796818,3.71235728263855,0.938209253694972
p232_273.wav,Noisy,40864,4ac78bf07a4c1885e6b950b2eaa8f473ab7524dca84fc99993c86ea509eb375c,5429f55ceed591148ab6cb54155234e05ec78d70879a9a2657c5efb3ac8b660b,10.725900920520324,2.132751703262329,0.9519864069132395
p232_273.wav,RNNoise v0.2,40864,4ac78bf07a4c1885e6b950b2eaa8f473ab7524dca84fc99993c86ea509eb375c,5429f55ceed591148ab6cb54155234e05ec78d70879a9a2657c5efb3ac8b660b,13.235195919347474,2.3006927967071533,0.9562000170679555
p232_273.wav,GTCRN,40864,4ac78bf07a4c1885e6b950b2eaa8f473ab7524dca84fc99993c86ea509eb375c,5429f55ceed591148ab6cb54155234e05ec78d70879a9a2657c5efb3ac8b660b,19.468660139466763,2.9528098106384277,0.9617030218598563
p232_274.wav,Noisy,48181,121f4953ada8faf1b311f8b9b83ceaba404846ee8be294ea99e8f310dbcd676d,cd04b53b457e1b1d8df90d57e244fbed7650dafddbf8c7f7baa59e7dbace8b73,6.426014777456597,1.663031816482544,0.894911769147538
p232_274.wav,RNNoise v0.2,48181,121f4953ada8faf1b311f8b9b83ceaba404846ee8be294ea99e8f310dbcd676d,cd04b53b457e1b1d8df90d57e244fbed7650dafddbf8c7f7baa59e7dbace8b73,11.35893493648684,2.104583740234375,0.8953184614677023
p232_274.wav,GTCRN,48181,121f4953ada8faf1b311f8b9b83ceaba404846ee8be294ea99e8f310dbcd676d,cd04b53b457e1b1d8df90d57e244fbed7650dafddbf8c7f7baa59e7dbace8b73,17.521319730157362,2.8248541355133057,0.9183587983742927
p232_275.wav,Noisy,49178,974eb4a270efd00f9428eb74bb6601fb07223b6cf518b89ab89391488a93d571,f291d33a31baa6c5651312b6e2173a54464c0111674f6882501c4216f4db9553,1.5174011938148437,1.302369475364685,0.898245561019945
p232_275.wav,RNNoise v0.2,49178,974eb4a270efd00f9428eb74bb6601fb07223b6cf518b89ab89391488a93d571,f291d33a31baa6c5651312b6e2173a54464c0111674f6882501c4216f4db9553,10.152999646510224,1.9679605960845947,0.94054242586816
p232_275.wav,GTCRN,49178,974eb4a270efd00f9428eb74bb6601fb07223b6cf518b89ab89391488a93d571,f291d33a31baa6c5651312b6e2173a54464c0111674f6882501c4216f4db9553,14.876705106639495,2.299516439437866,0.9367309649356957
p232_276.wav,Noisy,41994,9db03bb35724378122386fbf6a55e13cebfe8760ee126a1991bffe9bb456461d,86ef20a5bb09519bd56cd6189a0df7e47d8469f85d2eb7fc1b175c33bbadad4c,16.31482296151749,3.2252442836761475,0.9948130956297548
p232_276.wav,RNNoise v0.2,41994,9db03bb35724378122386fbf6a55e13cebfe8760ee126a1991bffe9bb456461d,86ef20a5bb09519bd56cd6189a0df7e47d8469f85d2eb7fc1b175c33bbadad4c,15.099235317220746,3.5550663471221924,0.9951868260239072
p232_276.wav,GTCRN,41994,9db03bb35724378122386fbf6a55e13cebfe8760ee126a1991bffe9bb456461d,86ef20a5bb09519bd56cd6189a0df7e47d8469f85d2eb7fc1b175c33bbadad4c,25.29762761277003,3.78487229347229,0.9960461821219676
p232_277.wav,Noisy,48727,73151eaaa944a6a7d436b845c4a09d9a9cd84b52c416d4e09f20a70e7118a8e6,bdd51f3314f6c84ec1370091444d93d93b4f99c1c138a1122e7fe722135c77b6,11.478122747629184,2.330568790435791,0.9496214000272324
p232_277.wav,RNNoise v0.2,48727,73151eaaa944a6a7d436b845c4a09d9a9cd84b52c416d4e09f20a70e7118a8e6,bdd51f3314f6c84ec1370091444d93d93b4f99c1c138a1122e7fe722135c77b6,13.152275955408442,2.8177287578582764,0.9415765813821567
p232_277.wav,GTCRN,48727,73151eaaa944a6a7d436b845c4a09d9a9cd84b52c416d4e09f20a70e7118a8e6,bdd51f3314f6c84ec1370091444d93d93b4f99c1c138a1122e7fe722135c77b6,20.14809577150713,2.6651840209960938,0.9593298086194171
p232_278.wav,Noisy,39485,9f57797347d4ac17a83688e3eb33c37d1840c942f74b6ca403f11b8a255afe19,69d836eba92096cc7c76c1f719cc2c076f17074332429d6a07df808271943542,5.568807870229996,3.2230165004730225,0.98655372181087
p232_278.wav,RNNoise v0.2,39485,9f57797347d4ac17a83688e3eb33c37d1840c942f74b6ca403f11b8a255afe19,69d836eba92096cc7c76c1f719cc2c076f17074332429d6a07df808271943542,13.635100286449514,3.3285627365112305,0.9866307027937284
p232_278.wav,GTCRN,39485,9f57797347d4ac17a83688e3eb33c37d1840c942f74b6ca403f11b8a255afe19,69d836eba92096cc7c76c1f719cc2c076f17074332429d6a07df808271943542,24.279445271087816,3.5591039657592773,0.9885424335554015
p232_279.wav,Noisy,37074,50fb4c8f62a5ad3131d908f9ceb0103201a69255cb18c1ce0ea3911f35f3999d,39073af6e8bd15a2313afbad082c87ee4fc37a9d885702b85d569d2becd2ac11,0.8694985826528703,1.234815001487732,0.791577221434594
p232_279.wav,RNNoise v0.2,37074,50fb4c8f62a5ad3131d908f9ceb0103201a69255cb18c1ce0ea3911f35f3999d,39073af6e8bd15a2313afbad082c87ee4fc37a9d885702b85d569d2becd2ac11,7.330669489102601,1.6689525842666626,0.8219934980933504
p232_279.wav,GTCRN,37074,50fb4c8f62a5ad3131d908f9ceb0103201a69255cb18c1ce0ea3911f35f3999d,39073af6e8bd15a2313afbad082c87ee4fc37a9d885702b85d569d2becd2ac11,12.692647888023416,1.7568998336791992,0.8352948708511181
p232_280.wav,Noisy,49073,5674306fd6ef5a009fc776ea95d84d6d1faf747969f086ce6f91160397a06ae9,d876e3f8316629bb90ce3d78585f73f1d534ff96b11884bb49655ca75ab9d10a,16.303680346394795,1.6723179817199707,0.9115427791772652
p232_280.wav,RNNoise v0.2,49073,5674306fd6ef5a009fc776ea95d84d6d1faf747969f086ce6f91160397a06ae9,d876e3f8316629bb90ce3d78585f73f1d534ff96b11884bb49655ca75ab9d10a,13.887324912042203,2.331414222717285,0.9177144124153338
p232_280.wav,GTCRN,49073,5674306fd6ef5a009fc776ea95d84d6d1faf747969f086ce6f91160397a06ae9,d876e3f8316629bb90ce3d78585f73f1d534ff96b11884bb49655ca75ab9d10a,20.27749975689659,2.9368739128112793,0.942868185181387
p232_281.wav,Noisy,29510,f9e6c43e5e1b1202571e8dccc956003e17a17f02e6174edf97d12ac0d5a978c9,11ca460fd7ef945f199b53b9f8194174e24eb48da1852e2a112e3c45183e28b1,9.78870700400974,1.6164932250976562,0.80856780507435
p232_281.wav,RNNoise v0.2,29510,f9e6c43e5e1b1202571e8dccc956003e17a17f02e6174edf97d12ac0d5a978c9,11ca460fd7ef945f199b53b9f8194174e24eb48da1852e2a112e3c45183e28b1,12.240695233030367,1.647269368171692,0.7603322494342919
p232_281.wav,GTCRN,29510,f9e6c43e5e1b1202571e8dccc956003e17a17f02e6174edf97d12ac0d5a978c9,11ca460fd7ef945f199b53b9f8194174e24eb48da1852e2a112e3c45183e28b1,15.889290513436109,2.249177932739258,0.8583696810391293
p232_282.wav,Noisy,57415,4e7c9e17e44b3e5acea5b1dcafb8573bf91c3d925288438eebdf9eb3cb1c6c29,672038f5dcc3a7815c5a63fe4cabd14e4e27d1a1bb0490cb7174d4674ac37b92,6.645151817751671,2.0511679649353027,0.9580246591395263
p232_282.wav,RNNoise v0.2,57415,4e7c9e17e44b3e5acea5b1dcafb8573bf91c3d925288438eebdf9eb3cb1c6c29,672038f5dcc3a7815c5a63fe4cabd14e4e27d1a1bb0490cb7174d4674ac37b92,11.511287727929577,2.319986343383789,0.952907154167445
p232_282.wav,GTCRN,57415,4e7c9e17e44b3e5acea5b1dcafb8573bf91c3d925288438eebdf9eb3cb1c6c29,672038f5dcc3a7815c5a63fe4cabd14e4e27d1a1bb0490cb7174d4674ac37b92,19.243049864140175,3.050473213195801,0.9703149164098492
p232_283.wav,Noisy,28820,57241305e3786dd6104279889a3c6ea0d057e9458b80719e0a3d4173869c1dbe,7ffdab55bdd36e52d866b55660330fe48cf0f1aa3d33a6c50a9a58668961784a,0.4671637490603777,1.243075966835022,0.7623847133822411
p232_283.wav,RNNoise v0.2,28820,57241305e3786dd6104279889a3c6ea0d057e9458b80719e0a3d4173869c1dbe,7ffdab55bdd36e52d866b55660330fe48cf0f1aa3d33a6c50a9a58668961784a,8.793993073420083,1.2756946086883545,0.7818225639280317
p232_283.wav,GTCRN,28820,57241305e3786dd6104279889a3c6ea0d057e9458b80719e0a3d4173869c1dbe,7ffdab55bdd36e52d866b55660330fe48cf0f1aa3d33a6c50a9a58668961784a,10.858973196959214,1.4739625453948975,0.794201550753945
p232_284.wav,Noisy,41854,f2a10ae8a516406e975e571ab27745729b61e84b3d8bb61cd505a735206f905b,d4eb27a9e86d57d224b91cc8d42bfae901385acb1ba4f8c840d06785ae540b3c,16.377418888055303,2.60129451751709,0.9938891329809838
p232_284.wav,RNNoise v0.2,41854,f2a10ae8a516406e975e571ab27745729b61e84b3d8bb61cd505a735206f905b,d4eb27a9e86d57d224b91cc8d42bfae901385acb1ba4f8c840d06785ae540b3c,15.338754484649723,2.960282325744629,0.9921400510790336
p232_284.wav,GTCRN,41854,f2a10ae8a516406e975e571ab27745729b61e84b3d8bb61cd505a735206f905b,d4eb27a9e86d57d224b91cc8d42bfae901385acb1ba4f8c840d06785ae540b3c,21.414598716674995,3.425233840942383,0.9949171659922685
p232_285.wav,Noisy,34910,82b26d6ddc1ce177be028a8b6b08593db8b0f6dcc743969e84d59b4d3210fcde,e3a2d32430e3d7e5a8de4d622a13c639e0e9482b9af7dc197b1615a47a56de97,10.528372593820116,2.142683744430542,0.9271352307208145
p232_285.wav,RNNoise v0.2,34910,82b26d6ddc1ce177be028a8b6b08593db8b0f6dcc743969e84d59b4d3210fcde,e3a2d32430e3d7e5a8de4d622a13c639e0e9482b9af7dc197b1615a47a56de97,14.044196415228727,2.7926762104034424,0.944900053528862
p232_285.wav,GTCRN,34910,82b26d6ddc1ce177be028a8b6b08593db8b0f6dcc743969e84d59b4d3210fcde,e3a2d32430e3d7e5a8de4d622a13c639e0e9482b9af7dc197b1615a47a56de97,19.774414799242944,3.3426239490509033,0.9647312682081062
p232_286.wav,Noisy,36024,6d2f3adfe4c99f4ce056f5c197571bf2e7d089bd8f7d9d14523fd24270ec96f4,0470b22b09df1e43a16fabc0aa1a44b5f17a01be66ca29d96ed1803c4c2a44c4,5.950854447204752,1.5661554336547852,0.9110301693953704
p232_286.wav,RNNoise v0.2,36024,6d2f3adfe4c99f4ce056f5c197571bf2e7d089bd8f7d9d14523fd24270ec96f4,0470b22b09df1e43a16fabc0aa1a44b5f17a01be66ca29d96ed1803c4c2a44c4,11.301253364078228,1.854219675064087,0.9173815404464127
p232_286.wav,GTCRN,36024,6d2f3adfe4c99f4ce056f5c197571bf2e7d089bd8f7d9d14523fd24270ec96f4,0470b22b09df1e43a16fabc0aa1a44b5f17a01be66ca29d96ed1803c4c2a44c4,15.769327030091402,2.9205353260040283,0.9541991721355016
p232_287.wav,Noisy,34491,62667f5db45a697fe20e555da1f0698639794e54ae05722b41c844fab2aa0626,1e4adf9e9fdb7749345bd1f6a997a9f1c4d6d4db7a112c6d3b1732314498885b,0.8561182263358691,1.3370224237442017,0.8903699185876783
p232_287.wav,RNNoise v0.2,34491,62667f5db45a697fe20e555da1f0698639794e54ae05722b41c844fab2aa0626,1e4adf9e9fdb7749345bd1f6a997a9f1c4d6d4db7a112c6d3b1732314498885b,8.755660002161266,1.6465619802474976,0.9132997326459698
p232_287.wav,GTCRN,34491,62667f5db45a697fe20e555da1f0698639794e54ae05722b41c844fab2aa0626,1e4adf9e9fdb7749345bd1f6a997a9f1c4d6d4db7a112c6d3b1732314498885b,10.400381194983154,2.0739340782165527,0.9275899770983144
p232_288.wav,Noisy,26846,e74410c1cf1c25bba8a1da89a29b65333f89e8cf4e5b6f619930db00897f7b1d,b431cd110d6e99893c74346c8cc616324d97ddac2a522b7aa0f605702ca935ef,15.456846115626501,3.4340386390686035,0.9876720634730898
p232_288.wav,RNNoise v0.2,26846,e74410c1cf1c25bba8a1da89a29b65333f89e8cf4e5b6f619930db00897f7b1d,b431cd110d6e99893c74346c8cc616324d97ddac2a522b7aa0f605702ca935ef,16.262802748783145,3.7487006187438965,0.990471627006071
p232_288.wav,GTCRN,26846,e74410c1cf1c25bba8a1da89a29b65333f89e8cf4e5b6f619930db00897f7b1d,b431cd110d6e99893c74346c8cc616324d97ddac2a522b7aa0f605702ca935ef,27.035250767798168,4.094868183135986,0.9932020737602447
p232_289.wav,Noisy,52324,9977ef5e842642ee3f606281271dabd438a7f91acb1f7c1531ee9c795c86e8cf,221aae8589a4bfbc04c0ce83e2331076e3877b1adafdd952f5e2b81edeeae5ff,11.478126363205964,3.40871524810791,0.9994073718778527
p232_289.wav,RNNoise v0.2,52324,9977ef5e842642ee3f606281271dabd438a7f91acb1f7c1531ee9c795c86e8cf,221aae8589a4bfbc04c0ce83e2331076e3877b1adafdd952f5e2b81edeeae5ff,15.938898932549021,3.722034215927124,0.9982141690121741
p232_289.wav,GTCRN,52324,9977ef5e842642ee3f606281271dabd438a7f91acb1f7c1531ee9c795c86e8cf,221aae8589a4bfbc04c0ce83e2331076e3877b1adafdd952f5e2b81edeeae5ff,25.95459648260806,4.044716835021973,0.999229304195631
p232_290.wav,Noisy,29971,acca0c06471778c04e4cb77155021c8400931e4c7c17daec95043f24f21346a0,c656f8de88bed114439ec3962db0aabfc79ddc8f2474bdba2d0edd89e1cf9864,4.773950727895554,2.888859987258911,0.9952629567475302
p232_290.wav,RNNoise v0.2,29971,acca0c06471778c04e4cb77155021c8400931e4c7c17daec95043f24f21346a0,c656f8de88bed114439ec3962db0aabfc79ddc8f2474bdba2d0edd89e1cf9864,15.648745886111236,3.4461090564727783,0.992712082674632
p232_290.wav,GTCRN,29971,acca0c06471778c04e4cb77155021c8400931e4c7c17daec95043f24f21346a0,c656f8de88bed114439ec3962db0aabfc79ddc8f2474bdba2d0edd89e1cf9864,26.20227292339457,3.9186275005340576,0.9987720589069167
p232_291.wav,Noisy,36578,0d9587724c1695c8bf8b0e48e96e47911feeb98c338164c529a0b16bb5bb62a0,ed2afb968d5da245dd698b609d1604fac1ab7f899dbdde9dfc8bae5ec0fd2483,0.5670843314038444,2.190782308578491,0.9977565475003943
p232_291.wav,RNNoise v0.2,36578,0d9587724c1695c8bf8b0e48e96e47911feeb98c338164c529a0b16bb5bb62a0,ed2afb968d5da245dd698b609d1604fac1ab7f899dbdde9dfc8bae5ec0fd2483,13.338781189939349,2.6949715614318848,0.9964876558420854
p232_291.wav,GTCRN,36578,0d9587724c1695c8bf8b0e48e96e47911feeb98c338164c529a0b16bb5bb62a0,ed2afb968d5da245dd698b609d1604fac1ab7f899dbdde9dfc8bae5ec0fd2483,23.645815187739476,3.6153035163879395,0.9981214149321664
p232_292.wav,Noisy,39841,6bb1d5bbeb4887bac4d4710a51afa1061c6571821ffe66d8a177ada79ca5484c,0159a01f80a403150718fff4e931fb6984f508ddb96f2e5bba90814f8fbc8b48,15.131078510125315,2.781987428665161,0.9939396581685294
p232_292.wav,RNNoise v0.2,39841,6bb1d5bbeb4887bac4d4710a51afa1061c6571821ffe66d8a177ada79ca5484c,0159a01f80a403150718fff4e931fb6984f508ddb96f2e5bba90814f8fbc8b48,15.535681623435549,3.3177099227905273,0.9956763964559013
p232_292.wav,GTCRN,39841,6bb1d5bbeb4887bac4d4710a51afa1061c6571821ffe66d8a177ada79ca5484c,0159a01f80a403150718fff4e931fb6984f508ddb96f2e5bba90814f8fbc8b48,23.92430369104622,3.4636082649230957,0.9966937189099174
p232_293.wav,Noisy,54632,33460c9b9a825713fe69b219bf939aa87e7d4a847e86fd5854438393e0f389f5,c935429833ca5209fe55aa39952efcc1437f6832253b5c2405d2541ca4af5ec2,11.62147586651745,1.9670376777648926,0.9565713142843568
p232_293.wav,RNNoise v0.2,54632,33460c9b9a825713fe69b219bf939aa87e7d4a847e86fd5854438393e0f389f5,c935429833ca5209fe55aa39952efcc1437f6832253b5c2405d2541ca4af5ec2,13.796981960665399,2.694735527038574,0.9621785883367977
p232_293.wav,GTCRN,54632,33460c9b9a825713fe69b219bf939aa87e7d4a847e86fd5854438393e0f389f5,c935429833ca5209fe55aa39952efcc1437f6832253b5c2405d2541ca4af5ec2,21.087691465795086,2.8570120334625244,0.9659612436033794
p232_294.wav,Noisy,55787,a2591dd4ca3f19d40fb5f620e491b56d7f9ef35db1a30e9880ce6da6362e7a39,21143b222182d19a38e60fdbdf4872be54d1ff8d323411c505e6dfe635048205,6.5037471014090364,1.695282220840454,0.9316746339286169
p232_294.wav,RNNoise v0.2,55787,a2591dd4ca3f19d40fb5f620e491b56d7f9ef35db1a30e9880ce6da6362e7a39,21143b222182d19a38e60fdbdf4872be54d1ff8d323411c505e6dfe635048205,11.376891836424905,2.481189727783203,0.9566353317563202
p232_294.wav,GTCRN,55787,a2591dd4ca3f19d40fb5f620e491b56d7f9ef35db1a30e9880ce6da6362e7a39,21143b222182d19a38e60fdbdf4872be54d1ff8d323411c505e6dfe635048205,17.48144215532082,2.87157940864563,0.9714807377776425
p232_295.wav,Noisy,49235,a5cf5e7b2e8bf61c78d5f719fd81868508b13b20e7be641ddb89d7841cc90b2b,8bfbe6156fd155aff152e02365c08f7365e693fb775c0868a6a49924ae2735b1,1.4659069106182772,1.3324579000473022,0.8780866728058027
p232_295.wav,RNNoise v0.2,49235,a5cf5e7b2e8bf61c78d5f719fd81868508b13b20e7be641ddb89d7841cc90b2b,8bfbe6156fd155aff152e02365c08f7365e693fb775c0868a6a49924ae2735b1,9.112345683742245,1.656419038772583,0.9032616765669451
p232_295.wav,GTCRN,49235,a5cf5e7b2e8bf61c78d5f719fd81868508b13b20e7be641ddb89d7841cc90b2b,8bfbe6156fd155aff152e02365c08f7365e693fb775c0868a6a49924ae2735b1,14.6348446994309,2.039701461791992,0.9239036290329768
p232_296.wav,Noisy,34752,e62bbfe9dc73b99dab42004c2da0de679cbd779cf1192ee6a8676ad8fd292083,c89b1615bfa2f85e8c77934729df7a0067092778f0c76f1ed5f9baa692095e3f,16.002221001875434,2.97759747505188,0.9550496466984487
p232_296.wav,RNNoise v0.2,34752,e62bbfe9dc73b99dab42004c2da0de679cbd779cf1192ee6a8676ad8fd292083,c89b1615bfa2f85e8c77934729df7a0067092778f0c76f1ed5f9baa692095e3f,14.405560743943255,3.376223087310791,0.9378873502119058
p232_296.wav,GTCRN,34752,e62bbfe9dc73b99dab42004c2da0de679cbd779cf1192ee6a8676ad8fd292083,c89b1615bfa2f85e8c77934729df7a0067092778f0c76f1ed5f9baa692095e3f,24.783314105799747,3.33872652053833,0.9688072828546025
p232_297.wav,Noisy,34621,2b7f650f92c066e88e0795fa1ebe5958eaea0e67400d2841db9a084a0a06ddae,69721bd6ce9bb2d9d3dc6bf7157ab4b1cdd31fb3c569c63cfc899593dfae8a2c,11.003618340869155,3.2710423469543457,0.9415456363012229
p232_297.wav,RNNoise v0.2,34621,2b7f650f92c066e88e0795fa1ebe5958eaea0e67400d2841db9a084a0a06ddae,69721bd6ce9bb2d9d3dc6bf7157ab4b1cdd31fb3c569c63cfc899593dfae8a2c,13.925666073377096,3.530505657196045,0.9560055176896948
p232_297.wav,GTCRN,34621,2b7f650f92c066e88e0795fa1ebe5958eaea0e67400d2841db9a084a0a06ddae,69721bd6ce9bb2d9d3dc6bf7157ab4b1cdd31fb3c569c63cfc899593dfae8a2c,23.869195503809188,3.4677882194519043,0.948905393876599
p232_298.wav,Noisy,25605,a3293b1138ec786b608fa67333bdf9acf63353f0307f0d2afa4e49877bc10ebe,deb56a8800fde5935a7f1ed9167cf64dfdb971a6efd21d236c5c815f9988f570,5.194490284605262,2.1087379455566406,0.9441851343318073
p232_298.wav,RNNoise v0.2,25605,a3293b1138ec786b608fa67333bdf9acf63353f0307f0d2afa4e49877bc10ebe,deb56a8800fde5935a7f1ed9167cf64dfdb971a6efd21d236c5c815f9988f570,11.10591536436491,1.9591805934906006,0.9571763200888993
p232_298.wav,GTCRN,25605,a3293b1138ec786b608fa67333bdf9acf63353f0307f0d2afa4e49877bc10ebe,deb56a8800fde5935a7f1ed9167cf64dfdb971a6efd21d236c5c815f9988f570,20.675754488771947,2.720675230026245,0.9661163976457512
p232_299.wav,Noisy,27110,ddcd04ca63eefccec92c363693561141b5507bace82a1bf1f08f8d6ebaf1845c,27c02796d731587a19d8ac0e228009cd7bb2f749317f810cfa1bf323a82abbc5,0.2848183812329675,2.4819178581237793,0.9066700580962402
p232_299.wav,RNNoise v0.2,27110,ddcd04ca63eefccec92c363693561141b5507bace82a1bf1f08f8d6ebaf1845c,27c02796d731587a19d8ac0e228009cd7bb2f749317f810cfa1bf323a82abbc5,10.85175887036855,3.0763907432556152,0.9184429644270556
p232_299.wav,GTCRN,27110,ddcd04ca63eefccec92c363693561141b5507bace82a1bf1f08f8d6ebaf1845c,27c02796d731587a19d8ac0e228009cd7bb2f749317f810cfa1bf323a82abbc5,21.51201668970305,3.0103917121887207,0.9320106315099731
p232_300.wav,Noisy,24508,9c5fa3e3ef106949e3527c517bd0239b7a536d558cd57d3558f472aac5024c8a,32fbc056d207b1dc5a3974353bd9e0f129030d88f65f7bd1465e18f9039fa536,15.25617777874353,2.254974842071533,0.8897185190566631
p232_300.wav,RNNoise v0.2,24508,9c5fa3e3ef106949e3527c517bd0239b7a536d558cd57d3558f472aac5024c8a,32fbc056d207b1dc5a3974353bd9e0f129030d88f65f7bd1465e18f9039fa536,15.702361437123212,2.4554667472839355,0.9079512816505585
p232_300.wav,GTCRN,24508,9c5fa3e3ef106949e3527c517bd0239b7a536d558cd57d3558f472aac5024c8a,32fbc056d207b1dc5a3974353bd9e0f129030d88f65f7bd1465e18f9039fa536,21.842734619177683,3.00126314163208,0.9084883247804187
p232_301.wav,Noisy,38101,4a71c1bdd5234921eff7e99709d67e0fbae43f2cb6545b1e6079b1b15f238047,8de7bdd45ae632026a1e0a62c9b51678810d642c3a6312930695909689cc5370,10.292478855279423,1.9186561107635498,0.9703009888718759
p232_301.wav,RNNoise v0.2,38101,4a71c1bdd5234921eff7e99709d67e0fbae43f2cb6545b1e6079b1b15f238047,8de7bdd45ae632026a1e0a62c9b51678810d642c3a6312930695909689cc5370,14.29148737269018,1.783517599105835,0.9540744711037746
p232_301.wav,GTCRN,38101,4a71c1bdd5234921eff7e99709d67e0fbae43f2cb6545b1e6079b1b15f238047,8de7bdd45ae632026a1e0a62c9b51678810d642c3a6312930695909689cc5370,20.79540536151065,2.862032651901245,0.9894056509416622
p232_302.wav,Noisy,27163,be4d76b5e81871a7d38254e9c1650a0889a07717551e78c357025a48c3a3c0b0,e2c676103827d6607374c92bea44be4a188fa84ef9fb9812e0aa88803598dfd2,5.294102160985807,1.2708889245986938,0.7116863088537283
p232_302.wav,RNNoise v0.2,27163,be4d76b5e81871a7d38254e9c1650a0889a07717551e78c357025a48c3a3c0b0,e2c676103827d6607374c92bea44be4a188fa84ef9fb9812e0aa88803598dfd2,9.150126920035401,1.384887933731079,0.659643889350387
p232_302.wav,GTCRN,27163,be4d76b5e81871a7d38254e9c1650a0889a07717551e78c357025a48c3a3c0b0,e2c676103827d6607374c92bea44be4a188fa84ef9fb9812e0aa88803598dfd2,13.184818324057154,1.8997750282287598,0.8315782182061762
p232_303.wav,Noisy,58766,e55a708402ebdc3f511f94730570ab14b8ef31ec5a5d4bff2ac405800e91d8d4,f4947308600803b14b788a5a04b825445311c0fd88b678a5cb17ef65ee455835,1.7417501423636128,1.1649905443191528,0.8076817495089499
p232_303.wav,RNNoise v0.2,58766,e55a708402ebdc3f511f94730570ab14b8ef31ec5a5d4bff2ac405800e91d8d4,f4947308600803b14b788a5a04b825445311c0fd88b678a5cb17ef65ee455835,6.664407827432289,1.435997486114502,0.8553597616569161
p232_303.wav,GTCRN,58766,e55a708402ebdc3f511f94730570ab14b8ef31ec5a5d4bff2ac405800e91d8d4,f4947308600803b14b788a5a04b825445311c0fd88b678a5cb17ef65ee455835,9.202470684768763,1.7386538982391357,0.871081552829664
p232_305.wav,Noisy,23273,34c55701718d62f4e7b57ce5d2e52f7868604a1d9e43c375026637486f275b41,c7a1aa4934fe3fce8b88e3b977d5285c52e12edd38c850cecc06c81cdda86477,15.953333731527216,2.0555944442749023,0.9372131635310907
p232_305.wav,RNNoise v0.2,23273,34c55701718d62f4e7b57ce5d2e52f7868604a1d9e43c375026637486f275b41,c7a1aa4934fe3fce8b88e3b977d5285c52e12edd38c850cecc06c81cdda86477,15.8646758434954,3.055323600769043,0.9438699024549831
p232_305.wav,GTCRN,23273,34c55701718d62f4e7b57ce5d2e52f7868604a1d9e43c375026637486f275b41,c7a1aa4934fe3fce8b88e3b977d5285c52e12edd38c850cecc06c81cdda86477,23.263278583357856,2.512507438659668,0.9582945759908906
p232_306.wav,Noisy,28742,1f3b645742035fa2cfcbf1cac67fef45b408b76194e7faa18a80992cda97bec9,73875e8b8f944cff437266705871b237051900f501f4eba93195e4a0a6a0e06d,10.779476257591266,1.5658385753631592,0.857428767566649
p232_306.wav,RNNoise v0.2,28742,1f3b645742035fa2cfcbf1cac67fef45b408b76194e7faa18a80992cda97bec9,73875e8b8f944cff437266705871b237051900f501f4eba93195e4a0a6a0e06d,13.126915002516142,1.831038236618042,0.8689536872042469
p232_306.wav,GTCRN,28742,1f3b645742035fa2cfcbf1cac67fef45b408b76194e7faa18a80992cda97bec9,73875e8b8f944cff437266705871b237051900f501f4eba93195e4a0a6a0e06d,17.68997907237862,2.1969339847564697,0.8818483972412983
p232_307.wav,Noisy,62602,b04ec095a0e52e37f1aa97b451efedc54f034a2a5b1730c5349d76a6611a5041,a747add05bb2e0853a61ba56c133e70a5bc8c8e7bdc2e147f26bd22f65a629f1,7.142807346049952,1.189969539642334,0.8896687638293514
p232_307.wav,RNNoise v0.2,62602,b04ec095a0e52e37f1aa97b451efedc54f034a2a5b1730c5349d76a6611a5041,a747add05bb2e0853a61ba56c133e70a5bc8c8e7bdc2e147f26bd22f65a629f1,11.884233849911343,1.9848437309265137,0.9478892444396001
p232_307.wav,GTCRN,62602,b04ec095a0e52e37f1aa97b451efedc54f034a2a5b1730c5349d76a6611a5041,a747add05bb2e0853a61ba56c133e70a5bc8c8e7bdc2e147f26bd22f65a629f1,15.16821166072219,1.9912045001983643,0.935712938919894
p232_308.wav,Noisy,33193,f348978e4014fa1f88ba0aaf918cb315f126ef598bbf2a7e79830ca21d28a066,8a11dc9954b7bad4c55945b39b070665921f6070d1784c7ee4ebf76ada7b6692,0.31998834839369517,1.3525395393371582,0.7989147159718876
p232_308.wav,RNNoise v0.2,33193,f348978e4014fa1f88ba0aaf918cb315f126ef598bbf2a7e79830ca21d28a066,8a11dc9954b7bad4c55945b39b070665921f6070d1784c7ee4ebf76ada7b6692,7.802971654385345,1.581296682357788,0.7947846386921906
p232_308.wav,GTCRN,33193,f348978e4014fa1f88ba0aaf918cb315f126ef598bbf2a7e79830ca21d28a066,8a11dc9954b7bad4c55945b39b070665921f6070d1784c7ee4ebf76ada7b6692,11.277062079343509,1.8504189252853394,0.8506064440956034
p232_309.wav,Noisy,39622,0970607a4f1dea526d15aa9d55e977dfa2ddd5afbf6be425a1acd9981fc63834,0b10edf1cae800d2bfc2354ace5de4e2ff85c8adcc5d8b2b2a0c0fa48023f482,16.242666657587424,3.646808624267578,0.9821392115039508
p232_309.wav,RNNoise v0.2,39622,0970607a4f1dea526d15aa9d55e977dfa2ddd5afbf6be425a1acd9981fc63834,0b10edf1cae800d2bfc2354ace5de4e2ff85c8adcc5d8b2b2a0c0fa48023f482,15.76191075948919,3.8777854442596436,0.9808571731138443
p232_309.wav,GTCRN,39622,0970607a4f1dea526d15aa9d55e977dfa2ddd5afbf6be425a1acd9981fc63834,0b10edf1cae800d2bfc2354ace5de4e2ff85c8adcc5d8b2b2a0c0fa48023f482,27.792584705943035,4.016767501831055,0.9805370188111945
p232_310.wav,Noisy,23233,b3f4554063c43d7d96bd94d567d96528691107d10508e085492e1fc56fd7c61f,47609d782d2d2c1d584f3d80aee1a6bd46406ecea468733ce99ccb8f797db13c,10.009399570973859,2.593686580657959,0.9402604372061314
p232_310.wav,RNNoise v0.2,23233,b3f4554063c43d7d96bd94d567d96528691107d10508e085492e1fc56fd7c61f,47609d782d2d2c1d584f3d80aee1a6bd46406ecea468733ce99ccb8f797db13c,14.533098267022307,2.774693727493286,0.938417430891042
p232_310.wav,GTCRN,23233,b3f4554063c43d7d96bd94d567d96528691107d10508e085492e1fc56fd7c61f,47609d782d2d2c1d584f3d80aee1a6bd46406ecea468733ce99ccb8f797db13c,21.34542231659956,2.9113810062408447,0.9595493654682626
p232_311.wav,Noisy,32372,981cd0fd2c7f90b07ba0a46f229452f5f2eff8e523bf50b2b74f77665c9245e4,4c7fbf2caed59f35e360b4691083edd49eaed05ed428f4dabfc181f14cc29980,5.68250736899663,2.748619556427002,0.9578485957271848
p232_311.wav,RNNoise v0.2,32372,981cd0fd2c7f90b07ba0a46f229452f5f2eff8e523bf50b2b74f77665c9245e4,4c7fbf2caed59f35e360b4691083edd49eaed05ed428f4dabfc181f14cc29980,13.680357220097918,2.96170711517334,0.9700776638983939
p232_311.wav,GTCRN,32372,981cd0fd2c7f90b07ba0a46f229452f5f2eff8e523bf50b2b74f77665c9245e4,4c7fbf2caed59f35e360b4691083edd49eaed05ed428f4dabfc181f14cc29980,22.684901539277682,3.6548924446105957,0.9769357459111597
p232_312.wav,Noisy,44330,7bb521e4e32fffa1c123e4f13af470009c5792d79d84f3f29241c0c8e732200d,bae3eacd442266532f2c3c8c8d7157f7631aacdf7c60fb4c60062803f1bebb4d,1.3824534209708574,2.0351269245147705,0.9590690945150852
p232_312.wav,RNNoise v0.2,44330,7bb521e4e32fffa1c123e4f13af470009c5792d79d84f3f29241c0c8e732200d,bae3eacd442266532f2c3c8c8d7157f7631aacdf7c60fb4c60062803f1bebb4d,12.360581642281542,2.8753960132598877,0.9626284325804527
p232_312.wav,GTCRN,44330,7bb521e4e32fffa1c123e4f13af470009c5792d79d84f3f29241c0c8e732200d,bae3eacd442266532f2c3c8c8d7157f7631aacdf7c60fb4c60062803f1bebb4d,21.08049905206194,3.283336639404297,0.9756202469458627
p232_313.wav,Noisy,34018,413e772b4276128ad4bd8a4623bd45fd20f2fe721148f86c5fff1c92739f6e2c,9574c7d099f522fcd6f03e1825114117d68f20d016db2619614da5e3c346ede1,15.950370279356104,2.670889139175415,0.9533962278928715
p232_313.wav,RNNoise v0.2,34018,413e772b4276128ad4bd8a4623bd45fd20f2fe721148f86c5fff1c92739f6e2c,9574c7d099f522fcd6f03e1825114117d68f20d016db2619614da5e3c346ede1,15.258602371257147,2.539503335952759,0.9400585093132645
p232_313.wav,GTCRN,34018,413e772b4276128ad4bd8a4623bd45fd20f2fe721148f86c5fff1c92739f6e2c,9574c7d099f522fcd6f03e1825114117d68f20d016db2619614da5e3c346ede1,23.56977629737749,3.234773874282837,0.9672974244255047
p232_314.wav,Noisy,28477,cb05f3320f2b282ae14c51c25819e998ec1246929115fed7be996371b3b68589,2d4ede141327efb44b87cc028c797ea1c82061507f5b2e4219b51da2b784deba,10.619428309257103,1.6863638162612915,0.9235211454484794
p232_314.wav,RNNoise v0.2,28477,cb05f3320f2b282ae14c51c25819e998ec1246929115fed7be996371b3b68589,2d4ede141327efb44b87cc028c797ea1c82061507f5b2e4219b51da2b784deba,12.965025211513229,1.9098598957061768,0.9064804600403233
p232_314.wav,GTCRN,28477,cb05f3320f2b282ae14c51c25819e998ec1246929115fed7be996371b3b68589,2d4ede141327efb44b87cc028c797ea1c82061507f5b2e4219b51da2b784deba,20.4477794158031,2.859968662261963,0.9564529381082637
p232_315.wav,Noisy,24622,0f35a8c48859e1f87a3c6e28e8cd9a91afd70bc5843c1644543b0764314cd995,64d6807dbe0687e8ffb6d40174ff985e26dfbcc293a2e5d01c36ec1308072901,5.101426056729,1.9053754806518555,0.8641322861807977
p232_315.wav,RNNoise v0.2,24622,0f35a8c48859e1f87a3c6e28e8cd9a91afd70bc5843c1644543b0764314cd995,64d6807dbe0687e8ffb6d40174ff985e26dfbcc293a2e5d01c36ec1308072901,12.847876643692569,2.1664369106292725,0.7922267778171906
p232_315.wav,GTCRN,24622,0f35a8c48859e1f87a3c6e28e8cd9a91afd70bc5843c1644543b0764314cd995,64d6807dbe0687e8ffb6d40174ff985e26dfbcc293a2e5d01c36ec1308072901,21.215050407716753,2.9718613624572754,0.9182659413628169
p232_316.wav,Noisy,26107,44d2d0a20c3ef00f1666b8f31e28d5868e25887c02985fb52032dcabb65bd1bf,bd4b046f27767dea99c247b0c7b3e8475bbdb81536c2d1b64c651f7af9386c92,0.38461975250105196,1.1448355913162231,0.7608128099643368
p232_316.wav,RNNoise v0.2,26107,44d2d0a20c3ef00f1666b8f31e28d5868e25887c02985fb52032dcabb65bd1bf,bd4b046f27767dea99c247b0c7b3e8475bbdb81536c2d1b64c651f7af9386c92,8.981462024729467,1.2180583477020264,0.795787005950136
p232_316.wav,GTCRN,26107,44d2d0a20c3ef00f1666b8f31e28d5868e25887c02985fb52032dcabb65bd1bf,bd4b046f27767dea99c247b0c7b3e8475bbdb81536c2d1b64c651f7af9386c92,13.81968367533323,1.536760687828064,0.8230348749725985
p232_317.wav,Noisy,38477,7b4c649ec87e9a3069be8a88bb7389967218f8cbe3c9cd9e051634b2b875f376,1105ebac88b259281b1e9a71d3c16d1f95ad637e772fb593598fc979d15fd086,15.992447321315312,3.277195930480957,0.9938074284758995
p232_317.wav,RNNoise v0.2,38477,7b4c649ec87e9a3069be8a88bb7389967218f8cbe3c9cd9e051634b2b875f376,1105ebac88b259281b1e9a71d3c16d1f95ad637e772fb593598fc979d15fd086,15.14351119914565,3.5192008018493652,0.9927724543171359
p232_317.wav,GTCRN,38477,7b4c649ec87e9a3069be8a88bb7389967218f8cbe3c9cd9e051634b2b875f376,1105ebac88b259281b1e9a71d3c16d1f95ad637e772fb593598fc979d15fd086,26.509244423220117,3.7444779872894287,0.9935534884585494
p232_318.wav,Noisy,38254,998a3bb21b7a0ed0b5fb2cfa2f46a7fbee23c18c46824250018b5c95c63efed4,4145f5245b270ac7dec761183caa2c9b08e80436a72c1e84841f9549c79892e5,11.182046312477516,2.817911386489868,0.9912007864816132
p232_318.wav,RNNoise v0.2,38254,998a3bb21b7a0ed0b5fb2cfa2f46a7fbee23c18c46824250018b5c95c63efed4,4145f5245b270ac7dec761183caa2c9b08e80436a72c1e84841f9549c79892e5,13.867458398712014,2.984816312789917,0.9909348612748428
p232_318.wav,GTCRN,38254,998a3bb21b7a0ed0b5fb2cfa2f46a7fbee23c18c46824250018b5c95c63efed4,4145f5245b270ac7dec761183caa2c9b08e80436a72c1e84841f9549c79892e5,22.483585387664537,3.4359939098358154,0.9913363831885895
p232_319.wav,Noisy,39552,1c9fcf9a7b68621bd5ed71c618b4b148b0b65ca560ed25fa330f65545c865cd2,c84fde2d42bc52a6129b218ddc7166d0c3955c9cf8527c1c691b830f0c82ebe2,6.2353017926924945,3.035184860229492,0.9712290578344657
p232_319.wav,RNNoise v0.2,39552,1c9fcf9a7b68621bd5ed71c618b4b148b0b65ca560ed25fa330f65545c865cd2,c84fde2d42bc52a6129b218ddc7166d0c3955c9cf8527c1c691b830f0c82ebe2,12.652370350249068,3.6202471256256104,0.9692577885009356
p232_319.wav,GTCRN,39552,1c9fcf9a7b68621bd5ed71c618b4b148b0b65ca560ed25fa330f65545c865cd2,c84fde2d42bc52a6129b218ddc7166d0c3955c9cf8527c1c691b830f0c82ebe2,24.296901667903622,3.6369802951812744,0.9779227996196044
p232_320.wav,Noisy,31701,ee2f837a4a970d2129a1ecf22ce5cf44b041e1f9c465fbd88f3d6d1edc8b12ae,737b6a4e3e706ac138fa4522a60d61f1b6fd8d73f3d794307de3ccd0ed8c641f,0.8374492447986459,1.9027049541473389,0.9128825013481371
p232_320.wav,RNNoise v0.2,31701,ee2f837a4a970d2129a1ecf22ce5cf44b041e1f9c465fbd88f3d6d1edc8b12ae,737b6a4e3e706ac138fa4522a60d61f1b6fd8d73f3d794307de3ccd0ed8c641f,10.666466893693896,2.70438551902771,0.943024977634049
p232_320.wav,GTCRN,31701,ee2f837a4a970d2129a1ecf22ce5cf44b041e1f9c465fbd88f3d6d1edc8b12ae,737b6a4e3e706ac138fa4522a60d61f1b6fd8d73f3d794307de3ccd0ed8c641f,18.06377368128965,2.5721983909606934,0.9033613656057201
p232_321.wav,Noisy,40921,8ecf4b3f0e31ed9368f30123b39228db112c2c8d5c1450bb4c95fef65fcb9716,91e94cc2ece042468149f97f782f67563203ba21c83169d631b00c443a3f3a93,16.304917105910494,2.3592488765716553,0.9911175576086815
p232_321.wav,RNNoise v0.2,40921,8ecf4b3f0e31ed9368f30123b39228db112c2c8d5c1450bb4c95fef65fcb9716,91e94cc2ece042468149f97f782f67563203ba21c83169d631b00c443a3f3a93,15.319502114371764,2.5151560306549072,0.9939363437132207
p232_321.wav,GTCRN,40921,8ecf4b3f0e31ed9368f30123b39228db112c2c8d5c1450bb4c95fef65fcb9716,91e94cc2ece042468149f97f782f67563203ba21c83169d631b00c443a3f3a93,24.83958574575748,3.3588781356811523,0.9952188246584194
p232_322.wav,Noisy,42712,f63740224dcf33fd21ca60886c1a2c4eee413af299f3c5b896ab27c9b32f705a,e90eac0d458e84f501672590dabe2f0ec2266340bed56480b252868f8c49d2a3,11.374961611620035,1.5808905363082886,0.9210615400629737
p232_322.wav,RNNoise v0.2,42712,f63740224dcf33fd21ca60886c1a2c4eee413af299f3c5b896ab27c9b32f705a,e90eac0d458e84f501672590dabe2f0ec2266340bed56480b252868f8c49d2a3,13.841976004856795,2.050048589706421,0.9079866224691702
p232_322.wav,GTCRN,42712,f63740224dcf33fd21ca60886c1a2c4eee413af299f3c5b896ab27c9b32f705a,e90eac0d458e84f501672590dabe2f0ec2266340bed56480b252868f8c49d2a3,19.504448420672556,2.276331663131714,0.9429798913463333
p232_323.wav,Noisy,33957,60de28d56a85ac2a6487b97f9937fbbab35b968e4b6d03aea710fcaffa479efd,90ac2a6c75535b8cf6eacc2cabe120508a45663be68159d2db6578c5bed485e1,6.020463807593393,1.343427300453186,0.9253910951285186
p232_323.wav,RNNoise v0.2,33957,60de28d56a85ac2a6487b97f9937fbbab35b968e4b6d03aea710fcaffa479efd,90ac2a6c75535b8cf6eacc2cabe120508a45663be68159d2db6578c5bed485e1,10.406456060860128,2.0598304271698,0.9531478552735657
p232_323.wav,GTCRN,33957,60de28d56a85ac2a6487b97f9937fbbab35b968e4b6d03aea710fcaffa479efd,90ac2a6c75535b8cf6eacc2cabe120508a45663be68159d2db6578c5bed485e1,15.010964712886047,2.1364848613739014,0.9481274011761563
p232_324.wav,Noisy,40951,33d12a7161bdf603f8b38c76b62fb9c7658b7f1a937052d419445cfff6eb85b4,ba41089f6246be65bf3e77c48912494a6b4a51c546afbf6c68998e3b264e47ab,1.2766735973751684,1.2840930223464966,0.8969209527171196
p232_324.wav,RNNoise v0.2,40951,33d12a7161bdf603f8b38c76b62fb9c7658b7f1a937052d419445cfff6eb85b4,ba41089f6246be65bf3e77c48912494a6b4a51c546afbf6c68998e3b264e47ab,8.976769404133433,1.8620760440826416,0.9208969324001897
p232_324.wav,GTCRN,40951,33d12a7161bdf603f8b38c76b62fb9c7658b7f1a937052d419445cfff6eb85b4,ba41089f6246be65bf3e77c48912494a6b4a51c546afbf6c68998e3b264e47ab,11.889580753446191,1.9201632738113403,0.9401909990658591
p232_325.wav,Noisy,28114,166e55ec7b50c141be588ebab1e452108cb6594a6d0f304cc5e962094945cd94,fcc8ca9d4f8d214ff60a10fa740bbd9def09d08fe31e556f53639091ec7d5201,15.37421378805601,2.2427680492401123,0.9749785174381717
p232_325.wav,RNNoise v0.2,28114,166e55ec7b50c141be588ebab1e452108cb6594a6d0f304cc5e962094945cd94,fcc8ca9d4f8d214ff60a10fa740bbd9def09d08fe31e556f53639091ec7d5201,15.762724914150741,2.687023878097534,0.9875613150060799
p232_325.wav,GTCRN,28114,166e55ec7b50c141be588ebab1e452108cb6594a6d0f304cc5e962094945cd94,fcc8ca9d4f8d214ff60a10fa740bbd9def09d08fe31e556f53639091ec7d5201,22.94596148966365,2.2247684001922607,0.9882170210369949
p232_326.wav,Noisy,26411,12d8319379589ceb49834d1a9c86941436f39f762b939b08fcad66901a194060,5e936f7b91d6a7cbdaf761b6865d928ed844aace13fbdae8b36150fef01965e4,10.456486351600262,1.9547839164733887,0.8499137569772893
p232_326.wav,RNNoise v0.2,26411,12d8319379589ceb49834d1a9c86941436f39f762b939b08fcad66901a194060,5e936f7b91d6a7cbdaf761b6865d928ed844aace13fbdae8b36150fef01965e4,12.04361441688719,1.7025073766708374,0.8749476020960559
p232_326.wav,GTCRN,26411,12d8319379589ceb49834d1a9c86941436f39f762b939b08fcad66901a194060,5e936f7b91d6a7cbdaf761b6865d928ed844aace13fbdae8b36150fef01965e4,16.898064392016806,2.4580276012420654,0.9070284462636555
p232_327.wav,Noisy,38122,aa01630f1d6c254f8b660f0465019ef6e0a2be8f27625ef2caeb526a194e273f,5141686a495cfae78cca5018496833f390f2069f2a76f1cbe6e627012eed24be,6.233875685177286,1.5816553831100464,0.9585903924850885
p232_327.wav,RNNoise v0.2,38122,aa01630f1d6c254f8b660f0465019ef6e0a2be8f27625ef2caeb526a194e273f,5141686a495cfae78cca5018496833f390f2069f2a76f1cbe6e627012eed24be,10.669614073040956,1.772818922996521,0.9632085919095628
p232_327.wav,GTCRN,38122,aa01630f1d6c254f8b660f0465019ef6e0a2be8f27625ef2caeb526a194e273f,5141686a495cfae78cca5018496833f390f2069f2a76f1cbe6e627012eed24be,17.12490659373455,2.537033796310425,0.9823954606096896
p232_328.wav,Noisy,42486,61c552899b3b59aaba35eeed3ac522f79848888da3dd2649320c823c0253c9ce,459d199d4da7d7fac062be58d66859aa6d280d647d70d7beab601d63678ebdb8,1.295610720047238,1.2298411130905151,0.8356072155345828
p232_328.wav,RNNoise v0.2,42486,61c552899b3b59aaba35eeed3ac522f79848888da3dd2649320c823c0253c9ce,459d199d4da7d7fac062be58d66859aa6d280d647d70d7beab601d63678ebdb8,6.846001370029576,1.4248318672180176,0.7921389564160529
p232_328.wav,GTCRN,42486,61c552899b3b59aaba35eeed3ac522f79848888da3dd2649320c823c0253c9ce,459d199d4da7d7fac062be58d66859aa6d280d647d70d7beab601d63678ebdb8,10.105458688132412,2.1859891414642334,0.8796462188112061
p232_329.wav,Noisy,31848,7a1fe08683c6d6445e3f78580a170e32a119a3859b31a05a968e428f49506ae9,ad39e01cd9163acafb6c4ce2a1c82544ee984a727960344c0f4e54a398f2db06,15.80419844678926,3.210193157196045,0.9995608727446443
p232_329.wav,RNNoise v0.2,31848,7a1fe08683c6d6445e3f78580a170e32a119a3859b31a05a968e428f49506ae9,ad39e01cd9163acafb6c4ce2a1c82544ee984a727960344c0f4e54a398f2db06,15.05840662000409,3.297144889831543,0.9988955526539538
p232_329.wav,GTCRN,31848,7a1fe08683c6d6445e3f78580a170e32a119a3859b31a05a968e428f49506ae9,ad39e01cd9163acafb6c4ce2a1c82544ee984a727960344c0f4e54a398f2db06,26.725791005269684,3.8514623641967773,0.9994048432017681
p232_330.wav,Noisy,35411,3384bb4165ad2dd975895ab1210d105e9e325b603f3bbd1c1468672a0c1442ea,dfe62827f8735ba73c4ade045106a1f8e87e525b959afca8640f5efc95f52542,10.369196822562454,2.6495485305786133,0.9751626931201268
p232_330.wav,RNNoise v0.2,35411,3384bb4165ad2dd975895ab1210d105e9e325b603f3bbd1c1468672a0c1442ea,dfe62827f8735ba73c4ade045106a1f8e87e525b959afca8640f5efc95f52542,14.62907964655244,3.089052438735962,0.9760393377481356
p232_330.wav,GTCRN,35411,3384bb4165ad2dd975895ab1210d105e9e325b603f3bbd1c1468672a0c1442ea,dfe62827f8735ba73c4ade045106a1f8e87e525b959afca8640f5efc95f52542,23.765778518303478,3.177968740463257,0.976460984115377
p232_331.wav,Noisy,36650,3e63d1b178217536fb67c1c69a8bcccefdd362735b5bb8e1a5dbf108bd578c68,654a2fd8504cbe9fd222188679a9b53f16848f6c3dae2acf4a4eef2e6628f042,5.885065221657323,2.9710464477539062,0.9808663478187518
p232_331.wav,RNNoise v0.2,36650,3e63d1b178217536fb67c1c69a8bcccefdd362735b5bb8e1a5dbf108bd578c68,654a2fd8504cbe9fd222188679a9b53f16848f6c3dae2acf4a4eef2e6628f042,16.090324462375236,3.58034610748291,0.9722593976463862
p232_331.wav,GTCRN,36650,3e63d1b178217536fb67c1c69a8bcccefdd362735b5bb8e1a5dbf108bd578c68,654a2fd8504cbe9fd222188679a9b53f16848f6c3dae2acf4a4eef2e6628f042,28.384101081264564,3.7671570777893066,0.9814868869930639
p232_332.wav,Noisy,34309,ec85303b518136af2dc6f7f37d733d15c56da2f5ce83032a0e28e7d753bea1ad,0f8a8eb7ac4a483644bd38d506c2ffe873e70761aecaecad80b134e272a95427,0.6439882748504908,2.2417187690734863,0.9965509602221027
p232_332.wav,RNNoise v0.2,34309,ec85303b518136af2dc6f7f37d733d15c56da2f5ce83032a0e28e7d753bea1ad,0f8a8eb7ac4a483644bd38d506c2ffe873e70761aecaecad80b134e272a95427,12.860083961728519,2.9211385250091553,0.99352013389944
p232_332.wav,GTCRN,34309,ec85303b518136af2dc6f7f37d733d15c56da2f5ce83032a0e28e7d753bea1ad,0f8a8eb7ac4a483644bd38d506c2ffe873e70761aecaecad80b134e272a95427,22.96983372589294,3.0870909690856934,0.9963747376932929
p232_333.wav,Noisy,31927,d481b2d317a512da31948da672d6cfc0fbeb792fd152b5e9624d5786902d3f6a,34d6e4f0a1de7ce078d395b0035ee7b5413848064790fe0cc85eed978cb582b6,15.562375799394083,2.8210387229919434,0.9258995400539318
p232_333.wav,RNNoise v0.2,31927,d481b2d317a512da31948da672d6cfc0fbeb792fd152b5e9624d5786902d3f6a,34d6e4f0a1de7ce078d395b0035ee7b5413848064790fe0cc85eed978cb582b6,14.979046687256227,3.3270492553710938,0.9404767442821832
p232_333.wav,GTCRN,31927,d481b2d317a512da31948da672d6cfc0fbeb792fd152b5e9624d5786902d3f6a,34d6e4f0a1de7ce078d395b0035ee7b5413848064790fe0cc85eed978cb582b6,23.927671930069806,3.5120761394500732,0.9373671574517217
p232_334.wav,Noisy,49287,97d9acb2f43db947ff362c3fdc367becf37cb2f1712603a58392fc3f99828b3f,181d17a56d94c619be6525ea6ba9aee7a07b5069d9fbcea878fc13fd254ffbcd,11.494860754510842,2.109072208404541,0.9789497011424203
p232_334.wav,RNNoise v0.2,49287,97d9acb2f43db947ff362c3fdc367becf37cb2f1712603a58392fc3f99828b3f,181d17a56d94c619be6525ea6ba9aee7a07b5069d9fbcea878fc13fd254ffbcd,13.638232847054805,2.887403964996338,0.9917549590264767
p232_334.wav,GTCRN,49287,97d9acb2f43db947ff362c3fdc367becf37cb2f1712603a58392fc3f99828b3f,181d17a56d94c619be6525ea6ba9aee7a07b5069d9fbcea878fc13fd254ffbcd,21.763076612670645,2.974576473236084,0.9925137576950374
p232_335.wav,Noisy,33467,87a3a8f4538587237e9cb57c21b0ef6cf7187f4cec27c597975812f1916d80e6,17cd495357eaa743caedc6b322797e473e50345871a681c088c2793c513559f4,5.861327437702652,1.395738124847412,0.9047485225527463
p232_335.wav,RNNoise v0.2,33467,87a3a8f4538587237e9cb57c21b0ef6cf7187f4cec27c597975812f1916d80e6,17cd495357eaa743caedc6b322797e473e50345871a681c088c2793c513559f4,11.577989832581192,2.118222951889038,0.9212532717089568
p232_335.wav,GTCRN,33467,87a3a8f4538587237e9cb57c21b0ef6cf7187f4cec27c597975812f1916d80e6,17cd495357eaa743caedc6b322797e473e50345871a681c088c2793c513559f4,17.62302161521177,1.997201681137085,0.9270907511693521
p232_336.wav,Noisy,46629,e5ac216acfb5271368324e476edc7fcf0278a61dd37602d16296d10b5870654a,d2edb6b340fcabfb2e8d0df36e9feac2916ac08679e3e808e4a3f78292ab1c16,0.8496974999965774,1.2903610467910767,0.8766262842990357
p232_336.wav,RNNoise v0.2,46629,e5ac216acfb5271368324e476edc7fcf0278a61dd37602d16296d10b5870654a,d2edb6b340fcabfb2e8d0df36e9feac2916ac08679e3e808e4a3f78292ab1c16,8.08024962462422,1.8157213926315308,0.917066967167408
p232_336.wav,GTCRN,46629,e5ac216acfb5271368324e476edc7fcf0278a61dd37602d16296d10b5870654a,d2edb6b340fcabfb2e8d0df36e9feac2916ac08679e3e808e4a3f78292ab1c16,13.735526487125295,2.016047239303589,0.9086645474573197
p232_337.wav,Noisy,45675,5a9f37f2398cfc426d2076872c04bf328dccf7ab003ea1aa607e23c2100b3abe,cca7883f2dab21da8147c9b4af58e839d9d82ee96ebd960d29369f28c9d96897,16.423999710939913,3.413583993911743,0.997189102386482
p232_337.wav,RNNoise v0.2,45675,5a9f37f2398cfc426d2076872c04bf328dccf7ab003ea1aa607e23c2100b3abe,cca7883f2dab21da8147c9b4af58e839d9d82ee96ebd960d29369f28c9d96897,14.694975661577574,3.2097747325897217,0.9954907940585739
p232_337.wav,GTCRN,45675,5a9f37f2398cfc426d2076872c04bf328dccf7ab003ea1aa607e23c2100b3abe,cca7883f2dab21da8147c9b4af58e839d9d82ee96ebd960d29369f28c9d96897,26.80945768009575,3.877788782119751,0.9977959238672967
p232_338.wav,Noisy,36971,889febcf80d1b2f4f243725b21108928265a7eafec2f0cbb2b0bf954ea5d479c,c05e66f95d7bb37ef603bb41afed7b55e3f47f879e1f33f432e9623199a79e3b,11.081097440265173,2.4931914806365967,0.99339509085553
p232_338.wav,RNNoise v0.2,36971,889febcf80d1b2f4f243725b21108928265a7eafec2f0cbb2b0bf954ea5d479c,c05e66f95d7bb37ef603bb41afed7b55e3f47f879e1f33f432e9623199a79e3b,13.143418475386838,2.666020631790161,0.9955642062938135
p232_338.wav,GTCRN,36971,889febcf80d1b2f4f243725b21108928265a7eafec2f0cbb2b0bf954ea5d479c,c05e66f95d7bb37ef603bb41afed7b55e3f47f879e1f33f432e9623199a79e3b,17.167312203806098,3.436086893081665,0.9972089341279776
p232_339.wav,Noisy,31445,5616e6c83fca4edadbebd34ecf1afbaad099412394c4f1d8866e2aa56127e31d,9633f0497b1a3df24d527baa70dee5b0b7ef4df5a55e2a66025d0061a5d93588,4.670435049783038,3.025564670562744,0.9970361486927141
p232_339.wav,RNNoise v0.2,31445,5616e6c83fca4edadbebd34ecf1afbaad099412394c4f1d8866e2aa56127e31d,9633f0497b1a3df24d527baa70dee5b0b7ef4df5a55e2a66025d0061a5d93588,13.158868289296692,3.2599570751190186,0.9971198829285892
p232_339.wav,GTCRN,31445,5616e6c83fca4edadbebd34ecf1afbaad099412394c4f1d8866e2aa56127e31d,9633f0497b1a3df24d527baa70dee5b0b7ef4df5a55e2a66025d0061a5d93588,21.387129347177357,3.6778383255004883,0.9985126428554009
p232_340.wav,Noisy,23058,cc5fd22d7946f7f072c76cb68996fe1b8f87af94e017f512b8afc1fc7649c871,c6f4f37f69558e14e685b19fd45c1e425025cf219edb3ca59002fcada838015a,-0.186113428774165,1.9636906385421753,0.9543607857179852
p232_340.wav,RNNoise v0.2,23058,cc5fd22d7946f7f072c76cb68996fe1b8f87af94e017f512b8afc1fc7649c871,c6f4f37f69558e14e685b19fd45c1e425025cf219edb3ca59002fcada838015a,8.949815085352197,2.2192025184631348,0.9661702352985182
p232_340.wav,GTCRN,23058,cc5fd22d7946f7f072c76cb68996fe1b8f87af94e017f512b8afc1fc7649c871,c6f4f37f69558e14e685b19fd45c1e425025cf219edb3ca59002fcada838015a,21.12026431191815,1.99436354637146,0.9706123176658383
p232_341.wav,Noisy,41600,9e6804941560269e64447f9ba2d79ec743e0df801126877e98bcd123033f744a,941ff151f1e29e2947832b95b975c08a6e6797c5bcad78cf9b101f0187f1850c,16.33925786635671,1.7617812156677246,0.938910432524064
p232_341.wav,RNNoise v0.2,41600,9e6804941560269e64447f9ba2d79ec743e0df801126877e98bcd123033f744a,941ff151f1e29e2947832b95b975c08a6e6797c5bcad78cf9b101f0187f1850c,14.75076319265419,2.624969005584717,0.9746376993181143
p232_341.wav,GTCRN,41600,9e6804941560269e64447f9ba2d79ec743e0df801126877e98bcd123033f744a,941ff151f1e29e2947832b95b975c08a6e6797c5bcad78cf9b101f0187f1850c,20.75376327654731,2.713330030441284,0.95483684349513
p232_342.wav,Noisy,41965,1c8e21671615c909e196e990bac207e8b53dbe7cea3a2c5186a614fcbaf41b6e,ee7d1430d2b46f0dbea80c6313b8a1d9add2a11b91603252a73df87a799fd71c,11.413837893686221,1.2958147525787354,0.8895090395028661
p232_342.wav,RNNoise v0.2,41965,1c8e21671615c909e196e990bac207e8b53dbe7cea3a2c5186a614fcbaf41b6e,ee7d1430d2b46f0dbea80c6313b8a1d9add2a11b91603252a73df87a799fd71c,11.831455447120597,1.926164150238037,0.9160919816542605
p232_342.wav,GTCRN,41965,1c8e21671615c909e196e990bac207e8b53dbe7cea3a2c5186a614fcbaf41b6e,ee7d1430d2b46f0dbea80c6313b8a1d9add2a11b91603252a73df87a799fd71c,15.615487634343427,1.5508395433425903,0.9066923360776059
p232_343.wav,Noisy,62098,0e71545ae070d17c06139feb251581e7c67209f613502695b439578cc17fc57f,885e2134c241abe3c5070db16fb20e805fd3f1f3587b71cad922680f65874199,6.18134531537663,1.294494390487671,0.877310748964505
p232_343.wav,RNNoise v0.2,62098,0e71545ae070d17c06139feb251581e7c67209f613502695b439578cc17fc57f,885e2134c241abe3c5070db16fb20e805fd3f1f3587b71cad922680f65874199,11.612316540407976,1.7122673988342285,0.9120870287441916
p232_343.wav,GTCRN,62098,0e71545ae070d17c06139feb251581e7c67209f613502695b439578cc17fc57f,885e2134c241abe3c5070db16fb20e805fd3f1f3587b71cad922680f65874199,16.1795893028091,1.9324253797531128,0.9218307688906229
p232_344.wav,Noisy,25305,25c446426a22e9f10fe0d257ba94836a6749f3c3ba633f776e9ef53284c6dcca,7fcc2e279892cc155cc8539f0d8f977e016175f432a07419661843460e7dd569,0.29442753759563933,1.1915698051452637,0.7931335995786658
p232_344.wav,RNNoise v0.2,25305,25c446426a22e9f10fe0d257ba94836a6749f3c3ba633f776e9ef53284c6dcca,7fcc2e279892cc155cc8539f0d8f977e016175f432a07419661843460e7dd569,6.457762650917044,1.509016752243042,0.8803507549910606
p232_344.wav,GTCRN,25305,25c446426a22e9f10fe0d257ba94836a6749f3c3ba633f776e9ef53284c6dcca,7fcc2e279892cc155cc8539f0d8f977e016175f432a07419661843460e7dd569,9.585762864793724,2.171599864959717,0.9097420114836133
p232_346.wav,Noisy,31245,0ba7a1e8efc46ab7e73962dc410d5eb1f2410963ba30e9e6c4243656e07574d2,74f260612f97471c461877e98ce6ab391a36961717dce5deccd4568e947c59da,15.870240921988387,2.6577773094177246,0.9526895457096638
p232_346.wav,RNNoise v0.2,31245,0ba7a1e8efc46ab7e73962dc410d5eb1f2410963ba30e9e6c4243656e07574d2,74f260612f97471c461877e98ce6ab391a36961717dce5deccd4568e947c59da,14.857379676456738,2.6353108882904053,0.9091089695554563
p232_346.wav,GTCRN,31245,0ba7a1e8efc46ab7e73962dc410d5eb1f2410963ba30e9e6c4243656e07574d2,74f260612f97471c461877e98ce6ab391a36961717dce5deccd4568e947c59da,22.983880825601325,3.6855502128601074,0.9712070393134613
p232_347.wav,Noisy,52713,5ab229db63e9e84b3c6c0131210997b83d5c62438473fa2f036cefb7fa48c821,9b72e49b2312e3e02a4da33ff8744f1f1d20125d377ad1762463d0834974ddf0,11.69501743152965,1.9129960536956787,0.9869709197799178
p232_347.wav,RNNoise v0.2,52713,5ab229db63e9e84b3c6c0131210997b83d5c62438473fa2f036cefb7fa48c821,9b72e49b2312e3e02a4da33ff8744f1f1d20125d377ad1762463d0834974ddf0,13.928078132518229,2.6446266174316406,0.9887829713974453
p232_347.wav,GTCRN,52713,5ab229db63e9e84b3c6c0131210997b83d5c62438473fa2f036cefb7fa48c821,9b72e49b2312e3e02a4da33ff8744f1f1d20125d377ad1762463d0834974ddf0,18.321977143794612,2.911107301712036,0.9898497025292211
p232_348.wav,Noisy,43924,7f0b275abdaa9c191e33b3440945c0f077e1b664f57dc11af7cb482c01260076,8486e675322ec7b36bb7210c3e8c6b6c82b5d577180001d4546eb40735297a4b,6.3747645411133105,1.4565529823303223,0.9202525444911148
p232_348.wav,RNNoise v0.2,43924,7f0b275abdaa9c191e33b3440945c0f077e1b664f57dc11af7cb482c01260076,8486e675322ec7b36bb7210c3e8c6b6c82b5d577180001d4546eb40735297a4b,10.903155283944312,1.8061130046844482,0.9514576041138677
p232_348.wav,GTCRN,43924,7f0b275abdaa9c191e33b3440945c0f077e1b664f57dc11af7cb482c01260076,8486e675322ec7b36bb7210c3e8c6b6c82b5d577180001d4546eb40735297a4b,12.586214299555929,2.277818202972412,0.9555291019619488
p232_349.wav,Noisy,42536,73de135e8974b09e392f03244665a7a9fdc74a39453a1e5587aeac23864d2e10,7adc38664511016d4b82fb3e7a28af971c98e3ab31df36ecd5b228a462f7440d,1.4051509465685506,1.2700568437576294,0.9134606642829728
p232_349.wav,RNNoise v0.2,42536,73de135e8974b09e392f03244665a7a9fdc74a39453a1e5587aeac23864d2e10,7adc38664511016d4b82fb3e7a28af971c98e3ab31df36ecd5b228a462f7440d,8.48337436767504,1.783452033996582,0.9247275543768425
p232_349.wav,GTCRN,42536,73de135e8974b09e392f03244665a7a9fdc74a39453a1e5587aeac23864d2e10,7adc38664511016d4b82fb3e7a28af971c98e3ab31df36ecd5b228a462f7440d,12.796794503465163,2.2693965435028076,0.9469302747058452
p232_350.wav,Noisy,44320,a954506e0cb1a5a326f3674d32aef55427ffc9183d2a5bdf69ad4a9e087d7e55,3ad6bcebf9a005d30e25ad37b77281ba6926912c7c537412b2653b2220fa2c66,15.37332444071186,4.297932147979736,0.9914604698805306
p232_350.wav,RNNoise v0.2,44320,a954506e0cb1a5a326f3674d32aef55427ffc9183d2a5bdf69ad4a9e087d7e55,3ad6bcebf9a005d30e25ad37b77281ba6926912c7c537412b2653b2220fa2c66,16.395112683654673,4.052982807159424,0.9787289079171263
p232_350.wav,GTCRN,44320,a954506e0cb1a5a326f3674d32aef55427ffc9183d2a5bdf69ad4a9e087d7e55,3ad6bcebf9a005d30e25ad37b77281ba6926912c7c537412b2653b2220fa2c66,27.064889761628606,4.450916767120361,0.9877372770172421
p232_351.wav,Noisy,29922,8e88348b4ef893b299cad0c9f0e030a97eb7f2b973e9a448d45b2e633150a59c,d32ecd8a36c864292d2a8aa2652fdfc0863569f7cd557a75d85267ff4cde8bfd,10.531234140689257,3.2014265060424805,0.9738309799329984
p232_351.wav,RNNoise v0.2,29922,8e88348b4ef893b299cad0c9f0e030a97eb7f2b973e9a448d45b2e633150a59c,d32ecd8a36c864292d2a8aa2652fdfc0863569f7cd557a75d85267ff4cde8bfd,14.003809852327878,3.022108554840088,0.9662104903520289
p232_351.wav,GTCRN,29922,8e88348b4ef893b299cad0c9f0e030a97eb7f2b973e9a448d45b2e633150a59c,d32ecd8a36c864292d2a8aa2652fdfc0863569f7cd557a75d85267ff4cde8bfd,24.375850302096772,3.6909542083740234,0.9662771828889828
p232_352.wav,Noisy,29458,b920f4f55e9348821f026ddbab6bdf29d74b5c257fef08a6ffa0ed341f8ff1e0,0e42a9a4752bc7e376f821c218f5b3710b3caef5c0b800cf69ef266a65a28650,5.717062310201918,2.7580771446228027,0.9869321693098911
p232_352.wav,RNNoise v0.2,29458,b920f4f55e9348821f026ddbab6bdf29d74b5c257fef08a6ffa0ed341f8ff1e0,0e42a9a4752bc7e376f821c218f5b3710b3caef5c0b800cf69ef266a65a28650,14.60802271010447,2.8210649490356445,0.9951679345996153
p232_352.wav,GTCRN,29458,b920f4f55e9348821f026ddbab6bdf29d74b5c257fef08a6ffa0ed341f8ff1e0,0e42a9a4752bc7e376f821c218f5b3710b3caef5c0b800cf69ef266a65a28650,23.083992620561755,3.301474094390869,0.9949612198291369
p232_353.wav,Noisy,38623,6b92e017021d7f7a787e68cd37ef2123f53d1e9fd329e1d8160940e9e111365d,784b89917c4a99e72c50a14237bc555b32933f5a3989ee15ec96873d527fd2f7,1.050843083349087,2.229525566101074,0.9923777509714544
p232_353.wav,RNNoise v0.2,38623,6b92e017021d7f7a787e68cd37ef2123f53d1e9fd329e1d8160940e9e111365d,784b89917c4a99e72c50a14237bc555b32933f5a3989ee15ec96873d527fd2f7,12.333037736002698,2.855942964553833,0.9946917537245509
p232_353.wav,GTCRN,38623,6b92e017021d7f7a787e68cd37ef2123f53d1e9fd329e1d8160940e9e111365d,784b89917c4a99e72c50a14237bc555b32933f5a3989ee15ec96873d527fd2f7,21.312405429868697,3.256474733352661,0.9953244404744942
p232_354.wav,Noisy,26966,26d9405474d8099b8d884097cd52cac18cfa72cde2cc07a23bad26a736b05751,c275a84cd226aca5e53cf33181e09982a1a75c99196073a706887163c817fa55,15.425864166931344,2.779752731323242,0.8696041876533471
p232_354.wav,RNNoise v0.2,26966,26d9405474d8099b8d884097cd52cac18cfa72cde2cc07a23bad26a736b05751,c275a84cd226aca5e53cf33181e09982a1a75c99196073a706887163c817fa55,12.656123076578659,2.6607680320739746,0.8609324570938585
p232_354.wav,GTCRN,26966,26d9405474d8099b8d884097cd52cac18cfa72cde2cc07a23bad26a736b05751,c275a84cd226aca5e53cf33181e09982a1a75c99196073a706887163c817fa55,19.993870390725203,3.4808521270751953,0.8850758256543544
p232_355.wav,Noisy,49722,ec3126e9f64b6c239c8a7a9969556a0e9acf8b7b526350b8254c0e7ceba728ab,4ac21599e550c29abf588e181ecb52801df4ae9b80890128a37f1fd4bcf218e3,11.518839336219497,2.0515992641448975,0.9800286069864426
p232_355.wav,RNNoise v0.2,49722,ec3126e9f64b6c239c8a7a9969556a0e9acf8b7b526350b8254c0e7ceba728ab,4ac21599e550c29abf588e181ecb52801df4ae9b80890128a37f1fd4bcf218e3,13.481702448630628,3.0269997119903564,0.9816914045780926
p232_355.wav,GTCRN,49722,ec3126e9f64b6c239c8a7a9969556a0e9acf8b7b526350b8254c0e7ceba728ab,4ac21599e550c29abf588e181ecb52801df4ae9b80890128a37f1fd4bcf218e3,21.646147844709937,3.2877113819122314,0.9805503257718899
p232_356.wav,Noisy,47402,1669eca1c1deb611ef1366999199cc7d336056db0c1d7ab84af8c7b0a1222c60,bd07263f7691ef8b7d1284e3b0a908756dffc8ff3d8e9da3d844b121bcae9272,6.511542219560237,1.5351788997650146,0.9379036247669251
p232_356.wav,RNNoise v0.2,47402,1669eca1c1deb611ef1366999199cc7d336056db0c1d7ab84af8c7b0a1222c60,bd07263f7691ef8b7d1284e3b0a908756dffc8ff3d8e9da3d844b121bcae9272,12.24177986803975,2.2038145065307617,0.9514556020998615
p232_356.wav,GTCRN,47402,1669eca1c1deb611ef1366999199cc7d336056db0c1d7ab84af8c7b0a1222c60,bd07263f7691ef8b7d1284e3b0a908756dffc8ff3d8e9da3d844b121bcae9272,18.080972539244392,2.6387312412261963,0.9443915524180676
p232_357.wav,Noisy,35453,dbd9e9854f662f6930fa911c78809ef2680795abbb3bda0b2e01b832264cc148,1bdcdc5920b711d60a834f6304f00b6b27118ff33fc2490faca5ce58e59ebe64,1.068200370307832,1.5537359714508057,0.9576604999871594
p232_357.wav,RNNoise v0.2,35453,dbd9e9854f662f6930fa911c78809ef2680795abbb3bda0b2e01b832264cc148,1bdcdc5920b711d60a834f6304f00b6b27118ff33fc2490faca5ce58e59ebe64,10.200002161441095,2.5199944972991943,0.9708027684099297
p232_357.wav,GTCRN,35453,dbd9e9854f662f6930fa911c78809ef2680795abbb3bda0b2e01b832264cc148,1bdcdc5920b711d60a834f6304f00b6b27118ff33fc2490faca5ce58e59ebe64,15.308753421955679,3.1454107761383057,0.9692489349702978
p232_358.wav,Noisy,27824,74723243c367c22609b06c967be49c866846dc2de98e265ec46ef15575563c9c,d1691979a289ac97481fb83b772ce788d891ea084f5fb67428dc823297beda5d,15.524258767721825,2.9484386444091797,0.9070345990808858
p232_358.wav,RNNoise v0.2,27824,74723243c367c22609b06c967be49c866846dc2de98e265ec46ef15575563c9c,d1691979a289ac97481fb83b772ce788d891ea084f5fb67428dc823297beda5d,15.715580424143123,1.9093852043151855,0.845637080909361
p232_358.wav,GTCRN,27824,74723243c367c22609b06c967be49c866846dc2de98e265ec46ef15575563c9c,d1691979a289ac97481fb83b772ce788d891ea084f5fb67428dc823297beda5d,24.753036857131747,3.1841914653778076,0.9265067563199381
p232_359.wav,Noisy,23561,74f7c433ebc7ed6d19b4c9752dfe3a0446de693182c56256a154d5bc6b0f115d,2117f93da5b9dee703f8148f1bb33e5ee0dadcdcce9972cce2396927ec1b81e4,9.980567706428447,3.16609525680542,0.8855819463281515
p232_359.wav,RNNoise v0.2,23561,74f7c433ebc7ed6d19b4c9752dfe3a0446de693182c56256a154d5bc6b0f115d,2117f93da5b9dee703f8148f1bb33e5ee0dadcdcce9972cce2396927ec1b81e4,13.650355739264437,2.98039174079895,0.8995082223447324
p232_359.wav,GTCRN,23561,74f7c433ebc7ed6d19b4c9752dfe3a0446de693182c56256a154d5bc6b0f115d,2117f93da5b9dee703f8148f1bb33e5ee0dadcdcce9972cce2396927ec1b81e4,23.019625758993367,3.5859036445617676,0.9316332228037218
p232_360.wav,Noisy,43725,78e5f8652653878a6aad752d4d2eea1fb1394ed469c1d63cd9f635b87a112d22,7517bc19c47d97f34a438815178ac0a6097f089da21789acab003b91cf713001,6.349623983788755,1.8968311548233032,0.9316959598125737
p232_360.wav,RNNoise v0.2,43725,78e5f8652653878a6aad752d4d2eea1fb1394ed469c1d63cd9f635b87a112d22,7517bc19c47d97f34a438815178ac0a6097f089da21789acab003b91cf713001,12.297826017799515,2.4819891452789307,0.9413962549220659
p232_360.wav,GTCRN,43725,78e5f8652653878a6aad752d4d2eea1fb1394ed469c1d63cd9f635b87a112d22,7517bc19c47d97f34a438815178ac0a6097f089da21789acab003b91cf713001,21.55477308831168,2.7202298641204834,0.9516504527994845
p232_361.wav,Noisy,30964,2e26e93b151894d19541bd89c1a214dc848ed1394f430f875106e5a4da8f82ab,1b8b5d03b3dba20a947b107deb97e2844b5e23b4ec636ed65de0a510c9451642,0.45958037139719377,2.6244733333587646,0.9974551013297223
p232_361.wav,RNNoise v0.2,30964,2e26e93b151894d19541bd89c1a214dc848ed1394f430f875106e5a4da8f82ab,1b8b5d03b3dba20a947b107deb97e2844b5e23b4ec636ed65de0a510c9451642,12.683608351956753,2.8351187705993652,0.994040322278445
p232_361.wav,GTCRN,30964,2e26e93b151894d19541bd89c1a214dc848ed1394f430f875106e5a4da8f82ab,1b8b5d03b3dba20a947b107deb97e2844b5e23b4ec636ed65de0a510c9451642,22.24703468851665,3.4123029708862305,0.9977166183527164
p232_362.wav,Noisy,46001,f7d5148aa1c0ab66ae1eaba47fa172acac2ce6a9e7a4ad738329a64812c3b453,603226ad070e1c46ac85ae67270eec2619f49e9a47b983dbe37f8d06a62210d2,16.39149306379653,1.9985915422439575,0.9904601317481103
p232_362.wav,RNNoise v0.2,46001,f7d5148aa1c0ab66ae1eaba47fa172acac2ce6a9e7a4ad738329a64812c3b453,603226ad070e1c46ac85ae67270eec2619f49e9a47b983dbe37f8d06a62210d2,15.031580158222727,3.097520112991333,0.9908670809167957
p232_362.wav,GTCRN,46001,f7d5148aa1c0ab66ae1eaba47fa172acac2ce6a9e7a4ad738329a64812c3b453,603226ad070e1c46ac85ae67270eec2619f49e9a47b983dbe37f8d06a62210d2,23.221707351102374,3.2075917720794678,0.9930208506747714
p232_363.wav,Noisy,53221,1deb51ce0b5b760c6291b8c9bf6395ebaae93ae6c0395d7ec70f00241964966e,edab5767a4622ca49f04e071793c5cb8c12c920cfd4e4547d17f93b67633bc9a,11.604728665720154,1.8914101123809814,0.9723543113131466
p232_363.wav,RNNoise v0.2,53221,1deb51ce0b5b760c6291b8c9bf6395ebaae93ae6c0395d7ec70f00241964966e,edab5767a4622ca49f04e071793c5cb8c12c920cfd4e4547d17f93b67633bc9a,13.682585774623444,2.537271022796631,0.9846695886282317
p232_363.wav,GTCRN,53221,1deb51ce0b5b760c6291b8c9bf6395ebaae93ae6c0395d7ec70f00241964966e,edab5767a4622ca49f04e071793c5cb8c12c920cfd4e4547d17f93b67633bc9a,20.239754217430797,2.9114770889282227,0.9877088087979893
p232_364.wav,Noisy,39540,1e823eeba8ae01f37c7521de4a35365ca8472aae3415e82226f94e482cd1013f,ee6a37169f7646bbf4833c12013533d82677bb50e15caa10554d546f5887632a,6.107336142593738,1.5705540180206299,0.9701755970883071
p232_364.wav,RNNoise v0.2,39540,1e823eeba8ae01f37c7521de4a35365ca8472aae3415e82226f94e482cd1013f,ee6a37169f7646bbf4833c12013533d82677bb50e15caa10554d546f5887632a,11.571938051025468,2.518409252166748,0.974122511294106
p232_364.wav,GTCRN,39540,1e823eeba8ae01f37c7521de4a35365ca8472aae3415e82226f94e482cd1013f,ee6a37169f7646bbf4833c12013533d82677bb50e15caa10554d546f5887632a,16.997489129979478,2.660752773284912,0.9783868288189324
p232_365.wav,Noisy,35569,219905462497cfb8491a8d1e191e1896e095ab45cc6e424d75756fe7da918552,fe6d65d6d22dd9f085e33d22f6041fa1f3651a9cef8b3442c20b34215ecc77ae,0.9280771340002114,1.4525667428970337,0.8603742410398617
p232_365.wav,RNNoise v0.2,35569,219905462497cfb8491a8d1e191e1896e095ab45cc6e424d75756fe7da918552,fe6d65d6d22dd9f085e33d22f6041fa1f3651a9cef8b3442c20b34215ecc77ae,8.943140835066286,1.9132907390594482,0.8798018216994364
p232_365.wav,GTCRN,35569,219905462497cfb8491a8d1e191e1896e095ab45cc6e424d75756fe7da918552,fe6d65d6d22dd9f085e33d22f6041fa1f3651a9cef8b3442c20b34215ecc77ae,14.164993914649123,2.206082820892334,0.8936978058893139
p232_366.wav,Noisy,31626,c9465e2c0d353c1aba7fb65dd036e0130cfb1ec677fed938154030a731a89f47,1ac2f0ae9bfbcfc4ecf1c1139f6f91962fdffbacefeb752ddf527af2395a1c30,15.827675844207715,2.266892671585083,0.992189447829129
p232_366.wav,RNNoise v0.2,31626,c9465e2c0d353c1aba7fb65dd036e0130cfb1ec677fed938154030a731a89f47,1ac2f0ae9bfbcfc4ecf1c1139f6f91962fdffbacefeb752ddf527af2395a1c30,14.838323113705984,2.956599235534668,0.9943842696473083
p232_366.wav,GTCRN,31626,c9465e2c0d353c1aba7fb65dd036e0130cfb1ec677fed938154030a731a89f47,1ac2f0ae9bfbcfc4ecf1c1139f6f91962fdffbacefeb752ddf527af2395a1c30,21.00933513201784,3.5127079486846924,0.9948221640625294
p232_367.wav,Noisy,29237,252f503cf5c0fc5b9c3aa41b0da60330ead33cda458b52a8dd00f4bcdd74adc9,207443b65fb8125355da67a9693f62ddffba6921a0d2ad9a586cdaace7c5d1ff,10.63835686907308,1.846777081489563,0.8789572083967147
p232_367.wav,RNNoise v0.2,29237,252f503cf5c0fc5b9c3aa41b0da60330ead33cda458b52a8dd00f4bcdd74adc9,207443b65fb8125355da67a9693f62ddffba6921a0d2ad9a586cdaace7c5d1ff,14.123134344468022,2.3712973594665527,0.8722834398038475
p232_367.wav,GTCRN,29237,252f503cf5c0fc5b9c3aa41b0da60330ead33cda458b52a8dd00f4bcdd74adc9,207443b65fb8125355da67a9693f62ddffba6921a0d2ad9a586cdaace7c5d1ff,21.52461853408478,2.9844393730163574,0.904619798750141
p232_368.wav,Noisy,31804,a2a8aa3acbbd28e4a1dc3d1cd733182cf7bf33a5e8b3b01c61835f84c61bfdbf,6e908150b5309427fc950b32f73cd67a053dedc456edf618748989931cdb9b98,5.867377436361152,2.006714105606079,0.8881475049209964
p232_368.wav,RNNoise v0.2,31804,a2a8aa3acbbd28e4a1dc3d1cd733182cf7bf33a5e8b3b01c61835f84c61bfdbf,6e908150b5309427fc950b32f73cd67a053dedc456edf618748989931cdb9b98,12.14803392446904,2.5090556144714355,0.8515164989258396
p232_368.wav,GTCRN,31804,a2a8aa3acbbd28e4a1dc3d1cd733182cf7bf33a5e8b3b01c61835f84c61bfdbf,6e908150b5309427fc950b32f73cd67a053dedc456edf618748989931cdb9b98,18.41826652047924,2.8589906692504883,0.9103827326471541
p232_369.wav,Noisy,52143,7ae77e6d963bcdac5581bbd12eeb560ea4874090ce0265432539671a9ead4bae,bd9c42aef69ea8903989f0bc653b2bb16f5d65cc554e6d476e7a48c6df4e0cc9,1.6517504917938506,1.321425199508667,0.9444581380543469
p232_369.wav,RNNoise v0.2,52143,7ae77e6d963bcdac5581bbd12eeb560ea4874090ce0265432539671a9ead4bae,bd9c42aef69ea8903989f0bc653b2bb16f5d65cc554e6d476e7a48c6df4e0cc9,9.384664179069567,2.3075993061065674,0.9659079133088216
p232_369.wav,GTCRN,52143,7ae77e6d963bcdac5581bbd12eeb560ea4874090ce0265432539671a9ead4bae,bd9c42aef69ea8903989f0bc653b2bb16f5d65cc554e6d476e7a48c6df4e0cc9,14.142858481298289,2.6687867641448975,0.9701607939348484
p232_370.wav,Noisy,25777,c6dbb955d85e8438e961bb52df482232a16400c2fb4357ea0d8b56c7336c9589,c2a9e1f81d9ac06cf0ca90118a486784a29165de1e33c5a4fe6b555d0819912c,15.331307460599984,3.005676746368408,0.9750940312546784
p232_370.wav,RNNoise v0.2,25777,c6dbb955d85e8438e961bb52df482232a16400c2fb4357ea0d8b56c7336c9589,c2a9e1f81d9ac06cf0ca90118a486784a29165de1e33c5a4fe6b555d0819912c,15.021337099341608,3.534179449081421,0.9759818950209769
p232_370.wav,GTCRN,25777,c6dbb955d85e8438e961bb52df482232a16400c2fb4357ea0d8b56c7336c9589,c2a9e1f81d9ac06cf0ca90118a486784a29165de1e33c5a4fe6b555d0819912c,27.024061864488726,3.660595178604126,0.9790239262498278
p232_371.wav,Noisy,29582,3ed6281cf323591d4364efd67d686ccb6db61d19a8f285ec0ec0f4d15dd963c4,a415d9d303731805b5c1d74ca333913a95c2da20c7ad72aae7a4e0ddb75d4cd4,10.543590495650337,2.7525548934936523,0.9987276172693748
p232_371.wav,RNNoise v0.2,29582,3ed6281cf323591d4364efd67d686ccb6db61d19a8f285ec0ec0f4d15dd963c4,a415d9d303731805b5c1d74ca333913a95c2da20c7ad72aae7a4e0ddb75d4cd4,15.633048475828488,3.453272581100464,0.998153589305876
p232_371.wav,GTCRN,29582,3ed6281cf323591d4364efd67d686ccb6db61d19a8f285ec0ec0f4d15dd963c4,a415d9d303731805b5c1d74ca333913a95c2da20c7ad72aae7a4e0ddb75d4cd4,26.988444273952993,3.229186534881592,0.9987850557053821
p232_372.wav,Noisy,53940,2abc707c2ed9cd2e700a322c134e753d8238f6ed6d2114e84bb19ea62997100e,2ca3b18ef374771e8d8c73995b68ccb2f3446b525f0e61233833bb08c167efc5,6.58266851620745,2.1555862426757812,0.9240538108099302
p232_372.wav,RNNoise v0.2,53940,2abc707c2ed9cd2e700a322c134e753d8238f6ed6d2114e84bb19ea62997100e,2ca3b18ef374771e8d8c73995b68ccb2f3446b525f0e61233833bb08c167efc5,13.116049041892872,2.502631664276123,0.8928571973525852
p232_372.wav,GTCRN,53940,2abc707c2ed9cd2e700a322c134e753d8238f6ed6d2114e84bb19ea62997100e,2ca3b18ef374771e8d8c73995b68ccb2f3446b525f0e61233833bb08c167efc5,21.172793859561523,2.9409351348876953,0.9344662179797222
p232_373.wav,Noisy,52039,dd5aab6dbe44b874e9fa4d079c8aab3c7f1b535337f8e5141bcffa819a67a3bc,3db85332e90c8b679403415bbc87f8cfa2f86ee4e2905dd69522d2642a8f54d0,1.5484384979180479,2.6262006759643555,0.9969169353498852
p232_373.wav,RNNoise v0.2,52039,dd5aab6dbe44b874e9fa4d079c8aab3c7f1b535337f8e5141bcffa819a67a3bc,3db85332e90c8b679403415bbc87f8cfa2f86ee4e2905dd69522d2642a8f54d0,12.227806955368665,3.134431838989258,0.9947275356088543
p232_373.wav,GTCRN,52039,dd5aab6dbe44b874e9fa4d079c8aab3c7f1b535337f8e5141bcffa819a67a3bc,3db85332e90c8b679403415bbc87f8cfa2f86ee4e2905dd69522d2642a8f54d0,22.71377897134275,3.738720655441284,0.9969017803882824
p232_374.wav,Noisy,46693,497d187ebf4bd38ccf703c7cc998a5ebd3a0c2bf2ede4237d4b25cfa5d79780c,9a0985362f09b411fea666d27f19d6969f7c561fe9bd89f4c8a3925bd3c70cfa,16.434783084467625,2.2993264198303223,0.9864824097422121
p232_374.wav,RNNoise v0.2,46693,497d187ebf4bd38ccf703c7cc998a5ebd3a0c2bf2ede4237d4b25cfa5d79780c,9a0985362f09b411fea666d27f19d6969f7c561fe9bd89f4c8a3925bd3c70cfa,14.689887320202713,3.1483757495880127,0.9906035425577653
p232_374.wav,GTCRN,46693,497d187ebf4bd38ccf703c7cc998a5ebd3a0c2bf2ede4237d4b25cfa5d79780c,9a0985362f09b411fea666d27f19d6969f7c561fe9bd89f4c8a3925bd3c70cfa,22.711525175959594,3.231213331222534,0.9878677014729801
p232_375.wav,Noisy,40833,9dedb010f9440fa5d5f2cf42fcae44e0ea78fb422efa3586f4ee336a01999e2a,5749fa2c91d4a2b51aff47d4c37ed6f5366313fc79678033e0503df6e1c83abd,11.220552082510268,2.147763967514038,0.9866926786537543
p232_375.wav,RNNoise v0.2,40833,9dedb010f9440fa5d5f2cf42fcae44e0ea78fb422efa3586f4ee336a01999e2a,5749fa2c91d4a2b51aff47d4c37ed6f5366313fc79678033e0503df6e1c83abd,13.21960981716526,2.456494092941284,0.987188575306517
p232_375.wav,GTCRN,40833,9dedb010f9440fa5d5f2cf42fcae44e0ea78fb422efa3586f4ee336a01999e2a,5749fa2c91d4a2b51aff47d4c37ed6f5366313fc79678033e0503df6e1c83abd,19.759708117908673,2.8669497966766357,0.9901490825267184
p232_377.wav,Noisy,47469,5dcaee719b8ef0f45909c30d7bd4aece02bc8865e42947c083c084413be8d74b,ebbcac12cdd9ebb86a5964afad316f575fbb3d81f486ded7b0d0ee5ca8e55fd8,6.413340656267211,1.8937559127807617,0.9754122417906428
p232_377.wav,RNNoise v0.2,47469,5dcaee719b8ef0f45909c30d7bd4aece02bc8865e42947c083c084413be8d74b,ebbcac12cdd9ebb86a5964afad316f575fbb3d81f486ded7b0d0ee5ca8e55fd8,12.151893989632923,2.504446268081665,0.9849467556879254
p232_377.wav,GTCRN,47469,5dcaee719b8ef0f45909c30d7bd4aece02bc8865e42947c083c084413be8d74b,ebbcac12cdd9ebb86a5964afad316f575fbb3d81f486ded7b0d0ee5ca8e55fd8,19.743899627354885,2.701383113861084,0.9845470491515493
p232_378.wav,Noisy,56816,c76f0bd3f703da583de9c849f3ab7fa315de6c95fe974775439a1ca89432c717,57d5e35c21cc1d85a3717d79e5e949833c0ff45d4326be4523c90fd9835068c3,1.6007663452748382,1.3582983016967773,0.9541379054031135
p232_378.wav,RNNoise v0.2,56816,c76f0bd3f703da583de9c849f3ab7fa315de6c95fe974775439a1ca89432c717,57d5e35c21cc1d85a3717d79e5e949833c0ff45d4326be4523c90fd9835068c3,9.20005169400424,2.1506900787353516,0.9648159642622839
p232_378.wav,GTCRN,56816,c76f0bd3f703da583de9c849f3ab7fa315de6c95fe974775439a1ca89432c717,57d5e35c21cc1d85a3717d79e5e949833c0ff45d4326be4523c90fd9835068c3,14.664612557163693,2.087282657623291,0.9702119353506061
p232_379.wav,Noisy,42549,9d43ae9d12f9639bbaf422a3de461b0666479808d2611c8ee84b1a27a2a186cd,20aef5cab3bf7a1b90e78fde135d0536f15753061ec3657288892595d94cfc9e,16.2644330245138,3.0671186447143555,0.9804988718323274
p232_379.wav,RNNoise v0.2,42549,9d43ae9d12f9639bbaf422a3de461b0666479808d2611c8ee84b1a27a2a186cd,20aef5cab3bf7a1b90e78fde135d0536f15753061ec3657288892595d94cfc9e,14.609384384058863,3.4014956951141357,0.9862418986826875
p232_379.wav,GTCRN,42549,9d43ae9d12f9639bbaf422a3de461b0666479808d2611c8ee84b1a27a2a186cd,20aef5cab3bf7a1b90e78fde135d0536f15753061ec3657288892595d94cfc9e,24.93980552283723,3.8929312229156494,0.985694310264201
p232_380.wav,Noisy,45160,c21a061b737e98702998feb3cd870242b8533286ad1e506df7418b9df25cb20c,4aad286137f4ca9d20585820ca7a8abadc92840abdd68168c9af69a9adc6bb7d,11.46402158555929,2.2510461807250977,0.9770244216386148
p232_380.wav,RNNoise v0.2,45160,c21a061b737e98702998feb3cd870242b8533286ad1e506df7418b9df25cb20c,4aad286137f4ca9d20585820ca7a8abadc92840abdd68168c9af69a9adc6bb7d,14.14467540506248,2.7232401371002197,0.980695247810434
p232_380.wav,GTCRN,45160,c21a061b737e98702998feb3cd870242b8533286ad1e506df7418b9df25cb20c,4aad286137f4ca9d20585820ca7a8abadc92840abdd68168c9af69a9adc6bb7d,22.70476908138702,3.157705068588257,0.9834277601697083
p232_381.wav,Noisy,32568,0501e9d3ff9a5a776c4c2b178c4bc8dce25146ce1c5f4abdfb67e871e165c72d,951e0a540ac2b5e5ec09c1fd602599e504662825f579f3b8699947dc4ba5dcc6,5.835459858859172,2.21120285987854,0.9482976273955419
p232_381.wav,RNNoise v0.2,32568,0501e9d3ff9a5a776c4c2b178c4bc8dce25146ce1c5f4abdfb67e871e165c72d,951e0a540ac2b5e5ec09c1fd602599e504662825f579f3b8699947dc4ba5dcc6,11.353161877308388,2.5543315410614014,0.9386608411310331
p232_381.wav,GTCRN,32568,0501e9d3ff9a5a776c4c2b178c4bc8dce25146ce1c5f4abdfb67e871e165c72d,951e0a540ac2b5e5ec09c1fd602599e504662825f579f3b8699947dc4ba5dcc6,21.738694980121846,2.832718849182129,0.9478600622438661
p232_382.wav,Noisy,30370,eeb7345bcdbe8a3d7cfa88825ce3fd96d270e5cbf51a7ef9ab4961ba7ac532a5,aacea8368a8617f4ba647b40c601a7a22743f4f17034b4faf6d16007ce899d42,0.7332238879856965,3.017599105834961,0.9235123369716642
p232_382.wav,RNNoise v0.2,30370,eeb7345bcdbe8a3d7cfa88825ce3fd96d270e5cbf51a7ef9ab4961ba7ac532a5,aacea8368a8617f4ba647b40c601a7a22743f4f17034b4faf6d16007ce899d42,10.5300491597134,2.4846746921539307,0.8633812664036652
p232_382.wav,GTCRN,30370,eeb7345bcdbe8a3d7cfa88825ce3fd96d270e5cbf51a7ef9ab4961ba7ac532a5,aacea8368a8617f4ba647b40c601a7a22743f4f17034b4faf6d16007ce899d42,21.282327354109224,3.6345818042755127,0.9524936567450537
p232_383.wav,Noisy,26794,994f32d9f7109c05a4b34c598de83beb905c26eca734447c8b003a1ce81718ab,ef950c53d143be30a819e8dcfc8623a33324d2f7463b84fc037ed18af97168c8,15.41056684036883,1.7927368879318237,0.9895894262679963
p232_383.wav,RNNoise v0.2,26794,994f32d9f7109c05a4b34c598de83beb905c26eca734447c8b003a1ce81718ab,ef950c53d143be30a819e8dcfc8623a33324d2f7463b84fc037ed18af97168c8,15.332776528461228,2.3325278759002686,0.9898353754539904
p232_383.wav,GTCRN,26794,994f32d9f7109c05a4b34c598de83beb905c26eca734447c8b003a1ce81718ab,ef950c53d143be30a819e8dcfc8623a33324d2f7463b84fc037ed18af97168c8,21.635212176271676,3.185581922531128,0.9922052347179453
p232_384.wav,Noisy,28156,6d3e3aebc7ad60d64ffc2731c112e5a1e9d1ae645d585b7f291d670f8c616a99,c938d3efa6cf3a0be03d2295e5b174878ac61481d9e79732f90bb04e1f880cd2,10.59078709399462,1.8527896404266357,0.8551059149406042
p232_384.wav,RNNoise v0.2,28156,6d3e3aebc7ad60d64ffc2731c112e5a1e9d1ae645d585b7f291d670f8c616a99,c938d3efa6cf3a0be03d2295e5b174878ac61481d9e79732f90bb04e1f880cd2,12.106620816841595,1.5290188789367676,0.7726265474432189
p232_384.wav,GTCRN,28156,6d3e3aebc7ad60d64ffc2731c112e5a1e9d1ae645d585b7f291d670f8c616a99,c938d3efa6cf3a0be03d2295e5b174878ac61481d9e79732f90bb04e1f880cd2,17.624341814907485,1.9850187301635742,0.8923570944816576
p232_385.wav,Noisy,48111,a0798f82d377cdafd24c38bce647b3de368548083e3bcecd1f9ab5d198e8412f,2e079dd923408c377ec8b44c1e7aae47a0ec42acd318aa7d0b17de64c778308a,6.406930050316717,1.673877477645874,0.8784908425851133
p232_385.wav,RNNoise v0.2,48111,a0798f82d377cdafd24c38bce647b3de368548083e3bcecd1f9ab5d198e8412f,2e079dd923408c377ec8b44c1e7aae47a0ec42acd318aa7d0b17de64c778308a,11.742897821626869,2.05600905418396,0.8812107112196538
p232_385.wav,GTCRN,48111,a0798f82d377cdafd24c38bce647b3de368548083e3bcecd1f9ab5d198e8412f,2e079dd923408c377ec8b44c1e7aae47a0ec42acd318aa7d0b17de64c778308a,17.5605938052315,2.6001079082489014,0.9361975133303735
p232_386.wav,Noisy,35896,9d22269bace917184f22e9556b78289ebace403e0db134e9e9492c4b7d415bcc,b0f861efdf9196d3ea58c25606686c70db798b35aa7e6967e3895f6eec6274b6,0.996202330165759,1.2094172239303589,0.7414171473283473
p232_386.wav,RNNoise v0.2,35896,9d22269bace917184f22e9556b78289ebace403e0db134e9e9492c4b7d415bcc,b0f861efdf9196d3ea58c25606686c70db798b35aa7e6967e3895f6eec6274b6,5.825893845566259,1.5142406225204468,0.7885442702253971
p232_386.wav,GTCRN,35896,9d22269bace917184f22e9556b78289ebace403e0db134e9e9492c4b7d415bcc,b0f861efdf9196d3ea58c25606686c70db798b35aa7e6967e3895f6eec6274b6,8.13282598744689,1.5440621376037598,0.8158935418766616
p232_387.wav,Noisy,48054,05f1860c9d1185f75d9e9e3661514115a678f6264ad2834c36adc7d469a26132,7f11bd60ba8d822d7b844dbc000bbfbefecb627be46c781ac44862d57fcb1995,16.545005394222827,2.5945820808410645,0.9842819212125277
p232_387.wav,RNNoise v0.2,48054,05f1860c9d1185f75d9e9e3661514115a678f6264ad2834c36adc7d469a26132,7f11bd60ba8d822d7b844dbc000bbfbefecb627be46c781ac44862d57fcb1995,14.229446212720875,3.0985665321350098,0.9876533184989907
p232_387.wav,GTCRN,48054,05f1860c9d1185f75d9e9e3661514115a678f6264ad2834c36adc7d469a26132,7f11bd60ba8d822d7b844dbc000bbfbefecb627be46c781ac44862d57fcb1995,20.40685708490367,3.3981173038482666,0.9873439546225936
p232_388.wav,Noisy,40513,f080750624aa7dce06822ba1d5e53ed5933569af4a95d72c2c31b2f8e4a0787b,0df2df348b3a38e069813b114475e786ee7fc005a851c655b0ed2a43a6ebf4ce,11.76607163480707,1.4778389930725098,0.8374661189669006
p232_388.wav,RNNoise v0.2,40513,f080750624aa7dce06822ba1d5e53ed5933569af4a95d72c2c31b2f8e4a0787b,0df2df348b3a38e069813b114475e786ee7fc005a851c655b0ed2a43a6ebf4ce,12.549119935898696,2.057905912399292,0.9006553772914363
p232_388.wav,GTCRN,40513,f080750624aa7dce06822ba1d5e53ed5933569af4a95d72c2c31b2f8e4a0787b,0df2df348b3a38e069813b114475e786ee7fc005a851c655b0ed2a43a6ebf4ce,17.986982538998372,2.424090623855591,0.8955784067048325
p232_389.wav,Noisy,33671,5e7692d5dc3f1eb64d7bb8bd40f6986a0f2708d5eee0b21ee8250676b6cbcdaf,6e6a61171918fc08a8212f4382180a949b9d3e3a35ff7e65eb27c3f461abd91d,6.593862936909637,1.2518280744552612,0.9240843130896774
p232_389.wav,RNNoise v0.2,33671,5e7692d5dc3f1eb64d7bb8bd40f6986a0f2708d5eee0b21ee8250676b6cbcdaf,6e6a61171918fc08a8212f4382180a949b9d3e3a35ff7e65eb27c3f461abd91d,13.152924564277725,1.9805290699005127,0.9427391072287945
p232_389.wav,GTCRN,33671,5e7692d5dc3f1eb64d7bb8bd40f6986a0f2708d5eee0b21ee8250676b6cbcdaf,6e6a61171918fc08a8212f4382180a949b9d3e3a35ff7e65eb27c3f461abd91d,18.64407045626457,2.203465223312378,0.946068315769704
p232_390.wav,Noisy,29483,04329d9588a86cee8ba1df4e7b3ebffdce0b0784666ad07b1e71563532a33149,0cff319926a346f712a5077b31421b4d2d1cb0139129374ee0dd00c69021c830,0.7225210540290887,1.3134510517120361,0.890610736231821
p232_390.wav,RNNoise v0.2,29483,04329d9588a86cee8ba1df4e7b3ebffdce0b0784666ad07b1e71563532a33149,0cff319926a346f712a5077b31421b4d2d1cb0139129374ee0dd00c69021c830,8.850116220014927,1.5667879581451416,0.8801432444868466
p232_390.wav,GTCRN,29483,04329d9588a86cee8ba1df4e7b3ebffdce0b0784666ad07b1e71563532a33149,0cff319926a346f712a5077b31421b4d2d1cb0139129374ee0dd00c69021c830,13.859453578367422,2.1749885082244873,0.9250172371981853
p232_391.wav,Noisy,29153,67c21bc623325f6e8ce8b6650794b243a962e9f2b49e4af09d8ac6ac31bd9504,e95ba063cd9d3ecc95f276c2b7315b9f66e9b010417d655e0b2c0b84d2d03071,15.54317206811609,3.5255515575408936,0.9921288383678855
p232_391.wav,RNNoise v0.2,29153,67c21bc623325f6e8ce8b6650794b243a962e9f2b49e4af09d8ac6ac31bd9504,e95ba063cd9d3ecc95f276c2b7315b9f66e9b010417d655e0b2c0b84d2d03071,15.115742136633877,3.534177780151367,0.9890916569181119
p232_391.wav,GTCRN,29153,67c21bc623325f6e8ce8b6650794b243a962e9f2b49e4af09d8ac6ac31bd9504,e95ba063cd9d3ecc95f276c2b7315b9f66e9b010417d655e0b2c0b84d2d03071,25.528391548468555,3.961618661880493,0.9899607483489122
p232_392.wav,Noisy,51536,de3a37992711f41acf2f8c127c05186f52e1f518f68e66f8d0ad603d4494f06b,ef0db16113ba51aea0ff236331bec86ec8a0ff05b35eb3850b54a0615dd2fcec,11.5666140618501,3.4556283950805664,0.9675536476417326
p232_392.wav,RNNoise v0.2,51536,de3a37992711f41acf2f8c127c05186f52e1f518f68e66f8d0ad603d4494f06b,ef0db16113ba51aea0ff236331bec86ec8a0ff05b35eb3850b54a0615dd2fcec,15.059059443354833,3.484173059463501,0.9738842224964015
p232_392.wav,GTCRN,51536,de3a37992711f41acf2f8c127c05186f52e1f518f68e66f8d0ad603d4494f06b,ef0db16113ba51aea0ff236331bec86ec8a0ff05b35eb3850b54a0615dd2fcec,25.428090945182625,3.9702627658843994,0.9791189080593711
p232_393.wav,Noisy,52421,5bab5f7a992f536e4b2b3edf7cff7fd8ea28cd78cc405bd285228e737c706b36,ff2279d00e5e1b9ba31b5dcc67b410ad16ca32446bb86aa7a9e2ec9f138fb143,6.557978450605977,2.8385708332061768,0.9989381556780538
p232_393.wav,RNNoise v0.2,52421,5bab5f7a992f536e4b2b3edf7cff7fd8ea28cd78cc405bd285228e737c706b36,ff2279d00e5e1b9ba31b5dcc67b410ad16ca32446bb86aa7a9e2ec9f138fb143,14.571635025259235,3.1230099201202393,0.9979663600456183
p232_393.wav,GTCRN,52421,5bab5f7a992f536e4b2b3edf7cff7fd8ea28cd78cc405bd285228e737c706b36,ff2279d00e5e1b9ba31b5dcc67b410ad16ca32446bb86aa7a9e2ec9f138fb143,23.816454541882305,3.658480644226074,0.9987201780251833
p232_394.wav,Noisy,50978,5c7fa2412c42a33b56f1bc426dc58d0c3827ea9413c2ab5255c7a1c58466b7af,744896600934caf6db4222f7ec0683a17c0cadda462a6d24850ddf65c5e2322b,1.526722917151588,2.3149139881134033,0.9971676886137927
p232_394.wav,RNNoise v0.2,50978,5c7fa2412c42a33b56f1bc426dc58d0c3827ea9413c2ab5255c7a1c58466b7af,744896600934caf6db4222f7ec0683a17c0cadda462a6d24850ddf65c5e2322b,13.73067250886335,2.9590420722961426,0.9958224603902223
p232_394.wav,GTCRN,50978,5c7fa2412c42a33b56f1bc426dc58d0c3827ea9413c2ab5255c7a1c58466b7af,744896600934caf6db4222f7ec0683a17c0cadda462a6d24850ddf65c5e2322b,23.532949832264293,3.4644241333007812,0.9974541266000243
p232_396.wav,Noisy,29555,fce40e0f491cf668e2f847f9520b9941cf08754e59bf6e6d8a74e2823ffe9eb6,b3d3f3f93b5f597b3f74de67f1871859765eab4621f9333e4976fe55843c3c46,15.6599574986461,2.1651060581207275,0.9499123470068828
p232_396.wav,RNNoise v0.2,29555,fce40e0f491cf668e2f847f9520b9941cf08754e59bf6e6d8a74e2823ffe9eb6,b3d3f3f93b5f597b3f74de67f1871859765eab4621f9333e4976fe55843c3c46,14.316504189937547,2.3621461391448975,0.9297435002578612
p232_396.wav,GTCRN,29555,fce40e0f491cf668e2f847f9520b9941cf08754e59bf6e6d8a74e2823ffe9eb6,b3d3f3f93b5f597b3f74de67f1871859765eab4621f9333e4976fe55843c3c46,22.05510428159672,3.219332695007324,0.9530082791721203
p232_397.wav,Noisy,48959,a895dd18c7169c0ab71fe8b5bb3da8c3bc36c4a4e06183df0e5d7d5da575f748,078ac0776994d5b79ffb483bc3d44cb449322330ae23e088d01dacfeafa2735e,11.493494021279089,2.483869791030884,0.9966634730067832
p232_397.wav,RNNoise v0.2,48959,a895dd18c7169c0ab71fe8b5bb3da8c3bc36c4a4e06183df0e5d7d5da575f748,078ac0776994d5b79ffb483bc3d44cb449322330ae23e088d01dacfeafa2735e,14.18395675400819,3.2640767097473145,0.9948717222351615
p232_397.wav,GTCRN,48959,a895dd18c7169c0ab71fe8b5bb3da8c3bc36c4a4e06183df0e5d7d5da575f748,078ac0776994d5b79ffb483bc3d44cb449322330ae23e088d01dacfeafa2735e,22.12992476830905,3.2601118087768555,0.9969570953624498
p232_398.wav,Noisy,47616,818dddd4abba370748953e0ebc3e8040daf73dbdd948228561b50fb1b6ece218,d115323eb02d8f1d9175236c3cbcc862c11bebc9e4b69e656284b5a62bc03fda,6.487404400441065,1.723769187927246,0.9591827970180486
p232_398.wav,RNNoise v0.2,47616,818dddd4abba370748953e0ebc3e8040daf73dbdd948228561b50fb1b6ece218,d115323eb02d8f1d9175236c3cbcc862c11bebc9e4b69e656284b5a62bc03fda,12.23138865146579,2.561495780944824,0.980720251473876
p232_398.wav,GTCRN,47616,818dddd4abba370748953e0ebc3e8040daf73dbdd948228561b50fb1b6ece218,d115323eb02d8f1d9175236c3cbcc862c11bebc9e4b69e656284b5a62bc03fda,19.403386226670168,2.9504129886627197,0.9796561498214322
p232_399.wav,Noisy,35861,5d100084e69778ef3a47a042870ad21a675ec2a8e06e7019810828c2c714fd18,b5b9ce0517d6111372ba69e0a96fd29eba3e718c549ccc46fc4ce4d9b46e8a9e,1.0535736298063643,1.3575736284255981,0.8812092226675269
p232_399.wav,RNNoise v0.2,35861,5d100084e69778ef3a47a042870ad21a675ec2a8e06e7019810828c2c714fd18,b5b9ce0517d6111372ba69e0a96fd29eba3e718c549ccc46fc4ce4d9b46e8a9e,8.708966675049387,1.7156274318695068,0.8986280984245025
p232_399.wav,GTCRN,35861,5d100084e69778ef3a47a042870ad21a675ec2a8e06e7019810828c2c714fd18,b5b9ce0517d6111372ba69e0a96fd29eba3e718c549ccc46fc4ce4d9b46e8a9e,15.576837748141426,2.610609292984009,0.9153454563290832
p232_400.wav,Noisy,42923,f87f1cd243c7e2a444e802adc30664441160c71bf4042be267a9115b8e9aadcd,90112754424a2f3a5aeba47afa748cd776eda8d0fcd0a7db7694ccb5f1c7d690,16.331602995017676,3.1428050994873047,0.9995962071994564
p232_400.wav,RNNoise v0.2,42923,f87f1cd243c7e2a444e802adc30664441160c71bf4042be267a9115b8e9aadcd,90112754424a2f3a5aeba47afa748cd776eda8d0fcd0a7db7694ccb5f1c7d690,15.912340223826927,3.52217435836792,0.9989112168340369
p232_400.wav,GTCRN,42923,f87f1cd243c7e2a444e802adc30664441160c71bf4042be267a9115b8e9aadcd,90112754424a2f3a5aeba47afa748cd776eda8d0fcd0a7db7694ccb5f1c7d690,25.220176821522017,3.8326117992401123,0.9994628983283643
p232_402.wav,Noisy,28484,f006682dfe3c2007e5afe2734618f546de51870d77dbd291835af08a9a566ea0,3367489fec7966ce78ff65ce69e47ee04ab8cac90f3419e67ee09d6a6a92f617,5.733080112638551,1.8634541034698486,0.953863974668455
p232_402.wav,RNNoise v0.2,28484,f006682dfe3c2007e5afe2734618f546de51870d77dbd291835af08a9a566ea0,3367489fec7966ce78ff65ce69e47ee04ab8cac90f3419e67ee09d6a6a92f617,10.006226565962509,1.9622647762298584,0.9166843675803634
p232_402.wav,GTCRN,28484,f006682dfe3c2007e5afe2734618f546de51870d77dbd291835af08a9a566ea0,3367489fec7966ce78ff65ce69e47ee04ab8cac90f3419e67ee09d6a6a92f617,16.64751961568193,3.072559356689453,0.9733465951194425
p232_403.wav,Noisy,34413,210dab371ffafff33c6023ee1768aa38844799320c5a3916627c32e7f87fab97,9d0f28ffe744123254c5195ea0765427209728944017558d84a1bb6933c93bed,11.696935196755051,1.3672919273376465,0.9370899875932595
p232_403.wav,RNNoise v0.2,34413,210dab371ffafff33c6023ee1768aa38844799320c5a3916627c32e7f87fab97,9d0f28ffe744123254c5195ea0765427209728944017558d84a1bb6933c93bed,13.961369901825877,2.7857205867767334,0.9538832235786422
p232_403.wav,GTCRN,34413,210dab371ffafff33c6023ee1768aa38844799320c5a3916627c32e7f87fab97,9d0f28ffe744123254c5195ea0765427209728944017558d84a1bb6933c93bed,19.906045602687716,2.210496425628662,0.9546231725306502
p232_404.wav,Noisy,39713,d8630bbcf6f0b5220f498c53311621c5e68b99e1f8f29e50ddc28c5370fcaf0c,e909ea5283f137e7557957f9eec40f220ab78e2c625696117cfd7c851750d5dc,15.580327608777061,2.2495453357696533,0.9816421465382323
p232_404.wav,RNNoise v0.2,39713,d8630bbcf6f0b5220f498c53311621c5e68b99e1f8f29e50ddc28c5370fcaf0c,e909ea5283f137e7557957f9eec40f220ab78e2c625696117cfd7c851750d5dc,14.845368424592682,2.425279378890991,0.9929926896700192
p232_404.wav,GTCRN,39713,d8630bbcf6f0b5220f498c53311621c5e68b99e1f8f29e50ddc28c5370fcaf0c,e909ea5283f137e7557957f9eec40f220ab78e2c625696117cfd7c851750d5dc,22.855503660480085,3.098642349243164,0.993335840809464
p232_405.wav,Noisy,40677,b9d48229390508bc56687eca9ac45bb9ed5739f9e260e25887b6d68b557694e1,ed04a10bdbb470f2f0f256610bc33d138f0e62cccbf2695af9a5516130717a99,6.241615394646416,1.8831467628479004,0.969802963164821
p232_405.wav,RNNoise v0.2,40677,b9d48229390508bc56687eca9ac45bb9ed5739f9e260e25887b6d68b557694e1,ed04a10bdbb470f2f0f256610bc33d138f0e62cccbf2695af9a5516130717a99,12.492811908437291,2.6972384452819824,0.9642775769767086
p232_405.wav,GTCRN,40677,b9d48229390508bc56687eca9ac45bb9ed5739f9e260e25887b6d68b557694e1,ed04a10bdbb470f2f0f256610bc33d138f0e62cccbf2695af9a5516130717a99,19.76908133936544,2.7349627017974854,0.9821255484744476
p232_407.wav,Noisy,23809,6ee747f5f4ebaaad089f1edea12747a2290c4ae46bff5e84936ccf6ae06d4856,15943689ef78de5e501e95ee908d018759aa5799a7df2fd58104e5ebe2256e75,0.27308115658505056,1.2229284048080444,0.75233021256866
p232_407.wav,RNNoise v0.2,23809,6ee747f5f4ebaaad089f1edea12747a2290c4ae46bff5e84936ccf6ae06d4856,15943689ef78de5e501e95ee908d018759aa5799a7df2fd58104e5ebe2256e75,7.188927111549691,1.3263230323791504,0.7656646770536002
p232_407.wav,GTCRN,23809,6ee747f5f4ebaaad089f1edea12747a2290c4ae46bff5e84936ccf6ae06d4856,15943689ef78de5e501e95ee908d018759aa5799a7df2fd58104e5ebe2256e75,10.953524100866828,1.7237155437469482,0.8554357341036565
p232_409.wav,Noisy,65440,00df6a739e2f33526e9e0da8c305d199a46868a2f934307850a075023b2ba6d9,5b38de5f84f51054df695e789f768d4a664833028d274341a46765be257b5369,1.3275267721376285,1.2718336582183838,0.8780013568044526
p232_409.wav,RNNoise v0.2,65440,00df6a739e2f33526e9e0da8c305d199a46868a2f934307850a075023b2ba6d9,5b38de5f84f51054df695e789f768d4a664833028d274341a46765be257b5369,9.853770669347224,1.6115610599517822,0.8906106489692687
p232_409.wav,GTCRN,65440,00df6a739e2f33526e9e0da8c305d199a46868a2f934307850a075023b2ba6d9,5b38de5f84f51054df695e789f768d4a664833028d274341a46765be257b5369,14.578762789191849,2.077855348587036,0.9113812524216895
p232_410.wav,Noisy,51755,760bcc170b0998d8ae50471c5461264ad07c22f0ad5ac8b8dea084a9c1c4ba77,21ca19dd5e335fa262faecff31a6b422738eb4f016d5028520e3fdf1093b87ee,6.5441642550718635,2.0637035369873047,0.9489364080856802
p232_410.wav,RNNoise v0.2,51755,760bcc170b0998d8ae50471c5461264ad07c22f0ad5ac8b8dea084a9c1c4ba77,21ca19dd5e335fa262faecff31a6b422738eb4f016d5028520e3fdf1093b87ee,13.555191672586895,2.809800148010254,0.9687349498525232
p232_410.wav,GTCRN,51755,760bcc170b0998d8ae50471c5461264ad07c22f0ad5ac8b8dea084a9c1c4ba77,21ca19dd5e335fa262faecff31a6b422738eb4f016d5028520e3fdf1093b87ee,18.296323847136854,2.7891438007354736,0.9596895234750061
p232_411.wav,Noisy,33810,06c2e5275f9a79e5d18079a39fb73cc7ed50bc99d33714aec5cea283ced94bf3,d84f5811380074364a05d9e6a6bd39244e862ea1c08f5802de61d56cda6f1d0b,14.659592355865946,2.821331739425659,0.9720592540512938
p232_411.wav,RNNoise v0.2,33810,06c2e5275f9a79e5d18079a39fb73cc7ed50bc99d33714aec5cea283ced94bf3,d84f5811380074364a05d9e6a6bd39244e862ea1c08f5802de61d56cda6f1d0b,15.808640918484977,3.0875213146209717,0.9802429360784781
p232_411.wav,GTCRN,33810,06c2e5275f9a79e5d18079a39fb73cc7ed50bc99d33714aec5cea283ced94bf3,d84f5811380074364a05d9e6a6bd39244e862ea1c08f5802de61d56cda6f1d0b,26.197820859530765,3.4245715141296387,0.9798651213089151
p232_412.wav,Noisy,53607,a45f7160ce17256bc7fb3d25019c3381556a26b36b119c42dc46936583fd7e34,03ca7b06cccc4f558d6575b1cdda3577b555be9b78a3ca9e2207068c97fe95fe,11.651498137325689,1.7895758152008057,0.9388965663736917
p232_412.wav,RNNoise v0.2,53607,a45f7160ce17256bc7fb3d25019c3381556a26b36b119c42dc46936583fd7e34,03ca7b06cccc4f558d6575b1cdda3577b555be9b78a3ca9e2207068c97fe95fe,13.906358657745894,2.2372183799743652,0.9268893198016163
p232_412.wav,GTCRN,53607,a45f7160ce17256bc7fb3d25019c3381556a26b36b119c42dc46936583fd7e34,03ca7b06cccc4f558d6575b1cdda3577b555be9b78a3ca9e2207068c97fe95fe,19.8776969135477,2.982273817062378,0.971199938668768
p232_413.wav,Noisy,36310,3a37d6fcc31ed505dee458089f56b04f4572370e79fc13afcb388554980eb4d8,0f774df02f3008bcbbd19fd2b79bd5100b0829d68552f2ff232de03cb243f9ed,10.988161603100266,3.169264078140259,0.9994799118428861
p232_413.wav,RNNoise v0.2,36310,3a37d6fcc31ed505dee458089f56b04f4572370e79fc13afcb388554980eb4d8,0f774df02f3008bcbbd19fd2b79bd5100b0829d68552f2ff232de03cb243f9ed,16.63073823846424,3.4954423904418945,0.9983334324280693
p232_413.wav,GTCRN,36310,3a37d6fcc31ed505dee458089f56b04f4572370e79fc13afcb388554980eb4d8,0f774df02f3008bcbbd19fd2b79bd5100b0829d68552f2ff232de03cb243f9ed,26.958313873265467,3.763685941696167,0.9992695132833649
p232_414.wav,Noisy,27833,5893fc679cdb25c1c6e122b1be3d45f909498f28bfbdbbc3828f3bfca7e94542,866fe8fef941366c7257ff621c1c72a3881f7d0f853081e9b341120643ed3b5b,0.5649945396558615,1.4429073333740234,0.8577295583694595
p232_414.wav,RNNoise v0.2,27833,5893fc679cdb25c1c6e122b1be3d45f909498f28bfbdbbc3828f3bfca7e94542,866fe8fef941366c7257ff621c1c72a3881f7d0f853081e9b341120643ed3b5b,10.169342101000725,1.6172045469284058,0.824409279309715
p232_414.wav,GTCRN,27833,5893fc679cdb25c1c6e122b1be3d45f909498f28bfbdbbc3828f3bfca7e94542,866fe8fef941366c7257ff621c1c72a3881f7d0f853081e9b341120643ed3b5b,14.938951909486367,2.1617631912231445,0.8851209939596214
p232_415.wav,Noisy,44867,292525af2c11dd5b397371eb044ed182da6114bda557ca4a9ae0e0761e7bcc22,32812b9eb45698681a8be96fb50844451263d7e6a867ea14056432c672e7c83e,0.9647130684143678,1.1262696981430054,0.823634112054196
p232_415.wav,RNNoise v0.2,44867,292525af2c11dd5b397371eb044ed182da6114bda557ca4a9ae0e0761e7bcc22,32812b9eb45698681a8be96fb50844451263d7e6a867ea14056432c672e7c83e,7.5686782751919335,1.577519416809082,0.8710853510492492
p232_415.wav,GTCRN,44867,292525af2c11dd5b397371eb044ed182da6114bda557ca4a9ae0e0761e7bcc22,32812b9eb45698681a8be96fb50844451263d7e6a867ea14056432c672e7c83e,10.974760537427981,1.6961321830749512,0.8837542375426132
p257_001.wav,Noisy,35513,0e12d64b868c8ad885237b01f32757b31ed38d3f0745acf3df22603273ef5c82,7f6eed44c7831cf9aa979d7eb53c7a9f7e4e0b75576d2d0e7741ba4377724be0,16.220290568997076,2.76159930229187,0.9767230976528711
p257_001.wav,RNNoise v0.2,35513,0e12d64b868c8ad885237b01f32757b31ed38d3f0745acf3df22603273ef5c82,7f6eed44c7831cf9aa979d7eb53c7a9f7e4e0b75576d2d0e7741ba4377724be0,11.765114983777373,2.5137906074523926,0.9391932870993674
p257_001.wav,GTCRN,35513,0e12d64b868c8ad885237b01f32757b31ed38d3f0745acf3df22603273ef5c82,7f6eed44c7831cf9aa979d7eb53c7a9f7e4e0b75576d2d0e7741ba4377724be0,14.801442646488642,3.399019479751587,0.9591014968899526
p257_002.wav,Noisy,44418,7696969a681b6954e1d4727b3671fad236cc720de7b482bef9759d555b49a4a2,b9608fa621bf688a9c8f40fd6e6bf225ef5e06823b806eab3836f2d3a941ca92,11.329001841941178,2.444411039352417,0.9882641798603571
p257_002.wav,RNNoise v0.2,44418,7696969a681b6954e1d4727b3671fad236cc720de7b482bef9759d555b49a4a2,b9608fa621bf688a9c8f40fd6e6bf225ef5e06823b806eab3836f2d3a941ca92,13.108823650017513,2.1868200302124023,0.9663331776301949
p257_002.wav,GTCRN,44418,7696969a681b6954e1d4727b3671fad236cc720de7b482bef9759d555b49a4a2,b9608fa621bf688a9c8f40fd6e6bf225ef5e06823b806eab3836f2d3a941ca92,17.21943279406667,2.789289712905884,0.9729364672623749
p257_003.wav,Noisy,88343,715d32978b82857886e2fa1f95b56d64e8436410b135e79313a65506b1c12cc1,394acaaf0d1bf55678ed10e4ce5f09cc691dcd4e0e99d0d66809637dbb37e197,7.005431417135818,1.7707982063293457,0.9499304090549814
p257_003.wav,RNNoise v0.2,88343,715d32978b82857886e2fa1f95b56d64e8436410b135e79313a65506b1c12cc1,394acaaf0d1bf55678ed10e4ce5f09cc691dcd4e0e99d0d66809637dbb37e197,13.565526294137682,2.213961601257324,0.9623703092897864
p257_003.wav,GTCRN,88343,715d32978b82857886e2fa1f95b56d64e8436410b135e79313a65506b1c12cc1,394acaaf0d1bf55678ed10e4ce5f09cc691dcd4e0e99d0d66809637dbb37e197,16.98343864990666,2.438291549682617,0.9483508087738679
p257_004.wav,Noisy,58103,181ffdee8734d13195da4948eb2326ad8b70043faf0ec5b8122e3dbd06e974b2,d2bb1c605d416df5fafa2aea4d4fb83df78bd3f9a46260606f5e3d1b58042f2e,1.4497493270698378,1.6480600833892822,0.967796301086777
p257_004.wav,RNNoise v0.2,58103,181ffdee8734d13195da4948eb2326ad8b70043faf0ec5b8122e3dbd06e974b2,d2bb1c605d416df5fafa2aea4d4fb83df78bd3f9a46260606f5e3d1b58042f2e,14.019809360966725,1.889832615852356,0.9446134097429582
p257_004.wav,GTCRN,58103,181ffdee8734d13195da4948eb2326ad8b70043faf0ec5b8122e3dbd06e974b2,d2bb1c605d416df5fafa2aea4d4fb83df78bd3f9a46260606f5e3d1b58042f2e,18.392588187252986,2.362914562225342,0.966663553674632
p257_006.wav,Noisy,68392,d398fbcd9e293d17200daea25075dce94c5908b9bff6c6d6f76e3e44d66a7499,336051b3e1eb146169c48d23e56ef4abae990c22f223fe11a43cec896419024e,16.898499181236474,2.17598819732666,0.9683614911066176
p257_006.wav,RNNoise v0.2,68392,d398fbcd9e293d17200daea25075dce94c5908b9bff6c6d6f76e3e44d66a7499,336051b3e1eb146169c48d23e56ef4abae990c22f223fe11a43cec896419024e,15.760976110552562,2.4068920612335205,0.9408799027174403
p257_006.wav,GTCRN,68392,d398fbcd9e293d17200daea25075dce94c5908b9bff6c6d6f76e3e44d66a7499,336051b3e1eb146169c48d23e56ef4abae990c22f223fe11a43cec896419024e,21.13053117502843,3.1967458724975586,0.9685155301620718
p257_007.wav,Noisy,54363,9e0429a9765e9be5b82654579938d8f8f23ad16ae7518b148352596be792306d,422f5f0d43ad411d811188e2dc4dfafe8784ab793759f22dd3ee784089976587,11.657603109676476,1.3852063417434692,0.9180938847085934
p257_007.wav,RNNoise v0.2,54363,9e0429a9765e9be5b82654579938d8f8f23ad16ae7518b148352596be792306d,422f5f0d43ad411d811188e2dc4dfafe8784ab793759f22dd3ee784089976587,13.579520449783114,1.6159539222717285,0.8985394001050236
p257_007.wav,GTCRN,54363,9e0429a9765e9be5b82654579938d8f8f23ad16ae7518b148352596be792306d,422f5f0d43ad411d811188e2dc4dfafe8784ab793759f22dd3ee784089976587,16.31201368735416,2.30277419090271,0.9294784615779701
p257_008.wav,Noisy,89330,897804adff453e209dea57d8af3ef0b8b0c0ae175a94aac110da929cbb3629c5,e4d93c15e49a577b7db5c58cec7e02a18d18bdf6c4896fc250c3588849d64c20,7.071985799517896,1.2479560375213623,0.9044928732922121
p257_008.wav,RNNoise v0.2,89330,897804adff453e209dea57d8af3ef0b8b0c0ae175a94aac110da929cbb3629c5,e4d93c15e49a577b7db5c58cec7e02a18d18bdf6c4896fc250c3588849d64c20,11.313977154135317,1.5523195266723633,0.917555722927451
p257_008.wav,GTCRN,89330,897804adff453e209dea57d8af3ef0b8b0c0ae175a94aac110da929cbb3629c5,e4d93c15e49a577b7db5c58cec7e02a18d18bdf6c4896fc250c3588849d64c20,13.211532656117795,1.8218045234680176,0.9251672263527411
p257_009.wav,Noisy,55242,7d42a8d76ec6e770a3dce189901619e1a1f0b49c7505558f4e57c5e6130e1d28,d7157be0fdc8a3719ec53fadd592c8fdb2e3593b2642858722b7a06803a2cc54,1.7532697683105425,1.084466576576233,0.7985248675685747
p257_009.wav,RNNoise v0.2,55242,7d42a8d76ec6e770a3dce189901619e1a1f0b49c7505558f4e57c5e6130e1d28,d7157be0fdc8a3719ec53fadd592c8fdb2e3593b2642858722b7a06803a2cc54,10.22000135683581,1.2244360446929932,0.8379796414685909
p257_009.wav,GTCRN,55242,7d42a8d76ec6e770a3dce189901619e1a1f0b49c7505558f4e57c5e6130e1d28,d7157be0fdc8a3719ec53fadd592c8fdb2e3593b2642858722b7a06803a2cc54,12.149724416311841,1.485903263092041,0.8598080210550848
p257_010.wav,Noisy,37915,e94eb0accae20c74223dd2aeb61112a872a37fc5cceb12932c9b158bd069c362,6141f7339ece44a6c6ac001443ef21ed1257926f1eb55c63bbff9a1ba5dfc846,16.258976967138953,2.4777870178222656,0.973163841403303
p257_010.wav,RNNoise v0.2,37915,e94eb0accae20c74223dd2aeb61112a872a37fc5cceb12932c9b158bd069c362,6141f7339ece44a6c6ac001443ef21ed1257926f1eb55c63bbff9a1ba5dfc846,16.860784157898323,2.77797532081604,0.9782624986775473
p257_010.wav,GTCRN,37915,e94eb0accae20c74223dd2aeb61112a872a37fc5cceb12932c9b158bd069c362,6141f7339ece44a6c6ac001443ef21ed1257926f1eb55c63bbff9a1ba5dfc846,22.87920432653823,3.1860547065734863,0.9756135365115952
p257_011.wav,Noisy,81727,f9adf751662d29b6f9b10faf9d2355fb008c2c37a1122f1ab53c5ed3702a9742,8d7e165b15a2805c8d7ccd0e677c2da4212bc9079cbc8fa8acf48a804d29baab,11.957907988662654,2.6349568367004395,0.9861005498279988
p257_011.wav,RNNoise v0.2,81727,f9adf751662d29b6f9b10faf9d2355fb008c2c37a1122f1ab53c5ed3702a9742,8d7e165b15a2805c8d7ccd0e677c2da4212bc9079cbc8fa8acf48a804d29baab,15.29222108400905,3.1525235176086426,0.9749368409187293
p257_011.wav,GTCRN,81727,f9adf751662d29b6f9b10faf9d2355fb008c2c37a1122f1ab53c5ed3702a9742,8d7e165b15a2805c8d7ccd0e677c2da4212bc9079cbc8fa8acf48a804d29baab,20.012629959777342,3.418774127960205,0.9840910932534687
p257_012.wav,Noisy,55322,2b347996e7857bef5325276e98d8db01f43bd5cfb04256eb7ca502f90cf81a24,4f3c69bc8a9442f4b18d406511f56e7b836a86cbd59c491234f124f8cfdc9e59,6.728917206254966,1.5891029834747314,0.9614442381319193
p257_012.wav,RNNoise v0.2,55322,2b347996e7857bef5325276e98d8db01f43bd5cfb04256eb7ca502f90cf81a24,4f3c69bc8a9442f4b18d406511f56e7b836a86cbd59c491234f124f8cfdc9e59,15.041590929393703,1.6444146633148193,0.9396908679712273
p257_012.wav,GTCRN,55322,2b347996e7857bef5325276e98d8db01f43bd5cfb04256eb7ca502f90cf81a24,4f3c69bc8a9442f4b18d406511f56e7b836a86cbd59c491234f124f8cfdc9e59,17.470160726522888,2.956298351287842,0.962630741911494
p257_013.wav,Noisy,50211,27a5e24c3bdd22dad4270535f87f40b9b3f5c0937c527c9b663594858539cc86,61f1b6fef318c7591af6bd53cd14ca6ea3881cb56d4afe0f1236e085ca7dc5d4,1.7271160702198025,1.1180073022842407,0.8799746140582068
p257_013.wav,RNNoise v0.2,50211,27a5e24c3bdd22dad4270535f87f40b9b3f5c0937c527c9b663594858539cc86,61f1b6fef318c7591af6bd53cd14ca6ea3881cb56d4afe0f1236e085ca7dc5d4,9.237040155362976,1.1965110301971436,0.9026619766795134
p257_013.wav,GTCRN,50211,27a5e24c3bdd22dad4270535f87f40b9b3f5c0937c527c9b663594858539cc86,61f1b6fef318c7591af6bd53cd14ca6ea3881cb56d4afe0f1236e085ca7dc5d4,10.739267486244941,1.4335975646972656,0.90848472110133
p257_014.wav,Noisy,59080,401df35019b97291ec4e8d8be4c16b1e3c24dccd914353bedefdc54c36fde35b,3e92636ddd4bf87af34e3412a9b804993b71789e596950739e6c5c250983d176,16.531662428318135,3.322324514389038,0.9943744994597594
p257_014.wav,RNNoise v0.2,59080,401df35019b97291ec4e8d8be4c16b1e3c24dccd914353bedefdc54c36fde35b,3e92636ddd4bf87af34e3412a9b804993b71789e596950739e6c5c250983d176,16.330220832397174,3.4534666538238525,0.9925353218092978
p257_014.wav,GTCRN,59080,401df35019b97291ec4e8d8be4c16b1e3c24dccd914353bedefdc54c36fde35b,3e92636ddd4bf87af34e3412a9b804993b71789e596950739e6c5c250983d176,23.03515548066581,4.063565731048584,0.9934520129983102
p257_015.wav,Noisy,75085,e45e305c340e8198d886c4295059cb3f0351a2f350ab23e70215cf65f06ea8ba,d1497184213de7921930cf1605bbbf8d13d1146ab5a2b958e1832cd8637fdf51,11.88778469017767,3.3797717094421387,0.9960529911232826
p257_015.wav,RNNoise v0.2,75085,e45e305c340e8198d886c4295059cb3f0351a2f350ab23e70215cf65f06ea8ba,d1497184213de7921930cf1605bbbf8d13d1146ab5a2b958e1832cd8637fdf51,16.218313856079053,3.76993989944458,0.9950947271961087
p257_015.wav,GTCRN,75085,e45e305c340e8198d886c4295059cb3f0351a2f350ab23e70215cf65f06ea8ba,d1497184213de7921930cf1605bbbf8d13d1146ab5a2b958e1832cd8637fdf51,21.759190816432113,4.092934608459473,0.9963757119053827
p257_016.wav,Noisy,85572,9444678168d22b9e6c0213f61a16852a806d6414975fabebd8a9b580c868c7a7,70d51b9379e00663ed9a6206af8ccfa594e7cf9434dac0a2f10bb70275ba4cb6,6.982232508071798,2.29827618598938,0.9886020224267578
p257_016.wav,RNNoise v0.2,85572,9444678168d22b9e6c0213f61a16852a806d6414975fabebd8a9b580c868c7a7,70d51b9379e00663ed9a6206af8ccfa594e7cf9434dac0a2f10bb70275ba4cb6,12.991482512430363,2.9329066276550293,0.9865945921729576
p257_016.wav,GTCRN,85572,9444678168d22b9e6c0213f61a16852a806d6414975fabebd8a9b580c868c7a7,70d51b9379e00663ed9a6206af8ccfa594e7cf9434dac0a2f10bb70275ba4cb6,20.651956736930046,3.1976914405822754,0.9902857973658343
p257_017.wav,Noisy,45937,d50c6f88326c2717839bb833c73fa1cac9537fbac586d91d608d584a798e4149,0f5c067547e0bff32a98b3e70c854938de3ecae97043d82ea439c702cfee2636,1.5973785064465096,1.5339593887329102,0.9697341930949638
p257_017.wav,RNNoise v0.2,45937,d50c6f88326c2717839bb833c73fa1cac9537fbac586d91d608d584a798e4149,0f5c067547e0bff32a98b3e70c854938de3ecae97043d82ea439c702cfee2636,14.335930377631778,2.6874256134033203,0.9711068261976271
p257_017.wav,GTCRN,45937,d50c6f88326c2717839bb833c73fa1cac9537fbac586d91d608d584a798e4149,0f5c067547e0bff32a98b3e70c854938de3ecae97043d82ea439c702cfee2636,18.58212014101246,2.5996344089508057,0.9712517069954463
p257_018.wav,Noisy,70698,c2cc60d1fcd5386cb2ed6d2801fa6855fc66fe10ca9f1d8c7772b6e01a7cae1d,69adfee6f87adedd77a5a084dff8d5c627067ddb6e02448477595fad0c3713f0,16.838255897933102,2.784344434738159,0.9883885798440669
p257_018.wav,RNNoise v0.2,70698,c2cc60d1fcd5386cb2ed6d2801fa6855fc66fe10ca9f1d8c7772b6e01a7cae1d,69adfee6f87adedd77a5a084dff8d5c627067ddb6e02448477595fad0c3713f0,16.501880517413404,3.3638057708740234,0.9839144772508083
p257_018.wav,GTCRN,70698,c2cc60d1fcd5386cb2ed6d2801fa6855fc66fe10ca9f1d8c7772b6e01a7cae1d,69adfee6f87adedd77a5a084dff8d5c627067ddb6e02448477595fad0c3713f0,22.12127234369784,3.6764347553253174,0.9820539645469025
p257_019.wav,Noisy,88325,5183ad71b6bd361638c1cc4bfbcb2cf72fa1557b30f4f5ca7b90631f4a93c38e,43c4c3cd212c0bf4bdd983d69b7960724859b6da584a4f88ea1bb24698fce842,12.060074733353009,1.9784793853759766,0.982919817802907
p257_019.wav,RNNoise v0.2,88325,5183ad71b6bd361638c1cc4bfbcb2cf72fa1557b30f4f5ca7b90631f4a93c38e,43c4c3cd212c0bf4bdd983d69b7960724859b6da584a4f88ea1bb24698fce842,15.158375127806156,3.0090420246124268,0.9876047762762282
p257_019.wav,GTCRN,88325,5183ad71b6bd361638c1cc4bfbcb2cf72fa1557b30f4f5ca7b90631f4a93c38e,43c4c3cd212c0bf4bdd983d69b7960724859b6da584a4f88ea1bb24698fce842,19.958528040763902,3.1880927085876465,0.9842581979199654
p257_020.wav,Noisy,54711,0d55e43d3ddf439da188aa84e235bdc3fe3347f68ee58ff7cc3ae2804aad33c5,90033e4ebe8b065c5823a1bf769c611e8bfc42fb9d3e87ced9fd3857b28ca4c5,6.38329654413916,1.3313043117523193,0.9445858153809119
p257_020.wav,RNNoise v0.2,54711,0d55e43d3ddf439da188aa84e235bdc3fe3347f68ee58ff7cc3ae2804aad33c5,90033e4ebe8b065c5823a1bf769c611e8bfc42fb9d3e87ced9fd3857b28ca4c5,14.68502839506618,1.962130069732666,0.9320183148390121
p257_020.wav,GTCRN,54711,0d55e43d3ddf439da188aa84e235bdc3fe3347f68ee58ff7cc3ae2804aad33c5,90033e4ebe8b065c5823a1bf769c611e8bfc42fb9d3e87ced9fd3857b28ca4c5,19.752378144906743,2.7035324573516846,0.9568415654836774
p257_022.wav,Noisy,77691,8c51f91a3707b8032d0276226ea74938b71fd051828dbd461272b012ab10f6b4,626c08c22a795356ed297f011d8d602ccf5d6fc0cf38d5f3eb9234da2def687d,1.847128517259378,1.3661353588104248,0.9399375527618848
p257_022.wav,RNNoise v0.2,77691,8c51f91a3707b8032d0276226ea74938b71fd051828dbd461272b012ab10f6b4,626c08c22a795356ed297f011d8d602ccf5d6fc0cf38d5f3eb9234da2def687d,14.651910449283339,2.2953696250915527,0.9541073501131104
p257_022.wav,GTCRN,77691,8c51f91a3707b8032d0276226ea74938b71fd051828dbd461272b012ab10f6b4,626c08c22a795356ed297f011d8d602ccf5d6fc0cf38d5f3eb9234da2def687d,19.11815717381931,2.90573787689209,0.9531570942217348
p257_023.wav,Noisy,131430,cae1f6379a84f09dff3a8733a9eeb62282cff91178e47c07456a82efe338a927,cdc7ad7f16c97c9732e29b57f99c04343e0e03a00863977c242e965911dece56,17.10405102947626,3.1131041049957275,0.9951174826032245
p257_023.wav,RNNoise v0.2,131430,cae1f6379a84f09dff3a8733a9eeb62282cff91178e47c07456a82efe338a927,cdc7ad7f16c97c9732e29b57f99c04343e0e03a00863977c242e965911dece56,15.911705985703644,3.5846736431121826,0.9931273271777972
p257_023.wav,GTCRN,131430,cae1f6379a84f09dff3a8733a9eeb62282cff91178e47c07456a82efe338a927,cdc7ad7f16c97c9732e29b57f99c04343e0e03a00863977c242e965911dece56,22.399721215937788,3.641761064529419,0.9906589949859722
p257_024.wav,Noisy,74964,ab815eefe9e9b9e6e8b9928bc5c7c6a6491a3f3cff44b13ba1cfda0b891e393f,9ae3fdef5cc207be8220a457e5361c25035e617f0300de020516ae3c06037a93,11.900099716932695,3.4524190425872803,0.9953541103477778
p257_024.wav,RNNoise v0.2,74964,ab815eefe9e9b9e6e8b9928bc5c7c6a6491a3f3cff44b13ba1cfda0b891e393f,9ae3fdef5cc207be8220a457e5361c25035e617f0300de020516ae3c06037a93,15.618712519334899,3.7644386291503906,0.9930732974765747
p257_024.wav,GTCRN,74964,ab815eefe9e9b9e6e8b9928bc5c7c6a6491a3f3cff44b13ba1cfda0b891e393f,9ae3fdef5cc207be8220a457e5361c25035e617f0300de020516ae3c06037a93,22.234551342126604,3.763169527053833,0.9899030751407257
p257_025.wav,Noisy,43868,b37d3de58d35496a50a8d68c1df0b3c46727e0dfca7926dc286714d634d64778,d403ed44b5e00e3f400e429200728f352200134fbbe159326af7eb4fe5cd5025,6.086296866874368,2.649656295776367,0.9805256774298979
p257_025.wav,RNNoise v0.2,43868,b37d3de58d35496a50a8d68c1df0b3c46727e0dfca7926dc286714d634d64778,d403ed44b5e00e3f400e429200728f352200134fbbe159326af7eb4fe5cd5025,15.6482811057729,3.0079751014709473,0.9857492861590341
p257_025.wav,GTCRN,43868,b37d3de58d35496a50a8d68c1df0b3c46727e0dfca7926dc286714d634d64778,d403ed44b5e00e3f400e429200728f352200134fbbe159326af7eb4fe5cd5025,21.281877648161185,3.3409667015075684,0.9848238336511015
p257_026.wav,Noisy,28143,9b01012858b112c11f50a9a04add8ad683abe8bb098d4d722969b41432365761,1034097780624865eb4b20eed110961e55c5eef7b98edf1af5919bdb35b05cdb,0.5525038966845547,1.466304063796997,0.9232612982197766
p257_026.wav,RNNoise v0.2,28143,9b01012858b112c11f50a9a04add8ad683abe8bb098d4d722969b41432365761,1034097780624865eb4b20eed110961e55c5eef7b98edf1af5919bdb35b05cdb,11.848022678740884,2.2018280029296875,0.92533439178976
p257_026.wav,GTCRN,28143,9b01012858b112c11f50a9a04add8ad683abe8bb098d4d722969b41432365761,1034097780624865eb4b20eed110961e55c5eef7b98edf1af5919bdb35b05cdb,13.432015705688903,2.811511278152466,0.9523558215848428
p257_027.wav,Noisy,48281,1d482db6fd5e6493457669f0f4833a234768fc3a4006f1c795847e49a0fd867d,e6c7356badcd9d0dab8709b6cddff7d80b9a31bcd31eda44bc369e96a0adf998,16.69494614122495,1.3685845136642456,0.9770506855249886
p257_027.wav,RNNoise v0.2,48281,1d482db6fd5e6493457669f0f4833a234768fc3a4006f1c795847e49a0fd867d,e6c7356badcd9d0dab8709b6cddff7d80b9a31bcd31eda44bc369e96a0adf998,15.09358606131315,2.6302335262298584,0.9257672695462701
p257_027.wav,GTCRN,48281,1d482db6fd5e6493457669f0f4833a234768fc3a4006f1c795847e49a0fd867d,e6c7356badcd9d0dab8709b6cddff7d80b9a31bcd31eda44bc369e96a0adf998,20.46693683600029,3.0772948265075684,0.9639233606070995
p257_028.wav,Noisy,29389,de5d10eb474e81ed4cf924b62d57aafbb9a2528281b995615b9c74fc0f64faf4,64f39b65407d0c6dc0b441e077bddae3677ad03cd0865a7e072e9e098c9c1f70,11.376703607585569,1.6122422218322754,0.928047993986392
p257_028.wav,RNNoise v0.2,29389,de5d10eb474e81ed4cf924b62d57aafbb9a2528281b995615b9c74fc0f64faf4,64f39b65407d0c6dc0b441e077bddae3677ad03cd0865a7e072e9e098c9c1f70,12.302801152714748,1.4515975713729858,0.8875378225864455
p257_028.wav,GTCRN,29389,de5d10eb474e81ed4cf924b62d57aafbb9a2528281b995615b9c74fc0f64faf4,64f39b65407d0c6dc0b441e077bddae3677ad03cd0865a7e072e9e098c9c1f70,15.8968959852843,1.5988038778305054,0.9114780769167384
p257_029.wav,Noisy,34001,2e135f682975ace58a76a20f15021b768d9e865d3818c1a2ba4e07cd1dc65171,ba156b7d49ad086e36d0e16fdf50f4624855c2f649f17658964397e5149b9566,5.785737498477737,1.1583139896392822,0.8779031325561142
p257_029.wav,RNNoise v0.2,34001,2e135f682975ace58a76a20f15021b768d9e865d3818c1a2ba4e07cd1dc65171,ba156b7d49ad086e36d0e16fdf50f4624855c2f649f17658964397e5149b9566,12.543101180138896,1.5468107461929321,0.82802211859186
p257_029.wav,GTCRN,34001,2e135f682975ace58a76a20f15021b768d9e865d3818c1a2ba4e07cd1dc65171,ba156b7d49ad086e36d0e16fdf50f4624855c2f649f17658964397e5149b9566,15.703002774650594,2.309793710708618,0.9137391523942975
p257_030.wav,Noisy,46249,baa9830c7f21bbf44b155c131b07cb0cf1a48ad5d204d93ad867e8748bf4ebc2,43dd866375d62b25632437162eb5ab8c63a020320031f5e20f278b15d9f4fe82,1.4322999062488841,1.1686826944351196,0.9198751221411949
p257_030.wav,RNNoise v0.2,46249,baa9830c7f21bbf44b155c131b07cb0cf1a48ad5d204d93ad867e8748bf4ebc2,43dd866375d62b25632437162eb5ab8c63a020320031f5e20f278b15d9f4fe82,13.068277025443926,1.2453845739364624,0.8979138952933085
p257_030.wav,GTCRN,46249,baa9830c7f21bbf44b155c131b07cb0cf1a48ad5d204d93ad867e8748bf4ebc2,43dd866375d62b25632437162eb5ab8c63a020320031f5e20f278b15d9f4fe82,15.315390586418046,2.090351104736328,0.9271713700932886
p257_031.wav,Noisy,21020,1367562e325f67b0b4bf2a12d604da5cf4ecd9c0a52c2d8e9069f821cbb8a97a,7b07efa13f0c3ec5a7a042103887582c10e7d1a846c8c5ce092df8c56f91df1d,15.165701380651186,2.2503836154937744,0.8550612150247828
p257_031.wav,RNNoise v0.2,21020,1367562e325f67b0b4bf2a12d604da5cf4ecd9c0a52c2d8e9069f821cbb8a97a,7b07efa13f0c3ec5a7a042103887582c10e7d1a846c8c5ce092df8c56f91df1d,13.153800200873611,2.171503782272339,0.8985577606992735
p257_031.wav,GTCRN,21020,1367562e325f67b0b4bf2a12d604da5cf4ecd9c0a52c2d8e9069f821cbb8a97a,7b07efa13f0c3ec5a7a042103887582c10e7d1a846c8c5ce092df8c56f91df1d,17.4047629329022,3.0743601322174072,0.8962107391206037
p257_032.wav,Noisy,48410,0112c9dc59ac4d10a3cf6375d0d911b058a403b9e03b04e3a4b97bef89c1c4b0,ba5f065648de263cad4e5773999b38b4ad88cf167ef249ee631308b502ed14c4,11.083802738736816,1.8163467645645142,0.9605592422374407
p257_032.wav,RNNoise v0.2,48410,0112c9dc59ac4d10a3cf6375d0d911b058a403b9e03b04e3a4b97bef89c1c4b0,ba5f065648de263cad4e5773999b38b4ad88cf167ef249ee631308b502ed14c4,14.40036435697062,2.424952983856201,0.9729611111695353
p257_032.wav,GTCRN,48410,0112c9dc59ac4d10a3cf6375d0d911b058a403b9e03b04e3a4b97bef89c1c4b0,ba5f065648de263cad4e5773999b38b4ad88cf167ef249ee631308b502ed14c4,17.307159923739317,2.8713743686676025,0.9734305707143962
p257_033.wav,Noisy,28151,87cdd9c13d45e9cdecf33641cc5c7a8e95879286e442ebef24d7204f929ccab5,555d53549a16dd0cbc4867935296aeb83db200e5850e6d64c9cd7fdb82dbe2fa,5.606928695659931,1.182889699935913,0.9033146144041899
p257_033.wav,RNNoise v0.2,28151,87cdd9c13d45e9cdecf33641cc5c7a8e95879286e442ebef24d7204f929ccab5,555d53549a16dd0cbc4867935296aeb83db200e5850e6d64c9cd7fdb82dbe2fa,11.1830252249773,1.321993350982666,0.8466955417463611
p257_033.wav,GTCRN,28151,87cdd9c13d45e9cdecf33641cc5c7a8e95879286e442ebef24d7204f929ccab5,555d53549a16dd0cbc4867935296aeb83db200e5850e6d64c9cd7fdb82dbe2fa,13.18868742920088,1.7122673988342285,0.9200966465514062
p257_034.wav,Noisy,30567,d7f481606a85c2efca47d3f8417eee514faf17eadc51f9d224ad0b29fa93ff8e,b963cc88c39f8b30d07ff52ccd93e645dcd3293b6500e6ec9e00ae914c459f0f,0.8648913473537466,1.2522423267364502,0.8877686302033052
p257_034.wav,RNNoise v0.2,30567,d7f481606a85c2efca47d3f8417eee514faf17eadc51f9d224ad0b29fa93ff8e,b963cc88c39f8b30d07ff52ccd93e645dcd3293b6500e6ec9e00ae914c459f0f,12.405763465056634,1.753087043762207,0.8898922536745159
p257_034.wav,GTCRN,30567,d7f481606a85c2efca47d3f8417eee514faf17eadc51f9d224ad0b29fa93ff8e,b963cc88c39f8b30d07ff52ccd93e645dcd3293b6500e6ec9e00ae914c459f0f,15.85542308664495,2.131160020828247,0.9183118200880636
p257_035.wav,Noisy,52484,ff1ede6b36af72d5276e9843d0daa0c8b56e1094d09c12751b73faf0d27c32b5,5f43456ac67bc495624e5a190a44714b4b5ed6cf56e5ab8ac8b3e9e2c7c2f74c,16.41915967468469,3.236814260482788,0.9984561419847758
p257_035.wav,RNNoise v0.2,52484,ff1ede6b36af72d5276e9843d0daa0c8b56e1094d09c12751b73faf0d27c32b5,5f43456ac67bc495624e5a190a44714b4b5ed6cf56e5ab8ac8b3e9e2c7c2f74c,15.289686291664598,3.418915271759033,0.9959008224503878
p257_035.wav,GTCRN,52484,ff1ede6b36af72d5276e9843d0daa0c8b56e1094d09c12751b73faf0d27c32b5,5f43456ac67bc495624e5a190a44714b4b5ed6cf56e5ab8ac8b3e9e2c7c2f74c,22.213963295395843,3.7606611251831055,0.9979518227480507
p257_036.wav,Noisy,28575,e10fa558ed3c5a8c67c19cf670230a4dc98bc97176c651ab774583d03318e711,c3998587d11dd0190bae2f281d150a6ced503961d195344495b6860440acf9dc,10.072546051917188,1.4114359617233276,0.9815716764148151
p257_036.wav,RNNoise v0.2,28575,e10fa558ed3c5a8c67c19cf670230a4dc98bc97176c651ab774583d03318e711,c3998587d11dd0190bae2f281d150a6ced503961d195344495b6860440acf9dc,15.624115020477504,2.7845211029052734,0.9843075394605134
p257_036.wav,GTCRN,28575,e10fa558ed3c5a8c67c19cf670230a4dc98bc97176c651ab774583d03318e711,c3998587d11dd0190bae2f281d150a6ced503961d195344495b6860440acf9dc,19.899597507881836,3.3352136611938477,0.9897938325149529
p257_037.wav,Noisy,23282,fd31fa0664cc10fb3a592d36672a511ae4eb65e88237d2b5aa865ef0c6eb120b,271f156077a677a09118617612ecfd2a09e347140c022901af1095327fa67fd8,5.511174374897,1.6308748722076416,0.9472576659688483
p257_037.wav,RNNoise v0.2,23282,fd31fa0664cc10fb3a592d36672a511ae4eb65e88237d2b5aa865ef0c6eb120b,271f156077a677a09118617612ecfd2a09e347140c022901af1095327fa67fd8,13.898827715458307,2.6974191665649414,0.9768468939179198
p257_037.wav,GTCRN,23282,fd31fa0664cc10fb3a592d36672a511ae4eb65e88237d2b5aa865ef0c6eb120b,271f156077a677a09118617612ecfd2a09e347140c022901af1095327fa67fd8,17.175822079740147,2.581935405731201,0.9762027220584644
p257_038.wav,Noisy,52304,acadb0e4dc13287a70489b51fed71f4ed53e49251abbae33f9897dfa1f23169b,be2519c713cf47de522b32126dd157ba3c2cf08a2a6b6d6e8614171028faa343,2.014533062420672,2.081047773361206,0.9809341360241478
p257_038.wav,RNNoise v0.2,52304,acadb0e4dc13287a70489b51fed71f4ed53e49251abbae33f9897dfa1f23169b,be2519c713cf47de522b32126dd157ba3c2cf08a2a6b6d6e8614171028faa343,13.859160083044944,2.9967010021209717,0.9839508769913016
p257_038.wav,GTCRN,52304,acadb0e4dc13287a70489b51fed71f4ed53e49251abbae33f9897dfa1f23169b,be2519c713cf47de522b32126dd157ba3c2cf08a2a6b6d6e8614171028faa343,18.191758128932353,2.99517560005188,0.9762939933012966
p257_039.wav,Noisy,42585,aaca1ad37025a2bc77f3d3e38cdca18803992e8fd3fd7bd7e95b2c2af80af513,1331863b8017ba2a4d30cab0d73cda9346c994d6e24ed931b338001a42146c25,16.29939881777027,2.5160768032073975,0.9820325826256643
p257_039.wav,RNNoise v0.2,42585,aaca1ad37025a2bc77f3d3e38cdca18803992e8fd3fd7bd7e95b2c2af80af513,1331863b8017ba2a4d30cab0d73cda9346c994d6e24ed931b338001a42146c25,15.399575653831615,3.1088664531707764,0.9825917334310487
p257_039.wav,GTCRN,42585,aaca1ad37025a2bc77f3d3e38cdca18803992e8fd3fd7bd7e95b2c2af80af513,1331863b8017ba2a4d30cab0d73cda9346c994d6e24ed931b338001a42146c25,21.09531109608577,3.4609158039093018,0.9816233052386394
p257_040.wav,Noisy,42696,6635101e6789e0d75ec4fc268d21492fff56a42367e27a7467ce7aac8ba11e19,8029f7540eb184306f84b01c75f756dfc35295e835864bc2e88a0f8d0a405e85,11.24354458604937,1.628354787826538,0.9670507175109923
p257_040.wav,RNNoise v0.2,42696,6635101e6789e0d75ec4fc268d21492fff56a42367e27a7467ce7aac8ba11e19,8029f7540eb184306f84b01c75f756dfc35295e835864bc2e88a0f8d0a405e85,14.960234163956706,2.6314330101013184,0.9545891640372725
p257_040.wav,GTCRN,42696,6635101e6789e0d75ec4fc268d21492fff56a42367e27a7467ce7aac8ba11e19,8029f7540eb184306f84b01c75f756dfc35295e835864bc2e88a0f8d0a405e85,18.551133818953815,2.9147326946258545,0.9648725197160424
p257_041.wav,Noisy,27385,090750cbfdbf4eb53c735b2c8f06277a0f68afed21dc3f0c91cef89aa8f15635,05e988238e8f11f2109f6ae48799a8608452dd3059bf9fdc5e9c2984611fbfd2,7.347525826026532,1.1269409656524658,0.9040546368512641
p257_041.wav,RNNoise v0.2,27385,090750cbfdbf4eb53c735b2c8f06277a0f68afed21dc3f0c91cef89aa8f15635,05e988238e8f11f2109f6ae48799a8608452dd3059bf9fdc5e9c2984611fbfd2,10.131466395386322,1.655086636543274,0.8632968227133023
p257_041.wav,GTCRN,27385,090750cbfdbf4eb53c735b2c8f06277a0f68afed21dc3f0c91cef89aa8f15635,05e988238e8f11f2109f6ae48799a8608452dd3059bf9fdc5e9c2984611fbfd2,11.866903344749835,2.6244630813598633,0.9395369952625736
p257_042.wav,Noisy,29438,6273df002a95b2f45b3d170b4be52582ba3f93886a82a086a0b0e6283d1664ba,396fad0d00446f68b2a0a8566b4ebb58aa9d466013b8337108a28831ea967baf,-0.6618075029856575,1.044950246810913,0.7387942520451373
p257_042.wav,RNNoise v0.2,29438,6273df002a95b2f45b3d170b4be52582ba3f93886a82a086a0b0e6283d1664ba,396fad0d00446f68b2a0a8566b4ebb58aa9d466013b8337108a28831ea967baf,13.458555133676345,1.487809419631958,0.7211852100074415
p257_042.wav,GTCRN,29438,6273df002a95b2f45b3d170b4be52582ba3f93886a82a086a0b0e6283d1664ba,396fad0d00446f68b2a0a8566b4ebb58aa9d466013b8337108a28831ea967baf,16.645212664640887,1.607736587524414,0.8086702796921412
p257_043.wav,Noisy,33238,23039b5315049169585ef5d17f89d9544ebb6e1551bf13da018a0bc800133f25,5e0659932e66c0eec415c3f5562820a6c37559df54155a41775428bea7d51547,15.688143372022811,1.8019473552703857,0.9724020065588692
p257_043.wav,RNNoise v0.2,33238,23039b5315049169585ef5d17f89d9544ebb6e1551bf13da018a0bc800133f25,5e0659932e66c0eec415c3f5562820a6c37559df54155a41775428bea7d51547,15.922865134186626,1.7269532680511475,0.9790365642698527
p257_043.wav,GTCRN,33238,23039b5315049169585ef5d17f89d9544ebb6e1551bf13da018a0bc800133f25,5e0659932e66c0eec415c3f5562820a6c37559df54155a41775428bea7d51547,20.990632474839952,1.9597607851028442,0.98630316536447
p257_044.wav,Noisy,28702,6ed0626c0c1d8d72707465bd6fe2110b7225a49327e5bcbb7df2e8eea8747010,f25921eda34e0058ef8078c7cca1650a003fc1ab46b1dd871535adf601f7b2f8,10.42162862752071,2.647402763366699,0.9852159658797496
p257_044.wav,RNNoise v0.2,28702,6ed0626c0c1d8d72707465bd6fe2110b7225a49327e5bcbb7df2e8eea8747010,f25921eda34e0058ef8078c7cca1650a003fc1ab46b1dd871535adf601f7b2f8,14.063675264013398,2.4954371452331543,0.980160900142904
p257_044.wav,GTCRN,28702,6ed0626c0c1d8d72707465bd6fe2110b7225a49327e5bcbb7df2e8eea8747010,f25921eda34e0058ef8078c7cca1650a003fc1ab46b1dd871535adf601f7b2f8,18.717752033558618,3.2026052474975586,0.9865853675877524
p257_045.wav,Noisy,26000,547780f0c2a6d51b3c9ae477ec22b167fe8092ec47f7f617f1d9d68d27f760c2,ed21da3fbe3d8bffd8bd599311514834d5ec62f0003300e84a3b67639e220dcd,4.802496802854725,1.6358153820037842,0.9686969136054936
p257_045.wav,RNNoise v0.2,26000,547780f0c2a6d51b3c9ae477ec22b167fe8092ec47f7f617f1d9d68d27f760c2,ed21da3fbe3d8bffd8bd599311514834d5ec62f0003300e84a3b67639e220dcd,16.3368155352105,2.5886218547821045,0.9760013964582093
p257_045.wav,GTCRN,26000,547780f0c2a6d51b3c9ae477ec22b167fe8092ec47f7f617f1d9d68d27f760c2,ed21da3fbe3d8bffd8bd599311514834d5ec62f0003300e84a3b67639e220dcd,18.390069796790105,3.040959358215332,0.9802667166893606
p257_046.wav,Noisy,24662,081f14b4e9c62260491a89f98dc54369ead2ecec0363e0a15c5b61df1a9c8e49,c9748669aca78cd14e9b9082efa22f24403dead2bebd971cde8b689713fc8179,2.1160292036310975,2.5534164905548096,0.8877748525271242
p257_046.wav,RNNoise v0.2,24662,081f14b4e9c62260491a89f98dc54369ead2ecec0363e0a15c5b61df1a9c8e49,c9748669aca78cd14e9b9082efa22f24403dead2bebd971cde8b689713fc8179,10.357925447557463,2.7213385105133057,0.8934656853841486
p257_046.wav,GTCRN,24662,081f14b4e9c62260491a89f98dc54369ead2ecec0363e0a15c5b61df1a9c8e49,c9748669aca78cd14e9b9082efa22f24403dead2bebd971cde8b689713fc8179,12.37168424160162,3.2312793731689453,0.9056105945147758
p257_047.wav,Noisy,43104,2287af06bd713cd09bcf5b21003d4d371fcdabcc9d68b25a050e05cf6a1c3559,6a9bf6d78e516ad8071bf2e59431d58f8ad9e397fd9199f85a962b1f5e1dd106,16.12146020474189,1.292720079421997,0.9551280678655036
p257_047.wav,RNNoise v0.2,43104,2287af06bd713cd09bcf5b21003d4d371fcdabcc9d68b25a050e05cf6a1c3559,6a9bf6d78e516ad8071bf2e59431d58f8ad9e397fd9199f85a962b1f5e1dd106,14.632732959456877,1.891923189163208,0.9016849206398826
p257_047.wav,GTCRN,43104,2287af06bd713cd09bcf5b21003d4d371fcdabcc9d68b25a050e05cf6a1c3559,6a9bf6d78e516ad8071bf2e59431d58f8ad9e397fd9199f85a962b1f5e1dd106,21.070196744245912,3.198770523071289,0.9569000718561318
p257_048.wav,Noisy,26920,e4cd0097bfed47578f327fc11a7e79d6fd3d9adf086279bf25cbc4d813814be5,809c0cdd9e4c73a064dc3c72f1d689af9fdd9fcfd2b6a0252dc9dce5c4425d55,10.988454895635316,1.4138182401657104,0.93666984871862
p257_048.wav,RNNoise v0.2,26920,e4cd0097bfed47578f327fc11a7e79d6fd3d9adf086279bf25cbc4d813814be5,809c0cdd9e4c73a064dc3c72f1d689af9fdd9fcfd2b6a0252dc9dce5c4425d55,13.844705281740115,2.3922483921051025,0.9295857902986712
p257_048.wav,GTCRN,26920,e4cd0097bfed47578f327fc11a7e79d6fd3d9adf086279bf25cbc4d813814be5,809c0cdd9e4c73a064dc3c72f1d689af9fdd9fcfd2b6a0252dc9dce5c4425d55,17.30700159651772,3.0204787254333496,0.9715918729245715
p257_049.wav,Noisy,50383,cebd97a8f974b46bd936109139ea54eadd93e1eb42b89c44e6c91eea5a0a7fde,94fe84df045724184b764431fe8ea06d280f17167c5d3bff6fe6ffe328e06d34,6.859384518785367,1.2478338479995728,0.9382864402913718
p257_049.wav,RNNoise v0.2,50383,cebd97a8f974b46bd936109139ea54eadd93e1eb42b89c44e6c91eea5a0a7fde,94fe84df045724184b764431fe8ea06d280f17167c5d3bff6fe6ffe328e06d34,13.069561596064254,1.560600757598877,0.921748121893803
p257_049.wav,GTCRN,50383,cebd97a8f974b46bd936109139ea54eadd93e1eb42b89c44e6c91eea5a0a7fde,94fe84df045724184b764431fe8ea06d280f17167c5d3bff6fe6ffe328e06d34,16.896171743661313,2.4614741802215576,0.9507222584684822
p257_050.wav,Noisy,30744,b5611fbccd20d379af42646b53b197f5ce83ce3fae3adc497657873f6b8b822c,904864d8465210988f84c89fc8895ee05295bcb0338db00cea59d442cfa77cc0,0.18249718603451004,1.0309010744094849,0.639657202341034
p257_050.wav,RNNoise v0.2,30744,b5611fbccd20d379af42646b53b197f5ce83ce3fae3adc497657873f6b8b822c,904864d8465210988f84c89fc8895ee05295bcb0338db00cea59d442cfa77cc0,9.994204259953355,1.1481831073760986,0.6699898966275762
p257_050.wav,GTCRN,30744,b5611fbccd20d379af42646b53b197f5ce83ce3fae3adc497657873f6b8b822c,904864d8465210988f84c89fc8895ee05295bcb0338db00cea59d442cfa77cc0,11.710774792964052,1.222691535949707,0.6595477324376013
p257_051.wav,Noisy,46461,a018a5202b530133acc5b553a946c85971b08b74299c59ee513373b3a2af8ee0,b9264b17811d84b404c0fa7f28d769345c0cd444c7e2f8d36f8aece9c7f03f9d,16.907492173722503,2.446462392807007,0.9919619852429156
p257_051.wav,RNNoise v0.2,46461,a018a5202b530133acc5b553a946c85971b08b74299c59ee513373b3a2af8ee0,b9264b17811d84b404c0fa7f28d769345c0cd444c7e2f8d36f8aece9c7f03f9d,14.99638608313915,2.9461960792541504,0.9931861685179453
p257_051.wav,GTCRN,46461,a018a5202b530133acc5b553a946c85971b08b74299c59ee513373b3a2af8ee0,b9264b17811d84b404c0fa7f28d769345c0cd444c7e2f8d36f8aece9c7f03f9d,19.851259577508902,3.3890912532806396,0.9957484181988918
p257_052.wav,Noisy,32480,5cccd028fbbf0eb443160160f2b1e0f2fb08983fa74880d1451dd09cf3dd798d,e87fc9f763c6ae0f40c0e309b5a995249ea8c9e0ffef4a587f7e047d0d380f02,10.70265751891898,2.149691581726074,0.9489252987329911
p257_052.wav,RNNoise v0.2,32480,5cccd028fbbf0eb443160160f2b1e0f2fb08983fa74880d1451dd09cf3dd798d,e87fc9f763c6ae0f40c0e309b5a995249ea8c9e0ffef4a587f7e047d0d380f02,15.008778245287704,2.437821388244629,0.9537270669312014
p257_052.wav,GTCRN,32480,5cccd028fbbf0eb443160160f2b1e0f2fb08983fa74880d1451dd09cf3dd798d,e87fc9f763c6ae0f40c0e309b5a995249ea8c9e0ffef4a587f7e047d0d380f02,20.338809333525127,2.7083961963653564,0.9180458414438
p257_053.wav,Noisy,40618,bdca8a233dbce7b4335fe965ddf0d0a3b484928e0474a80288a1857e44d00bd6,db3c4d6e9200856a95e77ad98bfcdc118e2958747cc6c491d3ce1e6070da66fb,5.918745503070108,1.0803205966949463,0.8912384600271496
p257_053.wav,RNNoise v0.2,40618,bdca8a233dbce7b4335fe965ddf0d0a3b484928e0474a80288a1857e44d00bd6,db3c4d6e9200856a95e77ad98bfcdc118e2958747cc6c491d3ce1e6070da66fb,11.105650431519296,1.3407368659973145,0.9214427928402712
p257_053.wav,GTCRN,40618,bdca8a233dbce7b4335fe965ddf0d0a3b484928e0474a80288a1857e44d00bd6,db3c4d6e9200856a95e77ad98bfcdc118e2958747cc6c491d3ce1e6070da66fb,11.712197739937796,1.4607770442962646,0.9198371063463204
p257_054.wav,Noisy,34548,7a2ed4bc9ba598cbfbe94efedded3e161abb75fa97b3dee9b0c0d21cbf23c424,119669b2d32782e92f1385c088c61e0522f2d04d5e1cc21658738a4aa658d9a1,0.9748675598456391,1.0817553997039795,0.8118213246703491
p257_054.wav,RNNoise v0.2,34548,7a2ed4bc9ba598cbfbe94efedded3e161abb75fa97b3dee9b0c0d21cbf23c424,119669b2d32782e92f1385c088c61e0522f2d04d5e1cc21658738a4aa658d9a1,10.970804632246116,1.2081974744796753,0.7844123059102545
p257_054.wav,GTCRN,34548,7a2ed4bc9ba598cbfbe94efedded3e161abb75fa97b3dee9b0c0d21cbf23c424,119669b2d32782e92f1385c088c61e0522f2d04d5e1cc21658738a4aa658d9a1,13.251834618135527,1.8310978412628174,0.8785784616861227
p257_055.wav,Noisy,39949,f8aec8ef154649aad2318fb624a5e38f95197bfee0cd15264d4ffba355aa1636,7ffa75b1bfb6d3913e0ab5f080956d1328e279890259789bf8d36857b12507f8,16.0687420594137,3.4568393230438232,0.9957961547240837
p257_055.wav,RNNoise v0.2,39949,f8aec8ef154649aad2318fb624a5e38f95197bfee0cd15264d4ffba355aa1636,7ffa75b1bfb6d3913e0ab5f080956d1328e279890259789bf8d36857b12507f8,14.514587748087912,3.588813304901123,0.9799860062118203
p257_055.wav,GTCRN,39949,f8aec8ef154649aad2318fb624a5e38f95197bfee0cd15264d4ffba355aa1636,7ffa75b1bfb6d3913e0ab5f080956d1328e279890259789bf8d36857b12507f8,17.995547482298967,3.833070755004883,0.995691065060798
p257_056.wav,Noisy,23529,44299656e8d7b98ec6f63853b49d90bb8cf957ccb66afc603cb6d524d9ae147e,855936c3ebef175cf9a8a7fd6f7a163e3cb03c7765cb03612bfa56c7888722ae,10.10561131310241,2.7340376377105713,0.9752650502699985
p257_056.wav,RNNoise v0.2,23529,44299656e8d7b98ec6f63853b49d90bb8cf957ccb66afc603cb6d524d9ae147e,855936c3ebef175cf9a8a7fd6f7a163e3cb03c7765cb03612bfa56c7888722ae,16.869618615764253,3.184492826461792,0.9783215376009863
p257_056.wav,GTCRN,23529,44299656e8d7b98ec6f63853b49d90bb8cf957ccb66afc603cb6d524d9ae147e,855936c3ebef175cf9a8a7fd6f7a163e3cb03c7765cb03612bfa56c7888722ae,20.393275061265896,3.160191059112549,0.9770213735932648
p257_057.wav,Noisy,46651,9ff90c18a4ecae8a799579a352fe2e191886a8d9200edb2901263b7eb281e4b9,594f55b1ac72de05e4c2be13ba89c6a7dc90e818586b3ae16aefe30514f9ba6f,6.4435976487864774,2.2727468013763428,0.9862199665515261
p257_057.wav,RNNoise v0.2,46651,9ff90c18a4ecae8a799579a352fe2e191886a8d9200edb2901263b7eb281e4b9,594f55b1ac72de05e4c2be13ba89c6a7dc90e818586b3ae16aefe30514f9ba6f,16.389102802272625,3.252351999282837,0.9723150395396355
p257_057.wav,GTCRN,46651,9ff90c18a4ecae8a799579a352fe2e191886a8d9200edb2901263b7eb281e4b9,594f55b1ac72de05e4c2be13ba89c6a7dc90e818586b3ae16aefe30514f9ba6f,21.602415707206326,3.6551930904388428,0.9893734557969044
p257_058.wav,Noisy,30854,41c335ee43d4945b1de4cba2aa8f3145b6ee8efe4646bf2eae5fef1d49c42af0,29fd891a53cf2467372c4a5c63afb35a42d882ca20ff75675bee655c82b0ebf4,0.4296315334144014,1.2181812524795532,0.9662822386631246
p257_058.wav,RNNoise v0.2,30854,41c335ee43d4945b1de4cba2aa8f3145b6ee8efe4646bf2eae5fef1d49c42af0,29fd891a53cf2467372c4a5c63afb35a42d882ca20ff75675bee655c82b0ebf4,14.452994544172867,1.7819955348968506,0.9370578133899331
p257_058.wav,GTCRN,30854,41c335ee43d4945b1de4cba2aa8f3145b6ee8efe4646bf2eae5fef1d49c42af0,29fd891a53cf2467372c4a5c63afb35a42d882ca20ff75675bee655c82b0ebf4,19.70973331047191,2.2792274951934814,0.966607572732783
p257_059.wav,Noisy,59651,216b918a648178168a3b85ec917ef44d9e621e3796053b037d4408e9e7fa6756,a4eafc0d65bea42ea6835d47b39035366302f1890c2452cc7d15d39ccf8029a6,16.688799360172094,1.7409677505493164,0.9815983619915571
p257_059.wav,RNNoise v0.2,59651,216b918a648178168a3b85ec917ef44d9e621e3796053b037d4408e9e7fa6756,a4eafc0d65bea42ea6835d47b39035366302f1890c2452cc7d15d39ccf8029a6,13.372528350471493,2.0851008892059326,0.9645201416774172
p257_059.wav,GTCRN,59651,216b918a648178168a3b85ec917ef44d9e621e3796053b037d4408e9e7fa6756,a4eafc0d65bea42ea6835d47b39035366302f1890c2452cc7d15d39ccf8029a6,21.74339307127711,3.310906171798706,0.9861592180683942
p257_060.wav,Noisy,26240,e343aede8a9c12b2fa3f70c957a66f9f9ed76922da823b677bc1ae7b63692c76,dfb038d8c021fd934a409cf057796bc06ab1ff80878d7e199ca8e11c9e81cd29,10.404565353826815,1.6769025325775146,0.9313677350107149
p257_060.wav,RNNoise v0.2,26240,e343aede8a9c12b2fa3f70c957a66f9f9ed76922da823b677bc1ae7b63692c76,dfb038d8c021fd934a409cf057796bc06ab1ff80878d7e199ca8e11c9e81cd29,14.557944279442573,1.6933104991912842,0.8298697027947248
p257_060.wav,GTCRN,26240,e343aede8a9c12b2fa3f70c957a66f9f9ed76922da823b677bc1ae7b63692c76,dfb038d8c021fd934a409cf057796bc06ab1ff80878d7e199ca8e11c9e81cd29,19.24277419094007,3.175020217895508,0.9676153070843414
p257_061.wav,Noisy,33086,9c55251b3feb1c0f7f8951089dfab94d50a2a35417c3c84e121839fbac9ccca3,0bde3ee95a90fbfd7edb3b421a51f220e536906a5ab35462d450aa790fcd4eec,5.325257354487331,1.267364740371704,0.8731064647980792
p257_061.wav,RNNoise v0.2,33086,9c55251b3feb1c0f7f8951089dfab94d50a2a35417c3c84e121839fbac9ccca3,0bde3ee95a90fbfd7edb3b421a51f220e536906a5ab35462d450aa790fcd4eec,11.34235284511782,1.6100058555603027,0.8668205141926836
p257_061.wav,GTCRN,33086,9c55251b3feb1c0f7f8951089dfab94d50a2a35417c3c84e121839fbac9ccca3,0bde3ee95a90fbfd7edb3b421a51f220e536906a5ab35462d450aa790fcd4eec,15.054005549350418,2.3683204650878906,0.9031510431954025
p257_062.wav,Noisy,38927,3f1b076ddcb6ecae3d0152bc7789da8bebc47f85bea6159539d001f17df9c6f8,e81e54320ed5a81dfcc55ebc9d6fd74888abda47bf4b2ee4567179085ec54eb7,1.1438916335652924,1.1654258966445923,0.8697512998204321
p257_062.wav,RNNoise v0.2,38927,3f1b076ddcb6ecae3d0152bc7789da8bebc47f85bea6159539d001f17df9c6f8,e81e54320ed5a81dfcc55ebc9d6fd74888abda47bf4b2ee4567179085ec54eb7,13.392038649864071,1.6202071905136108,0.8765866809166274
p257_062.wav,GTCRN,38927,3f1b076ddcb6ecae3d0152bc7789da8bebc47f85bea6159539d001f17df9c6f8,e81e54320ed5a81dfcc55ebc9d6fd74888abda47bf4b2ee4567179085ec54eb7,16.15733426898877,2.189939260482788,0.9190821517923666
p257_063.wav,Noisy,32872,90c3be53479a37ed45be7bfcebc770f88eea1fcd67a4a5745c0fb2d8cd266a89,48261a86c8ef7b155af9c29626e4ffcf7e6fb59a463ebf314b3f0f5c6144892a,15.622943658268273,2.035628318786621,0.9225643517389563
p257_063.wav,RNNoise v0.2,32872,90c3be53479a37ed45be7bfcebc770f88eea1fcd67a4a5745c0fb2d8cd266a89,48261a86c8ef7b155af9c29626e4ffcf7e6fb59a463ebf314b3f0f5c6144892a,15.084514470007232,2.4583139419555664,0.9376748215801061
p257_063.wav,GTCRN,32872,90c3be53479a37ed45be7bfcebc770f88eea1fcd67a4a5745c0fb2d8cd266a89,48261a86c8ef7b155af9c29626e4ffcf7e6fb59a463ebf314b3f0f5c6144892a,18.64001209810694,2.526174306869507,0.9460249836706935
p257_064.wav,Noisy,32990,e9ad82c75200d985ff92d2d43db8380950f3d47f83b33890c4994aa2e013aa3d,cffa436b604945a8b090e60d9b07314ef454c790591e74d0924d9c665e3d78a1,10.195220468020585,1.2878037691116333,0.9519662527918954
p257_064.wav,RNNoise v0.2,32990,e9ad82c75200d985ff92d2d43db8380950f3d47f83b33890c4994aa2e013aa3d,cffa436b604945a8b090e60d9b07314ef454c790591e74d0924d9c665e3d78a1,16.632513559741227,2.5991110801696777,0.8740219905120793
p257_064.wav,GTCRN,32990,e9ad82c75200d985ff92d2d43db8380950f3d47f83b33890c4994aa2e013aa3d,cffa436b604945a8b090e60d9b07314ef454c790591e74d0924d9c665e3d78a1,19.987452199876035,3.2795541286468506,0.958044077506736
p257_065.wav,Noisy,41421,28db5b0e59fe4cac1daa4fe9c9d5a2abe89b3a96041b7ec2e1408f3ecef3ebfe,e14f5febe147407fa7ae2edccf8068a14e637373b23be13963f0747d57745e4c,6.118876320942204,1.6811599731445312,0.9621326852509565
p257_065.wav,RNNoise v0.2,41421,28db5b0e59fe4cac1daa4fe9c9d5a2abe89b3a96041b7ec2e1408f3ecef3ebfe,e14f5febe147407fa7ae2edccf8068a14e637373b23be13963f0747d57745e4c,15.253021372148607,1.575387716293335,0.9366909487510645
p257_065.wav,GTCRN,41421,28db5b0e59fe4cac1daa4fe9c9d5a2abe89b3a96041b7ec2e1408f3ecef3ebfe,e14f5febe147407fa7ae2edccf8068a14e637373b23be13963f0747d57745e4c,18.715857708479458,2.087737798690796,0.9725484139532526
p257_066.wav,Noisy,43360,f92cf0c3750ee0ce8039e7baec92b9f513a34693b0a534abfcd0561f76823691,b8635b578850c45d1a6459bd13340282be1da263a37c1720eb83bf7d33aaba0e,0.7434970910789113,1.40803062915802,0.9163537067863171
p257_066.wav,RNNoise v0.2,43360,f92cf0c3750ee0ce8039e7baec92b9f513a34693b0a534abfcd0561f76823691,b8635b578850c45d1a6459bd13340282be1da263a37c1720eb83bf7d33aaba0e,14.809961250062091,2.377981424331665,0.9531746677453579
p257_066.wav,GTCRN,43360,f92cf0c3750ee0ce8039e7baec92b9f513a34693b0a534abfcd0561f76823691,b8635b578850c45d1a6459bd13340282be1da263a37c1720eb83bf7d33aaba0e,19.008505792911414,3.0448694229125977,0.9599561426768425
p257_067.wav,Noisy,28066,a7927d24af2004f45a5d4d5879a01f1a5f316bbdd2e9ada2a1d4c23ff58a8c20,dbf0d37682518df7b00a8dbf285c710c150ab6cb35bb518f2851c5b940bfd189,15.470160363746611,1.1043589115142822,0.9304664446365051
p257_067.wav,RNNoise v0.2,28066,a7927d24af2004f45a5d4d5879a01f1a5f316bbdd2e9ada2a1d4c23ff58a8c20,dbf0d37682518df7b00a8dbf285c710c150ab6cb35bb518f2851c5b940bfd189,14.887752212036098,2.139625072479248,0.8332663792807392
p257_067.wav,GTCRN,28066,a7927d24af2004f45a5d4d5879a01f1a5f316bbdd2e9ada2a1d4c23ff58a8c20,dbf0d37682518df7b00a8dbf285c710c150ab6cb35bb518f2851c5b940bfd189,19.0474215174298,2.3323376178741455,0.9050440954297886
p257_068.wav,Noisy,31718,5551c2625fb3b34b4e9cd0de29592ef21662066c47036bf4291e9968efee1838,3bd2081c7b3795c4f65f468b3f9908cc613ceb17d9848071ab19fa143fae0cbb,9.941231485596902,1.6178901195526123,0.9352313342359239
p257_068.wav,RNNoise v0.2,31718,5551c2625fb3b34b4e9cd0de29592ef21662066c47036bf4291e9968efee1838,3bd2081c7b3795c4f65f468b3f9908cc613ceb17d9848071ab19fa143fae0cbb,14.572905551715792,1.9944419860839844,0.9263022501118834
p257_068.wav,GTCRN,31718,5551c2625fb3b34b4e9cd0de29592ef21662066c47036bf4291e9968efee1838,3bd2081c7b3795c4f65f468b3f9908cc613ceb17d9848071ab19fa143fae0cbb,17.666708359098443,2.5696451663970947,0.9571199080439958
p257_069.wav,Noisy,44631,8655da376350a0c65c9b02f9e8c3f6b195fb860fd090a29d8751e7a41951e3cc,5b823173c0f40a2aca8181c7c19c59f127b21f94a1ac57ea55bec475e9db9584,6.834017394953427,1.1686309576034546,0.7562038969944876
p257_069.wav,RNNoise v0.2,44631,8655da376350a0c65c9b02f9e8c3f6b195fb860fd090a29d8751e7a41951e3cc,5b823173c0f40a2aca8181c7c19c59f127b21f94a1ac57ea55bec475e9db9584,10.08492973915622,1.353513240814209,0.789566454754121
p257_069.wav,GTCRN,44631,8655da376350a0c65c9b02f9e8c3f6b195fb860fd090a29d8751e7a41951e3cc,5b823173c0f40a2aca8181c7c19c59f127b21f94a1ac57ea55bec475e9db9584,11.772441918557167,1.4735782146453857,0.8047340340200777
p257_070.wav,Noisy,38232,28ac740fb643944e771c01667b9fb85281465310b2253c6cee30f88f569385b4,68df62627d4c23012ac69820e9ec081e95bc85ef4ad3a75fa8f1f95635309559,1.5812981419272072,1.0888370275497437,0.6983064407901947
p257_070.wav,RNNoise v0.2,38232,28ac740fb643944e771c01667b9fb85281465310b2253c6cee30f88f569385b4,68df62627d4c23012ac69820e9ec081e95bc85ef4ad3a75fa8f1f95635309559,7.7604872050124785,1.1682405471801758,0.6828822557649508
p257_070.wav,GTCRN,38232,28ac740fb643944e771c01667b9fb85281465310b2253c6cee30f88f569385b4,68df62627d4c23012ac69820e9ec081e95bc85ef4ad3a75fa8f1f95635309559,9.50116523234396,1.3436146974563599,0.7532036844352893
p257_071.wav,Noisy,59297,e78432d96105bd4bb337bc870c8e3429bd55b4eba23af2d65cfaaf5ddabf1f11,94f4914cfa391b63bc792bb291d72a246ff71c77a4c1f9bee9db01877249e3ef,16.73040444030819,2.2201955318450928,0.9759282564819413
p257_071.wav,RNNoise v0.2,59297,e78432d96105bd4bb337bc870c8e3429bd55b4eba23af2d65cfaaf5ddabf1f11,94f4914cfa391b63bc792bb291d72a246ff71c77a4c1f9bee9db01877249e3ef,14.706704827225723,2.843510389328003,0.9829386145162864
p257_071.wav,GTCRN,59297,e78432d96105bd4bb337bc870c8e3429bd55b4eba23af2d65cfaaf5ddabf1f11,94f4914cfa391b63bc792bb291d72a246ff71c77a4c1f9bee9db01877249e3ef,19.507414181663933,3.243482828140259,0.9801622527499854
p257_072.wav,Noisy,29519,77308c900899f846eebcebe165062fcfdfa6db44ce5b060b44212aa863cba115,da25c02be71760bc51cdb4543bd40f28e313963b1af5897fc7b875412352a45f,10.713081775452052,1.4647881984710693,0.9144340575113152
p257_072.wav,RNNoise v0.2,29519,77308c900899f846eebcebe165062fcfdfa6db44ce5b060b44212aa863cba115,da25c02be71760bc51cdb4543bd40f28e313963b1af5897fc7b875412352a45f,12.799974104867843,1.6783790588378906,0.8655080231780607
p257_072.wav,GTCRN,29519,77308c900899f846eebcebe165062fcfdfa6db44ce5b060b44212aa863cba115,da25c02be71760bc51cdb4543bd40f28e313963b1af5897fc7b875412352a45f,15.580838669384356,2.223625421524048,0.9221005037744734
p257_073.wav,Noisy,39337,4c5027f589b8454325cf4082997ac608fc9f9ad3a80fdb26992cfb42007e6a34,2330c4470d6e1b20cd07014ac694613822e8cf0880f042693cd04c4bcc1fc9b3,6.244916092135407,1.3172001838684082,0.9289565870469749
p257_073.wav,RNNoise v0.2,39337,4c5027f589b8454325cf4082997ac608fc9f9ad3a80fdb26992cfb42007e6a34,2330c4470d6e1b20cd07014ac694613822e8cf0880f042693cd04c4bcc1fc9b3,14.208463993960358,2.1698219776153564,0.9361444998755558
p257_073.wav,GTCRN,39337,4c5027f589b8454325cf4082997ac608fc9f9ad3a80fdb26992cfb42007e6a34,2330c4470d6e1b20cd07014ac694613822e8cf0880f042693cd04c4bcc1fc9b3,17.327222654018065,2.7711215019226074,0.9409401605782378
p257_074.wav,Noisy,27373,29eb96771d38d3f7845e785605fe04a4177462d324ce3cb77b325c369a35cce6,ef8a8cbb56d95e6d607b5c1bec8753bd2051aa0c226b39310fc27779a3b31877,0.6458759420957563,1.1671123504638672,0.8897639864904068
p257_074.wav,RNNoise v0.2,27373,29eb96771d38d3f7845e785605fe04a4177462d324ce3cb77b325c369a35cce6,ef8a8cbb56d95e6d607b5c1bec8753bd2051aa0c226b39310fc27779a3b31877,9.41407451476512,1.7610530853271484,0.8913778818945269
p257_074.wav,GTCRN,27373,29eb96771d38d3f7845e785605fe04a4177462d324ce3cb77b325c369a35cce6,ef8a8cbb56d95e6d607b5c1bec8753bd2051aa0c226b39310fc27779a3b31877,10.930176506679308,1.712198257446289,0.8910162749423816
p257_075.wav,Noisy,31666,61479e2333657ff7a28898d61e48ca2aaf9978a9e6738882a92155236b276c15,1d8541d8f4f3aae3b0747d598cf8545d15323537b81829eb7e18c03399e5f3a7,15.345907564292876,3.3758392333984375,0.9915716987169639
p257_075.wav,RNNoise v0.2,31666,61479e2333657ff7a28898d61e48ca2aaf9978a9e6738882a92155236b276c15,1d8541d8f4f3aae3b0747d598cf8545d15323537b81829eb7e18c03399e5f3a7,17.730059146922784,3.3489339351654053,0.9538632887186468
p257_075.wav,GTCRN,31666,61479e2333657ff7a28898d61e48ca2aaf9978a9e6738882a92155236b276c15,1d8541d8f4f3aae3b0747d598cf8545d15323537b81829eb7e18c03399e5f3a7,23.168153340685276,4.100606918334961,0.9906492952130193
p257_076.wav,Noisy,27585,177374d8e48abb228bc531918d58a876a2338615ba45d905fe611ee946b14927,5b4b5272d3fb236bcab15c90c1a71f3729a2b67621ecf6d6bffd27d71a200449,10.658427158072268,2.5836334228515625,0.9668482990129581
p257_076.wav,RNNoise v0.2,27585,177374d8e48abb228bc531918d58a876a2338615ba45d905fe611ee946b14927,5b4b5272d3fb236bcab15c90c1a71f3729a2b67621ecf6d6bffd27d71a200449,16.299138682735517,2.5678465366363525,0.8855202216948914
p257_076.wav,GTCRN,27585,177374d8e48abb228bc531918d58a876a2338615ba45d905fe611ee946b14927,5b4b5272d3fb236bcab15c90c1a71f3729a2b67621ecf6d6bffd27d71a200449,21.242063216381034,3.3039894104003906,0.964686660010097
p257_077.wav,Noisy,33920,cf59ebf0c540cbf5963de8739b21b7ebde398d6bd7a105b1af21d476ed190c55,2cd3674922dfee0c9b2fa4c13aab84ebca2894fecc7a2c712f26d25f36e3211c,5.587470559554086,1.9693481922149658,0.9694994961256828
p257_077.wav,RNNoise v0.2,33920,cf59ebf0c540cbf5963de8739b21b7ebde398d6bd7a105b1af21d476ed190c55,2cd3674922dfee0c9b2fa4c13aab84ebca2894fecc7a2c712f26d25f36e3211c,15.120662388405478,2.397221565246582,0.9164159323256703
p257_077.wav,GTCRN,33920,cf59ebf0c540cbf5963de8739b21b7ebde398d6bd7a105b1af21d476ed190c55,2cd3674922dfee0c9b2fa4c13aab84ebca2894fecc7a2c712f26d25f36e3211c,19.86626779189929,3.230699300765991,0.9817259962099257
p257_078.wav,Noisy,50755,16b1f16e4a865bb0f232915da8b927004b4212c0168140882d5b293860fda5de,6740db377ea0d4db0fd7311f71a1a423e179c0f3d4334e449a68325e063448d6,1.4239588055910635,1.1789864301681519,0.9814253262988566
p257_078.wav,RNNoise v0.2,50755,16b1f16e4a865bb0f232915da8b927004b4212c0168140882d5b293860fda5de,6740db377ea0d4db0fd7311f71a1a423e179c0f3d4334e449a68325e063448d6,15.039395743822443,2.5552124977111816,0.9781135227023215
p257_078.wav,GTCRN,50755,16b1f16e4a865bb0f232915da8b927004b4212c0168140882d5b293860fda5de,6740db377ea0d4db0fd7311f71a1a423e179c0f3d4334e449a68325e063448d6,19.421908322889145,2.4114339351654053,0.9591177986805617
p257_079.wav,Noisy,45140,9fb73438781a0e760a3f6bf2bee617a03cb2cf4ca133add3132ad9f84cee0a79,339f754e51e5dde48f71c0cbf11c0c2444975ab778c6a8dcc863b84bcd5c204b,16.368238733497854,1.9935095310211182,0.9722016075441203
p257_079.wav,RNNoise v0.2,45140,9fb73438781a0e760a3f6bf2bee617a03cb2cf4ca133add3132ad9f84cee0a79,339f754e51e5dde48f71c0cbf11c0c2444975ab778c6a8dcc863b84bcd5c204b,14.752702143297853,2.8519961833953857,0.9398566686917977
p257_079.wav,GTCRN,45140,9fb73438781a0e760a3f6bf2bee617a03cb2cf4ca133add3132ad9f84cee0a79,339f754e51e5dde48f71c0cbf11c0c2444975ab778c6a8dcc863b84bcd5c204b,19.83547394166984,3.2432174682617188,0.9766301360622802
p257_080.wav,Noisy,55748,c5362c0ddd0fd64199cb0e85159ec2a50cd39263a7a0a03731394ac860690768,d3aba8fbfec3662797f7b6ff5a03a7275e76861dcea57794ca3c5ad18fc18e12,11.539563460930712,1.3470627069473267,0.9707600603685667
p257_080.wav,RNNoise v0.2,55748,c5362c0ddd0fd64199cb0e85159ec2a50cd39263a7a0a03731394ac860690768,d3aba8fbfec3662797f7b6ff5a03a7275e76861dcea57794ca3c5ad18fc18e12,15.735993298949458,2.395132303237915,0.9610793173134492
p257_080.wav,GTCRN,55748,c5362c0ddd0fd64199cb0e85159ec2a50cd39263a7a0a03731394ac860690768,d3aba8fbfec3662797f7b6ff5a03a7275e76861dcea57794ca3c5ad18fc18e12,19.73047459267676,3.041826009750366,0.9829571187355642
p257_081.wav,Noisy,31200,4f6d506210cab048abfabcf21edae971fda084d102ab48f1b9ebbe22df05e8bb,157e2168b75686cc528a1a4a874f6d35ab7b7be26c79f7d5ca1d753d6f8d1493,5.042187338027815,1.166471004486084,0.7586840196542318
p257_081.wav,RNNoise v0.2,31200,4f6d506210cab048abfabcf21edae971fda084d102ab48f1b9ebbe22df05e8bb,157e2168b75686cc528a1a4a874f6d35ab7b7be26c79f7d5ca1d753d6f8d1493,13.325209792821573,1.4369548559188843,0.7898296280722804
p257_081.wav,GTCRN,31200,4f6d506210cab048abfabcf21edae971fda084d102ab48f1b9ebbe22df05e8bb,157e2168b75686cc528a1a4a874f6d35ab7b7be26c79f7d5ca1d753d6f8d1493,16.443747694285452,1.9197450876235962,0.8061802432255457
p257_082.wav,Noisy,47444,dc064eb26e674201cb1408b9a4b4be2cf10ac599c27d612c92ff11eea4634a83,07a668dde98b8215b11d0b13a5f33bef0c314a0d111637e58f24295bf3979c5f,0.9661948556749623,1.1442642211914062,0.8711997121203299
p257_082.wav,RNNoise v0.2,47444,dc064eb26e674201cb1408b9a4b4be2cf10ac599c27d612c92ff11eea4634a83,07a668dde98b8215b11d0b13a5f33bef0c314a0d111637e58f24295bf3979c5f,12.684264377201105,1.634153962135315,0.9026415511252082
p257_082.wav,GTCRN,47444,dc064eb26e674201cb1408b9a4b4be2cf10ac599c27d612c92ff11eea4634a83,07a668dde98b8215b11d0b13a5f33bef0c314a0d111637e58f24295bf3979c5f,16.043392793261123,2.517047643661499,0.9204470572959851
p257_083.wav,Noisy,35611,00e5e769c472987e94d396129a983b01fcd88fcade089e92de642463618e9841,97ca871085d125ae7f6f509f2b6e37e5084f59ebfe4cbb259dceefa29d138c72,16.059502306422576,4.020580768585205,0.9981492724134507
p257_083.wav,RNNoise v0.2,35611,00e5e769c472987e94d396129a983b01fcd88fcade089e92de642463618e9841,97ca871085d125ae7f6f509f2b6e37e5084f59ebfe4cbb259dceefa29d138c72,14.079077888861429,3.299367904663086,0.9928575125247805
p257_083.wav,GTCRN,35611,00e5e769c472987e94d396129a983b01fcd88fcade089e92de642463618e9841,97ca871085d125ae7f6f509f2b6e37e5084f59ebfe4cbb259dceefa29d138c72,19.61409934395226,4.292006969451904,0.9963952731704163
p257_084.wav,Noisy,46131,551ac85cc371b576a3cba7e7a0dcaba8431c98861f8d71a586f709f4fa59e806,f03743f03fa963bdb66b7463c75d64da2eb1d5252ed31c1af3dcb7d488f3430e,11.360615401002274,2.539447069168091,0.9838288455469432
p257_084.wav,RNNoise v0.2,46131,551ac85cc371b576a3cba7e7a0dcaba8431c98861f8d71a586f709f4fa59e806,f03743f03fa963bdb66b7463c75d64da2eb1d5252ed31c1af3dcb7d488f3430e,15.15570305673921,3.3016152381896973,0.9887010654839586
p257_084.wav,GTCRN,46131,551ac85cc371b576a3cba7e7a0dcaba8431c98861f8d71a586f709f4fa59e806,f03743f03fa963bdb66b7463c75d64da2eb1d5252ed31c1af3dcb7d488f3430e,20.376548554188552,3.578219175338745,0.9900945558961317
p257_085.wav,Noisy,40418,cda636cc53fab88c51f0c21af1b859a7fe1d37057c88fa5bb7ccbd3862c400c1,2e7e2cd586208855511599f81f2cb4cacdbf0c86ed8730a6414aaa167c5caec4,6.709694025059406,1.3929533958435059,0.9560724362966082
p257_085.wav,RNNoise v0.2,40418,cda636cc53fab88c51f0c21af1b859a7fe1d37057c88fa5bb7ccbd3862c400c1,2e7e2cd586208855511599f81f2cb4cacdbf0c86ed8730a6414aaa167c5caec4,13.48211734989501,2.337961435317993,0.9376452710294133
p257_085.wav,GTCRN,40418,cda636cc53fab88c51f0c21af1b859a7fe1d37057c88fa5bb7ccbd3862c400c1,2e7e2cd586208855511599f81f2cb4cacdbf0c86ed8730a6414aaa167c5caec4,19.377296242019785,3.0626094341278076,0.9522320521263683
p257_086.wav,Noisy,25195,10e5480e6242ca2f6053fbffde28b035028096845138df0c4f14a80bdf6d231e,759ea31f2ef350c2bbd2dc6fe8d25cebfe21bff5a6776f24ae191a1a7a8d2f73,1.357400753186771,1.356423258781433,0.9300136152173355
p257_086.wav,RNNoise v0.2,25195,10e5480e6242ca2f6053fbffde28b035028096845138df0c4f14a80bdf6d231e,759ea31f2ef350c2bbd2dc6fe8d25cebfe21bff5a6776f24ae191a1a7a8d2f73,12.638905010107992,2.7878522872924805,0.9088358700766471
p257_086.wav,GTCRN,25195,10e5480e6242ca2f6053fbffde28b035028096845138df0c4f14a80bdf6d231e,759ea31f2ef350c2bbd2dc6fe8d25cebfe21bff5a6776f24ae191a1a7a8d2f73,16.17992761154109,3.2472481727600098,0.9180104371317614
p257_087.wav,Noisy,41046,294bbe3d6916ff6e2a6f88c03e9905d2aa790fd2e8f953415a448b38525f3952,f81ab686621613c339d20e2e2271fc08bde59ebea909c27920b464b88914cb85,16.074994971987095,1.697375774383545,0.8758747147814812
p257_087.wav,RNNoise v0.2,41046,294bbe3d6916ff6e2a6f88c03e9905d2aa790fd2e8f953415a448b38525f3952,f81ab686621613c339d20e2e2271fc08bde59ebea909c27920b464b88914cb85,15.493286053728902,1.8044147491455078,0.884863064965659
p257_087.wav,GTCRN,41046,294bbe3d6916ff6e2a6f88c03e9905d2aa790fd2e8f953415a448b38525f3952,f81ab686621613c339d20e2e2271fc08bde59ebea909c27920b464b88914cb85,19.279661560363742,1.9464054107666016,0.8627908483009812
p257_088.wav,Noisy,52816,adeaee47e20a045de08aa216d9f9c60212cf671f95626f91ccffdb8962b12f21,2cd7df7f060e52f6075cb8198a6a3a73c7a7bbe5d5dc78265101520eb141c7a0,11.646464300630683,1.314997911453247,0.9470456502973343
p257_088.wav,RNNoise v0.2,52816,adeaee47e20a045de08aa216d9f9c60212cf671f95626f91ccffdb8962b12f21,2cd7df7f060e52f6075cb8198a6a3a73c7a7bbe5d5dc78265101520eb141c7a0,14.06924096454487,2.337831497192383,0.9525612288937472
p257_088.wav,GTCRN,52816,adeaee47e20a045de08aa216d9f9c60212cf671f95626f91ccffdb8962b12f21,2cd7df7f060e52f6075cb8198a6a3a73c7a7bbe5d5dc78265101520eb141c7a0,17.640511010501505,2.4908483028411865,0.9564474307581038
p257_089.wav,Noisy,46238,8934e49c033c3ed48c866e06d420203f43d39e444a6d54f0d76ca23a84851d52,91c52a6e524346178cc4999a431dbcfbc4483195401e9809775af7517a988367,6.463039369046858,1.2352486848831177,0.9112324591570458
p257_089.wav,RNNoise v0.2,46238,8934e49c033c3ed48c866e06d420203f43d39e444a6d54f0d76ca23a84851d52,91c52a6e524346178cc4999a431dbcfbc4483195401e9809775af7517a988367,12.812490976209393,1.5882667303085327,0.8860314646478769
p257_089.wav,GTCRN,46238,8934e49c033c3ed48c866e06d420203f43d39e444a6d54f0d76ca23a84851d52,91c52a6e524346178cc4999a431dbcfbc4483195401e9809775af7517a988367,16.064175518014693,2.355874538421631,0.9355784220723753
p257_090.wav,Noisy,30176,211880e8b4ba495bcb6cfdc05babff32eb28c53a1c85044405f3e29e1ca0b78d,bc44aea780f26199d6eda0657007d5aea019f96c8bcf8acae49cbe9cbf422518,0.1868795982359055,1.0543134212493896,0.6637008675381714
p257_090.wav,RNNoise v0.2,30176,211880e8b4ba495bcb6cfdc05babff32eb28c53a1c85044405f3e29e1ca0b78d,bc44aea780f26199d6eda0657007d5aea019f96c8bcf8acae49cbe9cbf422518,7.346441280801253,1.1599364280700684,0.565399052896962
p257_090.wav,GTCRN,30176,211880e8b4ba495bcb6cfdc05babff32eb28c53a1c85044405f3e29e1ca0b78d,bc44aea780f26199d6eda0657007d5aea019f96c8bcf8acae49cbe9cbf422518,7.96139108731548,1.238700270652771,0.6939010525046524
p257_091.wav,Noisy,30619,26d168e4b39f0c5e9223016fb40d34f13801a7cc3d9808b0c54ded2bdf8e09ce,838cc1e31222149c3a12b1e7a9babf790821a8454f89a4f8fa9aa4ed14ae7048,15.819676190254842,1.7725977897644043,0.9448470937428693
p257_091.wav,RNNoise v0.2,30619,26d168e4b39f0c5e9223016fb40d34f13801a7cc3d9808b0c54ded2bdf8e09ce,838cc1e31222149c3a12b1e7a9babf790821a8454f89a4f8fa9aa4ed14ae7048,14.142249638295272,2.503190755844116,0.9435839321339541
p257_091.wav,GTCRN,30619,26d168e4b39f0c5e9223016fb40d34f13801a7cc3d9808b0c54ded2bdf8e09ce,838cc1e31222149c3a12b1e7a9babf790821a8454f89a4f8fa9aa4ed14ae7048,19.349104515516974,2.7694249153137207,0.9533124636086956
p257_092.wav,Noisy,44800,1096b4ee19bff5dba42c6858a18b88d6d598109cb29a593f9efba19120b13521,4728091c396d4051c7715ff775fb5151144477847712bceae42b024669ecfbc5,9.638855652598577,1.5047874450683594,0.7935482985069314
p257_092.wav,RNNoise v0.2,44800,1096b4ee19bff5dba42c6858a18b88d6d598109cb29a593f9efba19120b13521,4728091c396d4051c7715ff775fb5151144477847712bceae42b024669ecfbc5,13.130300161833821,2.1724982261657715,0.8147845918550806
p257_092.wav,GTCRN,44800,1096b4ee19bff5dba42c6858a18b88d6d598109cb29a593f9efba19120b13521,4728091c396d4051c7715ff775fb5151144477847712bceae42b024669ecfbc5,15.735555795864752,2.056429862976074,0.8182148795631167
p257_093.wav,Noisy,26418,790fe2e318cba882e4fc0f240651c478c6cc83d01e6cacf0e152e66473105c30,00328aacd51019d7a075898786566f21a1ec6b881014361e32d0321b77a0a2d1,4.583784871683603,1.172208547592163,0.856608489769453
p257_093.wav,RNNoise v0.2,26418,790fe2e318cba882e4fc0f240651c478c6cc83d01e6cacf0e152e66473105c30,00328aacd51019d7a075898786566f21a1ec6b881014361e32d0321b77a0a2d1,12.723732545651629,1.3605530261993408,0.8728362993604826
p257_093.wav,GTCRN,26418,790fe2e318cba882e4fc0f240651c478c6cc83d01e6cacf0e152e66473105c30,00328aacd51019d7a075898786566f21a1ec6b881014361e32d0321b77a0a2d1,15.173653707910624,1.8859306573867798,0.9069394787638336
p257_094.wav,Noisy,36160,10c6ac0facc8439ef1e1aa19d700c0d2b8790aa6ddde03bf370ecced1431b77b,a6665bffb0b11dad59439701b470757d68aa959687ef6dbf968facf8445f4978,-0.6693042088155392,1.054002285003662,0.6835290499398224
p257_094.wav,RNNoise v0.2,36160,10c6ac0facc8439ef1e1aa19d700c0d2b8790aa6ddde03bf370ecced1431b77b,a6665bffb0b11dad59439701b470757d68aa959687ef6dbf968facf8445f4978,11.129551045258271,1.44486665725708,0.7382598775203387
p257_094.wav,GTCRN,36160,10c6ac0facc8439ef1e1aa19d700c0d2b8790aa6ddde03bf370ecced1431b77b,a6665bffb0b11dad59439701b470757d68aa959687ef6dbf968facf8445f4978,13.644541539003725,1.7557857036590576,0.7455983270404801
p257_095.wav,Noisy,55103,5c90c0af00b04a2e63a645991271e1942437d446232c57a9c18fd985d6fc1e1a,5a5c21647bf0b57220be1ba80b547b9bc6883230e7bd24e3bed83dab59323687,16.552805822266105,3.637660264968872,0.9971947841368988
p257_095.wav,RNNoise v0.2,55103,5c90c0af00b04a2e63a645991271e1942437d446232c57a9c18fd985d6fc1e1a,5a5c21647bf0b57220be1ba80b547b9bc6883230e7bd24e3bed83dab59323687,14.252523023482516,3.620035409927368,0.9862148201064918
p257_095.wav,GTCRN,55103,5c90c0af00b04a2e63a645991271e1942437d446232c57a9c18fd985d6fc1e1a,5a5c21647bf0b57220be1ba80b547b9bc6883230e7bd24e3bed83dab59323687,21.583373808482825,4.159734725952148,0.9947396290337092
p257_096.wav,Noisy,41120,983595a43fc47c504216fe9f70d04ac460a6046e49fa2cd4927d6ca86e7e9ad9,d1ff6db3eeb2720fa352770694662971e64e6c0559cd3f0014e858adf4d250ef,10.223170714490827,2.6662142276763916,0.9273197338938469
p257_096.wav,RNNoise v0.2,41120,983595a43fc47c504216fe9f70d04ac460a6046e49fa2cd4927d6ca86e7e9ad9,d1ff6db3eeb2720fa352770694662971e64e6c0559cd3f0014e858adf4d250ef,14.00487694277853,3.1682238578796387,0.9542564586796101
p257_096.wav,GTCRN,41120,983595a43fc47c504216fe9f70d04ac460a6046e49fa2cd4927d6ca86e7e9ad9,d1ff6db3eeb2720fa352770694662971e64e6c0559cd3f0014e858adf4d250ef,17.7807723110019,3.8220722675323486,0.9478892368221711
p257_097.wav,Noisy,43388,7d627ae4eaa32dc3fe70bbe5c7f04c07b96b45e5d49f009e3f0f66c924917005,139e1829bac4bd0fec5211621ff6b55260e1ca878f0514c7d9f5c8dec41e7f58,6.005469317330602,2.2559406757354736,0.970970623324791
p257_097.wav,RNNoise v0.2,43388,7d627ae4eaa32dc3fe70bbe5c7f04c07b96b45e5d49f009e3f0f66c924917005,139e1829bac4bd0fec5211621ff6b55260e1ca878f0514c7d9f5c8dec41e7f58,15.354726617611824,3.1958611011505127,0.9784790377265528
p257_097.wav,GTCRN,43388,7d627ae4eaa32dc3fe70bbe5c7f04c07b96b45e5d49f009e3f0f66c924917005,139e1829bac4bd0fec5211621ff6b55260e1ca878f0514c7d9f5c8dec41e7f58,19.280990101838924,3.3959743976593018,0.9831951898087438
p257_098.wav,Noisy,32960,407ccdb451d0361aba4bb15adaa9934a90787fa3cae3cd52d0fa257b7e21e757,b37411a6564372ec0ff2096e82e450b3410c29ef673424ea3ae2223f47743556,-0.719485446594711,1.133117437362671,0.769177835747027
p257_098.wav,RNNoise v0.2,32960,407ccdb451d0361aba4bb15adaa9934a90787fa3cae3cd52d0fa257b7e21e757,b37411a6564372ec0ff2096e82e450b3410c29ef673424ea3ae2223f47743556,14.570974724690565,2.017822265625,0.8231580592959317
p257_098.wav,GTCRN,32960,407ccdb451d0361aba4bb15adaa9934a90787fa3cae3cd52d0fa257b7e21e757,b37411a6564372ec0ff2096e82e450b3410c29ef673424ea3ae2223f47743556,18.79271504024818,2.448190927505493,0.8170428224158652
p257_099.wav,Noisy,43491,8c1bfaa22e0ee4179a29af9f33b777420f3f7ef1bd156d96b42b7d137f61e136,692c44222c66ef0ddf5bce87e63719b2fd5026a6431121b60bb3d8ec66331e22,15.80607824708683,2.6183524131774902,0.9803830620569075
p257_099.wav,RNNoise v0.2,43491,8c1bfaa22e0ee4179a29af9f33b777420f3f7ef1bd156d96b42b7d137f61e136,692c44222c66ef0ddf5bce87e63719b2fd5026a6431121b60bb3d8ec66331e22,16.131096157082663,2.913682222366333,0.9798679968014448
p257_099.wav,GTCRN,43491,8c1bfaa22e0ee4179a29af9f33b777420f3f7ef1bd156d96b42b7d137f61e136,692c44222c66ef0ddf5bce87e63719b2fd5026a6431121b60bb3d8ec66331e22,21.305723015176866,3.658398389816284,0.9825584546208213
p257_100.wav,Noisy,23434,066750942f59c3a5b39608ee760e56c62ad693ad90de6d673d2f3e8dc70193a8,ff94693ba9be7b744cd4f6f5906eb80f0fbe55b47c2c6e13231f783dd2c5ff56,10.105034643591576,1.2697505950927734,0.8749932391662228
p257_100.wav,RNNoise v0.2,23434,066750942f59c3a5b39608ee760e56c62ad693ad90de6d673d2f3e8dc70193a8,ff94693ba9be7b744cd4f6f5906eb80f0fbe55b47c2c6e13231f783dd2c5ff56,14.452054409601185,1.517182469367981,0.8937972393221455
p257_100.wav,GTCRN,23434,066750942f59c3a5b39608ee760e56c62ad693ad90de6d673d2f3e8dc70193a8,ff94693ba9be7b744cd4f6f5906eb80f0fbe55b47c2c6e13231f783dd2c5ff56,19.252651025677643,2.613450288772583,0.8805395068803088
p257_101.wav,Noisy,68876,f6c87926433639c0642e4ab252240f7aea578e43f65d85a38522649cfd00e1f1,0fa86831ee5532ba6b6f6070eb5b58e5383460d645d0551cd4bc14a795717717,6.441551763912682,1.2935070991516113,0.9245252026307419
p257_101.wav,RNNoise v0.2,68876,f6c87926433639c0642e4ab252240f7aea578e43f65d85a38522649cfd00e1f1,0fa86831ee5532ba6b6f6070eb5b58e5383460d645d0551cd4bc14a795717717,14.88362076216395,2.4104323387145996,0.9541834437070219
p257_101.wav,GTCRN,68876,f6c87926433639c0642e4ab252240f7aea578e43f65d85a38522649cfd00e1f1,0fa86831ee5532ba6b6f6070eb5b58e5383460d645d0551cd4bc14a795717717,15.821904674218485,1.7626559734344482,0.951468034559328
p257_102.wav,Noisy,41479,ead3942009cd7617ca7280714df75a87071c364574d8120628a6bc7d8dac98e5,fba29bc7bafd06fbfe55ddebbe246aa04ade94811e5e4c620663e0fd564783fe,1.2220713250303448,1.0988519191741943,0.8548363280118175
p257_102.wav,RNNoise v0.2,41479,ead3942009cd7617ca7280714df75a87071c364574d8120628a6bc7d8dac98e5,fba29bc7bafd06fbfe55ddebbe246aa04ade94811e5e4c620663e0fd564783fe,11.890507846877899,1.418043613433838,0.8770904781471878
p257_102.wav,GTCRN,41479,ead3942009cd7617ca7280714df75a87071c364574d8120628a6bc7d8dac98e5,fba29bc7bafd06fbfe55ddebbe246aa04ade94811e5e4c620663e0fd564783fe,15.433647622560024,1.9107457399368286,0.9166454089098126
p257_103.wav,Noisy,31983,9b7ad27160ef1bd33c88e69dfd8dd64705ed252054641e423ae581abd20b3794,88551cc5f16e17eff80b22cca9c1cf3ce7290ef7105ff1dcbe20618892ca7051,15.879642151599178,2.8095622062683105,0.9820266208003523
p257_103.wav,RNNoise v0.2,31983,9b7ad27160ef1bd33c88e69dfd8dd64705ed252054641e423ae581abd20b3794,88551cc5f16e17eff80b22cca9c1cf3ce7290ef7105ff1dcbe20618892ca7051,17.243527747252344,3.5499300956726074,0.981042518768625
p257_103.wav,GTCRN,31983,9b7ad27160ef1bd33c88e69dfd8dd64705ed252054641e423ae581abd20b3794,88551cc5f16e17eff80b22cca9c1cf3ce7290ef7105ff1dcbe20618892ca7051,23.418169123775435,3.514699697494507,0.9826380698870065
p257_104.wav,Noisy,33828,7f3e2f7e6cc8d515f850a766606804c826b02bec34aae473dd934a0f199f0c63,33f0159b4a8db74d95bdd41b915e7498a53be96a92201d2d385c992b78f618a0,10.948811820897257,2.9920620918273926,0.9399646639629511
p257_104.wav,RNNoise v0.2,33828,7f3e2f7e6cc8d515f850a766606804c826b02bec34aae473dd934a0f199f0c63,33f0159b4a8db74d95bdd41b915e7498a53be96a92201d2d385c992b78f618a0,15.344566956478232,3.5028254985809326,0.9535955688446427
p257_104.wav,GTCRN,33828,7f3e2f7e6cc8d515f850a766606804c826b02bec34aae473dd934a0f199f0c63,33f0159b4a8db74d95bdd41b915e7498a53be96a92201d2d385c992b78f618a0,19.92300096084602,4.0195465087890625,0.9511614258133549
p257_105.wav,Noisy,31468,abaaa9544ee3894381d030a734b128d4cdb68b8323e52285d614ec9c544afeda,f4abb9da4b13422fc128aa1c88be6bf55f4d9949eae52a1fc1069f9ef4e11727,5.843574333974465,1.5271177291870117,0.8974642736069085
p257_105.wav,RNNoise v0.2,31468,abaaa9544ee3894381d030a734b128d4cdb68b8323e52285d614ec9c544afeda,f4abb9da4b13422fc128aa1c88be6bf55f4d9949eae52a1fc1069f9ef4e11727,14.604557077205682,2.7199790477752686,0.8975276658937277
p257_105.wav,GTCRN,31468,abaaa9544ee3894381d030a734b128d4cdb68b8323e52285d614ec9c544afeda,f4abb9da4b13422fc128aa1c88be6bf55f4d9949eae52a1fc1069f9ef4e11727,20.106947245521205,3.0463054180145264,0.9004666220349077
p257_106.wav,Noisy,41113,cca1a953bfa7a45ab7e30e88a7a820f1c38bb4c513bd292dcbe562c905481890,70c19e22ce07bcd880d5fc182702533a1ca21784c1a833912dcda47dc7ee86cb,1.5233040489174843,1.4782058000564575,0.9551653823136446
p257_106.wav,RNNoise v0.2,41113,cca1a953bfa7a45ab7e30e88a7a820f1c38bb4c513bd292dcbe562c905481890,70c19e22ce07bcd880d5fc182702533a1ca21784c1a833912dcda47dc7ee86cb,12.848310087092123,2.2543022632598877,0.9834053265841113
p257_106.wav,GTCRN,41113,cca1a953bfa7a45ab7e30e88a7a820f1c38bb4c513bd292dcbe562c905481890,70c19e22ce07bcd880d5fc182702533a1ca21784c1a833912dcda47dc7ee86cb,17.166953192777722,2.920402765274048,0.9770253433189937
p257_107.wav,Noisy,30634,180cfb4afbd485772f58ed3119d3ac8259a717c81d5595db024fbaf404218e0b,f1a97dcd5f431898333a686aa9a2284ce7ee045b65b139ad7862d02866bb5314,15.818205481563815,1.9632461071014404,0.9274547018130673
p257_107.wav,RNNoise v0.2,30634,180cfb4afbd485772f58ed3119d3ac8259a717c81d5595db024fbaf404218e0b,f1a97dcd5f431898333a686aa9a2284ce7ee045b65b139ad7862d02866bb5314,14.47042877895235,2.138258457183838,0.8791074113512143
p257_107.wav,GTCRN,30634,180cfb4afbd485772f58ed3119d3ac8259a717c81d5595db024fbaf404218e0b,f1a97dcd5f431898333a686aa9a2284ce7ee045b65b139ad7862d02866bb5314,19.035026763803454,2.899851083755493,0.9677546556016332
p257_108.wav,Noisy,35721,c313d627da303a0a7ed283936bd1a21c1dc97d2e781f9de9fb30b3aa63995748,3bea8cbceac24a7bf6acca937af48126c6e7a78a9697b2f56d3d454f87e630b4,10.697797293461926,1.0899717807769775,0.9326438346139135
p257_108.wav,RNNoise v0.2,35721,c313d627da303a0a7ed283936bd1a21c1dc97d2e781f9de9fb30b3aa63995748,3bea8cbceac24a7bf6acca937af48126c6e7a78a9697b2f56d3d454f87e630b4,14.188048104513785,1.3474607467651367,0.9053387398728975
p257_108.wav,GTCRN,35721,c313d627da303a0a7ed283936bd1a21c1dc97d2e781f9de9fb30b3aa63995748,3bea8cbceac24a7bf6acca937af48126c6e7a78a9697b2f56d3d454f87e630b4,18.099729219789992,2.3803179264068604,0.9412221339602376
p257_109.wav,Noisy,33835,ac2c1a4ef95550cfe4fa4fe58025153bae6765a67ef4db2e08f25ecc5a09fdde,20e10af7fb4eefd124f2cc9ad560ef24026de8165c704cbfa5053e07f05ec5e4,6.495205378932527,1.3676092624664307,0.9561302237669188
p257_109.wav,RNNoise v0.2,33835,ac2c1a4ef95550cfe4fa4fe58025153bae6765a67ef4db2e08f25ecc5a09fdde,20e10af7fb4eefd124f2cc9ad560ef24026de8165c704cbfa5053e07f05ec5e4,11.865392887241086,1.7015739679336548,0.902097106681935
p257_109.wav,GTCRN,33835,ac2c1a4ef95550cfe4fa4fe58025153bae6765a67ef4db2e08f25ecc5a09fdde,20e10af7fb4eefd124f2cc9ad560ef24026de8165c704cbfa5053e07f05ec5e4,14.844563453639122,2.062143564224243,0.9499413092809634
p257_110.wav,Noisy,25527,603e3881586b7286e3bdd0914d5b4a3ae7abd55b19b0e3a57d661cccd1fc96fa,38411524398d4cadf7251f6dc0bf99df52d0f70352a062520cb1e4a383bc6ba3,2.2587251195438007,1.0620620250701904,0.7610448828060683
p257_110.wav,RNNoise v0.2,25527,603e3881586b7286e3bdd0914d5b4a3ae7abd55b19b0e3a57d661cccd1fc96fa,38411524398d4cadf7251f6dc0bf99df52d0f70352a062520cb1e4a383bc6ba3,9.721998406218415,1.5613842010498047,0.7305926619023824
p257_110.wav,GTCRN,25527,603e3881586b7286e3bdd0914d5b4a3ae7abd55b19b0e3a57d661cccd1fc96fa,38411524398d4cadf7251f6dc0bf99df52d0f70352a062520cb1e4a383bc6ba3,11.643829537510973,1.7742629051208496,0.8460060461691145
p257_111.wav,Noisy,38915,2998a39a99072c212edc09787fd99086152e84f87f11b3ce792bfd2f17c02991,2eff122ce1f49c5b9bff6da875c422f9862196a9cd0ef86bf88553645fc74a5b,16.69099494662609,1.7716763019561768,0.9313268550382897
p257_111.wav,RNNoise v0.2,38915,2998a39a99072c212edc09787fd99086152e84f87f11b3ce792bfd2f17c02991,2eff122ce1f49c5b9bff6da875c422f9862196a9cd0ef86bf88553645fc74a5b,13.557759834870492,2.6263937950134277,0.9401473486408899
p257_111.wav,GTCRN,38915,2998a39a99072c212edc09787fd99086152e84f87f11b3ce792bfd2f17c02991,2eff122ce1f49c5b9bff6da875c422f9862196a9cd0ef86bf88553645fc74a5b,17.841240558737393,2.7230513095855713,0.953375834668871
p257_112.wav,Noisy,34141,1a3fd0cc8cab45270f1b6aa93d4d542471b9fdf05db6c7f8ae00999f5476ef3f,6130c3ea475dfe578485d782a3c0f3eb830c4653de66e74ebc35eba3bc5304e8,11.013195330314108,1.4963542222976685,0.9304914965458821
p257_112.wav,RNNoise v0.2,34141,1a3fd0cc8cab45270f1b6aa93d4d542471b9fdf05db6c7f8ae00999f5476ef3f,6130c3ea475dfe578485d782a3c0f3eb830c4653de66e74ebc35eba3bc5304e8,13.544271295712404,2.689751625061035,0.9635668017040238
p257_112.wav,GTCRN,34141,1a3fd0cc8cab45270f1b6aa93d4d542471b9fdf05db6c7f8ae00999f5476ef3f,6130c3ea475dfe578485d782a3c0f3eb830c4653de66e74ebc35eba3bc5304e8,17.18138739048291,2.938760757446289,0.9658137478574415
p257_113.wav,Noisy,27188,8f80eaa734629ee3bad4df57c7b1e2d74cee6cd2ab48c2a8ace4f71c45fa9159,773300e3e095f25243a65745827df88bf10cc57605d47026273978f3ecc97d47,5.8261400051016725,1.2249480485916138,0.8543012636039017
p257_113.wav,RNNoise v0.2,27188,8f80eaa734629ee3bad4df57c7b1e2d74cee6cd2ab48c2a8ace4f71c45fa9159,773300e3e095f25243a65745827df88bf10cc57605d47026273978f3ecc97d47,11.576836913888489,1.718796968460083,0.8451470573490039
p257_113.wav,GTCRN,27188,8f80eaa734629ee3bad4df57c7b1e2d74cee6cd2ab48c2a8ace4f71c45fa9159,773300e3e095f25243a65745827df88bf10cc57605d47026273978f3ecc97d47,14.465530067943192,2.8770439624786377,0.9287233951071703
p257_114.wav,Noisy,25989,ad9388895ebfd11a603e9b2772d39848b9cebd75926a711fc3b3dc67ea812edc,e4a49274608361a85948d65809e10b31542f705b1965a05b1b691f40e7dc7d86,0.8332714384701233,1.0555963516235352,0.7606299081817219
p257_114.wav,RNNoise v0.2,25989,ad9388895ebfd11a603e9b2772d39848b9cebd75926a711fc3b3dc67ea812edc,e4a49274608361a85948d65809e10b31542f705b1965a05b1b691f40e7dc7d86,8.965373320665893,1.414412260055542,0.7482319475248963
p257_114.wav,GTCRN,25989,ad9388895ebfd11a603e9b2772d39848b9cebd75926a711fc3b3dc67ea812edc,e4a49274608361a85948d65809e10b31542f705b1965a05b1b691f40e7dc7d86,10.724966270954985,1.1565320491790771,0.8055170543628825
p257_115.wav,Noisy,35532,7890ced31a7583e5be3c3c8474223faf6fc4a61ac570e8d138a3cd15742ce079,f7f7ccb5746ec627cdcca46da8ee18432ee112a2f36a97fbd59c0a6179bc8ea2,16.14011840601839,3.088226079940796,0.9919932532395104
p257_115.wav,RNNoise v0.2,35532,7890ced31a7583e5be3c3c8474223faf6fc4a61ac570e8d138a3cd15742ce079,f7f7ccb5746ec627cdcca46da8ee18432ee112a2f36a97fbd59c0a6179bc8ea2,16.0591276290712,3.2885258197784424,0.9928218585642896
p257_115.wav,GTCRN,35532,7890ced31a7583e5be3c3c8474223faf6fc4a61ac570e8d138a3cd15742ce079,f7f7ccb5746ec627cdcca46da8ee18432ee112a2f36a97fbd59c0a6179bc8ea2,22.109453444040522,3.660172700881958,0.9956961396777719
p257_116.wav,Noisy,52979,bfc4abd2edbcf767615ecdf7c5efd3df0b032d07b04cb2a56e70fb6775cc2109,b108695592e24134a4968ef99cbc45cf7690d2332ca48d9cffea4a86bddb6783,11.751674235567272,1.7399659156799316,0.9969801411807888
p257_116.wav,RNNoise v0.2,52979,bfc4abd2edbcf767615ecdf7c5efd3df0b032d07b04cb2a56e70fb6775cc2109,b108695592e24134a4968ef99cbc45cf7690d2332ca48d9cffea4a86bddb6783,16.741391788875607,3.394188642501831,0.9899798432694694
p257_116.wav,GTCRN,52979,bfc4abd2edbcf767615ecdf7c5efd3df0b032d07b04cb2a56e70fb6775cc2109,b108695592e24134a4968ef99cbc45cf7690d2332ca48d9cffea4a86bddb6783,17.228678631871603,1.9128859043121338,0.996515323252318
p257_117.wav,Noisy,35766,5b9d6cae54c9fd18bd71675bf8042bbfbb1839a61e6f6f61d3946d4caa29e28f,9ac215d3a461290e4e73f87ee71f994f3f2c12acf63517c8864f62ab33b4f74a,6.46796144161172,1.9380074739456177,0.9724672461309981
p257_117.wav,RNNoise v0.2,35766,5b9d6cae54c9fd18bd71675bf8042bbfbb1839a61e6f6f61d3946d4caa29e28f,9ac215d3a461290e4e73f87ee71f994f3f2c12acf63517c8864f62ab33b4f74a,14.654852673587332,2.718836545944214,0.9664042347060312
p257_117.wav,GTCRN,35766,5b9d6cae54c9fd18bd71675bf8042bbfbb1839a61e6f6f61d3946d4caa29e28f,9ac215d3a461290e4e73f87ee71f994f3f2c12acf63517c8864f62ab33b4f74a,18.684291152712685,2.3184006214141846,0.9766517792333055
p257_118.wav,Noisy,56459,28b7f64d26322e81c143e54f9923cfce7c72212a66624ae808024b961a301474,af8962d01e3dd0badf228bf79e2f37c1f5febe6f2d6242edf92668921de0b199,1.680981759417108,1.615231990814209,0.9883023325861603
p257_118.wav,RNNoise v0.2,56459,28b7f64d26322e81c143e54f9923cfce7c72212a66624ae808024b961a301474,af8962d01e3dd0badf228bf79e2f37c1f5febe6f2d6242edf92668921de0b199,15.18637896704442,2.6497018337249756,0.9726495550639433
p257_118.wav,GTCRN,56459,28b7f64d26322e81c143e54f9923cfce7c72212a66624ae808024b961a301474,af8962d01e3dd0badf228bf79e2f37c1f5febe6f2d6242edf92668921de0b199,21.02229250495116,3.1418297290802,0.9891192104748053
p257_119.wav,Noisy,31458,4db56dc0bb5ce867a1ca612949ebc3e9dfffd62d4151767d676751f28e61ce8f,394c6aa33198541b211bbe58ccf72debf51df7cf9b2f7ffa0ab4c0eb10400add,16.244204610977828,2.694302558898926,0.928639432815935
p257_119.wav,RNNoise v0.2,31458,4db56dc0bb5ce867a1ca612949ebc3e9dfffd62d4151767d676751f28e61ce8f,394c6aa33198541b211bbe58ccf72debf51df7cf9b2f7ffa0ab4c0eb10400add,14.469459665349708,2.9665744304656982,0.9306047153333693
p257_119.wav,GTCRN,31458,4db56dc0bb5ce867a1ca612949ebc3e9dfffd62d4151767d676751f28e61ce8f,394c6aa33198541b211bbe58ccf72debf51df7cf9b2f7ffa0ab4c0eb10400add,18.668592873218174,3.3528175354003906,0.9307555944834934
p257_120.wav,Noisy,22600,f5b780af324b6e4e57a7a7f7160c298ba415c09a1765ea143ecf9ff2d017e324,8a318c392d197b59a9e5cc93fe17aea42674faea4ad868bbcbf5e984a5916202,10.02500529924262,1.1187084913253784,0.870144681889796
p257_120.wav,RNNoise v0.2,22600,f5b780af324b6e4e57a7a7f7160c298ba415c09a1765ea143ecf9ff2d017e324,8a318c392d197b59a9e5cc93fe17aea42674faea4ad868bbcbf5e984a5916202,13.199742449042473,1.342376947402954,0.8700577638893119
p257_120.wav,GTCRN,22600,f5b780af324b6e4e57a7a7f7160c298ba415c09a1765ea143ecf9ff2d017e324,8a318c392d197b59a9e5cc93fe17aea42674faea4ad868bbcbf5e984a5916202,16.832540312057706,2.0154826641082764,0.9253928231239464
p257_121.wav,Noisy,52812,7a3a860f9cc85c32ac51a11e0acb81672b28bc11c8424ae6cc4e64627575b41c,14dae2872b61de9a60114740e7d68d5f14c5ae4e46a3ee324996a62186a0526b,6.566360436120911,1.2908687591552734,0.9328037036290867
p257_121.wav,RNNoise v0.2,52812,7a3a860f9cc85c32ac51a11e0acb81672b28bc11c8424ae6cc4e64627575b41c,14dae2872b61de9a60114740e7d68d5f14c5ae4e46a3ee324996a62186a0526b,14.066165245206843,1.9140371084213257,0.9124623469417248
p257_121.wav,GTCRN,52812,7a3a860f9cc85c32ac51a11e0acb81672b28bc11c8424ae6cc4e64627575b41c,14dae2872b61de9a60114740e7d68d5f14c5ae4e46a3ee324996a62186a0526b,17.332288884116352,2.3077006340026855,0.9304587478340187
p257_122.wav,Noisy,23643,b14ad7496d213d58a8b993f3b25c09214e807f4e32706996266d6ceb49dbc8e5,b3b6946164fbe4ea892f09fb4a6d127bd1f4424910737574328d2df350182fa2,0.3597386055382957,1.083572506904602,0.8741157226265459
p257_122.wav,RNNoise v0.2,23643,b14ad7496d213d58a8b993f3b25c09214e807f4e32706996266d6ceb49dbc8e5,b3b6946164fbe4ea892f09fb4a6d127bd1f4424910737574328d2df350182fa2,11.297364280664095,1.3498668670654297,0.7320497383264173
p257_122.wav,GTCRN,23643,b14ad7496d213d58a8b993f3b25c09214e807f4e32706996266d6ceb49dbc8e5,b3b6946164fbe4ea892f09fb4a6d127bd1f4424910737574328d2df350182fa2,16.139315947111783,1.8384897708892822,0.8817162084241879
p257_123.wav,Noisy,35465,77137f6d0c23924692d5595790be2bdb264e22e7112048a6c3ece43f8c9cccb1,2b8c97294eb5c71370ac1720d3a420ebbd68afd1b14658a807aca5f42eca2205,15.709402218493508,3.74247407913208,0.9981510199685875
p257_123.wav,RNNoise v0.2,35465,77137f6d0c23924692d5595790be2bdb264e22e7112048a6c3ece43f8c9cccb1,2b8c97294eb5c71370ac1720d3a420ebbd68afd1b14658a807aca5f42eca2205,15.898485270019913,3.439478874206543,0.9894462310476907
p257_123.wav,GTCRN,35465,77137f6d0c23924692d5595790be2bdb264e22e7112048a6c3ece43f8c9cccb1,2b8c97294eb5c71370ac1720d3a420ebbd68afd1b14658a807aca5f42eca2205,22.12134885468221,4.129294395446777,0.9976752264228668
p257_124.wav,Noisy,28006,92855fcb3dbf3fea34db94ac3d7c2fd8f2fd51892e68208f022cf0745970427f,f7fcb557ca33345265098810d55e0aee09b9c3da5c5298a2949bbeaa12d815bd,10.274276748463915,2.312533140182495,0.9342670029356032
p257_124.wav,RNNoise v0.2,28006,92855fcb3dbf3fea34db94ac3d7c2fd8f2fd51892e68208f022cf0745970427f,f7fcb557ca33345265098810d55e0aee09b9c3da5c5298a2949bbeaa12d815bd,13.968081245856753,2.7156643867492676,0.9553087333701773
p257_124.wav,GTCRN,28006,92855fcb3dbf3fea34db94ac3d7c2fd8f2fd51892e68208f022cf0745970427f,f7fcb557ca33345265098810d55e0aee09b9c3da5c5298a2949bbeaa12d815bd,17.451712735625012,3.0297279357910156,0.9651745139197209
p257_125.wav,Noisy,30560,fa67737e65e0956d5bc7dee8ce7f15f853f2ba4412ba616b4756cb12adcd45d5,1ce0bc705a94f51865775befc8dc22bccae0f59de79e9a4c2c96185c05edebac,4.914112364591273,1.1784418821334839,0.8055338028466079
p257_125.wav,RNNoise v0.2,30560,fa67737e65e0956d5bc7dee8ce7f15f853f2ba4412ba616b4756cb12adcd45d5,1ce0bc705a94f51865775befc8dc22bccae0f59de79e9a4c2c96185c05edebac,12.850563781447587,2.068897008895874,0.8329482882468812
p257_125.wav,GTCRN,30560,fa67737e65e0956d5bc7dee8ce7f15f853f2ba4412ba616b4756cb12adcd45d5,1ce0bc705a94f51865775befc8dc22bccae0f59de79e9a4c2c96185c05edebac,16.732671798778817,1.815049171447754,0.8516397355914752
p257_126.wav,Noisy,37618,61f5f93ce7ad0ab9922ed47449a324a2fae1159a4a0972b421589341738b4a85,124a991cc2147d4e4d2067588c144d00c218579ec94beae19d4b2fa8d0f25522,0.25821651156788333,1.3406318426132202,0.886886327995845
p257_126.wav,RNNoise v0.2,37618,61f5f93ce7ad0ab9922ed47449a324a2fae1159a4a0972b421589341738b4a85,124a991cc2147d4e4d2067588c144d00c218579ec94beae19d4b2fa8d0f25522,14.147308109311101,2.5288758277893066,0.900379606713186
p257_126.wav,GTCRN,37618,61f5f93ce7ad0ab9922ed47449a324a2fae1159a4a0972b421589341738b4a85,124a991cc2147d4e4d2067588c144d00c218579ec94beae19d4b2fa8d0f25522,18.290833452312246,3.0308585166931152,0.8991422067923995
p257_127.wav,Noisy,48438,e607ee16f33b8ca5523eddb710836c87e3a4f61fa01a790efb1baac5e7e9264b,44ae406461f2c4fa2569263a9d0378b2b1184915e858af4bab80e52bc616f4b5,16.350702143089144,2.232125997543335,0.9496429617442221
p257_127.wav,RNNoise v0.2,48438,e607ee16f33b8ca5523eddb710836c87e3a4f61fa01a790efb1baac5e7e9264b,44ae406461f2c4fa2569263a9d0378b2b1184915e858af4bab80e52bc616f4b5,15.95210514448613,2.63684344291687,0.9506670913445622
p257_127.wav,GTCRN,48438,e607ee16f33b8ca5523eddb710836c87e3a4f61fa01a790efb1baac5e7e9264b,44ae406461f2c4fa2569263a9d0378b2b1184915e858af4bab80e52bc616f4b5,21.874548904870174,3.1263084411621094,0.9686569288837942
p257_128.wav,Noisy,42378,3764a135ff6225170172966d2a59e4f8ec9f3d9016d305559bc94cbb4493499d,35482240612e4744bdd852793bedc67f6a6bc9a4324527c717892dfd178146b2,11.316285011799586,1.6667447090148926,0.9504187810002075
p257_128.wav,RNNoise v0.2,42378,3764a135ff6225170172966d2a59e4f8ec9f3d9016d305559bc94cbb4493499d,35482240612e4744bdd852793bedc67f6a6bc9a4324527c717892dfd178146b2,14.834507198080997,1.9322237968444824,0.9007220428063358
p257_128.wav,GTCRN,42378,3764a135ff6225170172966d2a59e4f8ec9f3d9016d305559bc94cbb4493499d,35482240612e4744bdd852793bedc67f6a6bc9a4324527c717892dfd178146b2,17.967975291819602,2.8672852516174316,0.9525243807500453
p257_129.wav,Noisy,40667,e12c8245e65345194334ca630bdc2d9863764e9cbba54948c0a7cff50bbbb308,ad8aaab6fd769db7feef35441f43bb6ecfdccc4f7ef99c424df32a2afde54bb6,6.373498451827046,1.173561930656433,0.7420600490069464
p257_129.wav,RNNoise v0.2,40667,e12c8245e65345194334ca630bdc2d9863764e9cbba54948c0a7cff50bbbb308,ad8aaab6fd769db7feef35441f43bb6ecfdccc4f7ef99c424df32a2afde54bb6,12.646046574996534,1.5231267213821411,0.8130732927759855
p257_129.wav,GTCRN,40667,e12c8245e65345194334ca630bdc2d9863764e9cbba54948c0a7cff50bbbb308,ad8aaab6fd769db7feef35441f43bb6ecfdccc4f7ef99c424df32a2afde54bb6,14.471322968903092,1.8251831531524658,0.8217444983352912
p257_130.wav,Noisy,50736,ee56bd51e73c27608ef1c34c5f056802841bde2a8cd408f33e401e44229e382a,b865ac2ef07d53971ab88893d79fc476f5fd6aa8110625a344803a8e9272ab5f,1.175255983602302,1.0967719554901123,0.7565540693139711
p257_130.wav,RNNoise v0.2,50736,ee56bd51e73c27608ef1c34c5f056802841bde2a8cd408f33e401e44229e382a,b865ac2ef07d53971ab88893d79fc476f5fd6aa8110625a344803a8e9272ab5f,8.941056983032109,1.2840245962142944,0.810916075036885
p257_130.wav,GTCRN,50736,ee56bd51e73c27608ef1c34c5f056802841bde2a8cd408f33e401e44229e382a,b865ac2ef07d53971ab88893d79fc476f5fd6aa8110625a344803a8e9272ab5f,10.06413131088121,1.4829607009887695,0.842640286038298
p257_131.wav,Noisy,24011,e708b3f87ee45031b112f160aa08039f1cc6e8e09fbdf98622ba96bd015b9b16,de11ff48bd2ce444e6a0f70e8e1b004862f4a6cf0d7937a99b423b62888fc6c4,15.201347781461498,2.3767306804656982,0.9499136879627835
p257_131.wav,RNNoise v0.2,24011,e708b3f87ee45031b112f160aa08039f1cc6e8e09fbdf98622ba96bd015b9b16,de11ff48bd2ce444e6a0f70e8e1b004862f4a6cf0d7937a99b423b62888fc6c4,15.604677125146207,2.862657308578491,0.9639503749094559
p257_131.wav,GTCRN,24011,e708b3f87ee45031b112f160aa08039f1cc6e8e09fbdf98622ba96bd015b9b16,de11ff48bd2ce444e6a0f70e8e1b004862f4a6cf0d7937a99b423b62888fc6c4,19.26020517228922,3.41066837310791,0.9636897293924767
p257_132.wav,Noisy,50128,dcbf3c72ce492dfebd3cfc35eeec7539034e9ed10bc33d37501d3d27985f2dc2,e0e672bca4a5d119de47b7af6e571ea95cf7ee74e04135bdb09c2b3817c20615,11.682300077291405,1.2192811965942383,0.9491104588235502
p257_132.wav,RNNoise v0.2,50128,dcbf3c72ce492dfebd3cfc35eeec7539034e9ed10bc33d37501d3d27985f2dc2,e0e672bca4a5d119de47b7af6e571ea95cf7ee74e04135bdb09c2b3817c20615,16.77591360215603,2.536018133163452,0.9327060904519702
p257_132.wav,GTCRN,50128,dcbf3c72ce492dfebd3cfc35eeec7539034e9ed10bc33d37501d3d27985f2dc2,e0e672bca4a5d119de47b7af6e571ea95cf7ee74e04135bdb09c2b3817c20615,19.376878928945043,2.083050012588501,0.9647668773242521
p257_133.wav,Noisy,39616,1bc367e7a133272d8143b13a80f11220902de5eaeb0c86179e392ce3624d4e41,ba178fe563ccd113b709e98b6f16e8f7f879b85aecc279ab22bfb975750036b2,5.8070979938611265,1.2054758071899414,0.8946105371228579
p257_133.wav,RNNoise v0.2,39616,1bc367e7a133272d8143b13a80f11220902de5eaeb0c86179e392ce3624d4e41,ba178fe563ccd113b709e98b6f16e8f7f879b85aecc279ab22bfb975750036b2,13.155907725358684,2.0583038330078125,0.9261345531561805
p257_133.wav,GTCRN,39616,1bc367e7a133272d8143b13a80f11220902de5eaeb0c86179e392ce3624d4e41,ba178fe563ccd113b709e98b6f16e8f7f879b85aecc279ab22bfb975750036b2,16.774151055670064,2.603449821472168,0.9297473012488467
p257_135.wav,Noisy,55694,a11f2e5f9862586165198e71792dcbf501766bf4056cc54cc08c973a3f74f59c,d76bedfbc3575e8b11e9c843cd8cf8cb265b6e20df9e931d053d5603cbfe89df,1.5825972020423231,1.1489955186843872,0.8938063021088678
p257_135.wav,RNNoise v0.2,55694,a11f2e5f9862586165198e71792dcbf501766bf4056cc54cc08c973a3f74f59c,d76bedfbc3575e8b11e9c843cd8cf8cb265b6e20df9e931d053d5603cbfe89df,9.56560051198225,1.4628143310546875,0.9222759949826683
p257_135.wav,GTCRN,55694,a11f2e5f9862586165198e71792dcbf501766bf4056cc54cc08c973a3f74f59c,d76bedfbc3575e8b11e9c843cd8cf8cb265b6e20df9e931d053d5603cbfe89df,11.788676188608502,1.806788682937622,0.9315776502888999
p257_136.wav,Noisy,35389,2795a690d02556cb6499156073e298947a415eb75806393d0295a8ae5d101f88,f1768ee0c87b08d208a240493b536f8838b35b68198301a4972aee7750a91f57,16.0329627553805,3.5214898586273193,0.9956766623845325
p257_136.wav,RNNoise v0.2,35389,2795a690d02556cb6499156073e298947a415eb75806393d0295a8ae5d101f88,f1768ee0c87b08d208a240493b536f8838b35b68198301a4972aee7750a91f57,15.338517335233313,3.772512674331665,0.9911230337308727
p257_136.wav,GTCRN,35389,2795a690d02556cb6499156073e298947a415eb75806393d0295a8ae5d101f88,f1768ee0c87b08d208a240493b536f8838b35b68198301a4972aee7750a91f57,20.753440578242653,4.032625675201416,0.9952792567448712
p257_137.wav,Noisy,31503,1bdb5e2b462fb7aec1c322bfd7bb617f60fbf2d7cde32d49e6ce5b8b361a8485,716df9b09cd200e18a78bbc4aaf8f03dd98110446ad1ddf63bcc1e05526bfa66,10.881750336025725,2.2870750427246094,0.9375660679257872
p257_137.wav,RNNoise v0.2,31503,1bdb5e2b462fb7aec1c322bfd7bb617f60fbf2d7cde32d49e6ce5b8b361a8485,716df9b09cd200e18a78bbc4aaf8f03dd98110446ad1ddf63bcc1e05526bfa66,14.477198778896295,3.0750529766082764,0.9550430065329623
p257_137.wav,GTCRN,31503,1bdb5e2b462fb7aec1c322bfd7bb617f60fbf2d7cde32d49e6ce5b8b361a8485,716df9b09cd200e18a78bbc4aaf8f03dd98110446ad1ddf63bcc1e05526bfa66,18.978489723573148,2.4797611236572266,0.9401537844013612
p257_138.wav,Noisy,31418,c5560448b03ec7df042b2cd1063134f396cb59613425e95ced6e6d7098f763fd,02b87290e3e80e85f907cc6259f4cfc7514bfc60086bc8ce48fbcf6ef26ed76d,5.740556842212451,1.324936866760254,0.9400989532710843
p257_138.wav,RNNoise v0.2,31418,c5560448b03ec7df042b2cd1063134f396cb59613425e95ced6e6d7098f763fd,02b87290e3e80e85f907cc6259f4cfc7514bfc60086bc8ce48fbcf6ef26ed76d,15.34604191509736,3.0831706523895264,0.9469004761377242
p257_138.wav,GTCRN,31418,c5560448b03ec7df042b2cd1063134f396cb59613425e95ced6e6d7098f763fd,02b87290e3e80e85f907cc6259f4cfc7514bfc60086bc8ce48fbcf6ef26ed76d,20.3914184149891,3.2617030143737793,0.948481394219036
p257_139.wav,Noisy,28227,5cab0c0bc198260a41521567d3c5f5968bf2d73a21a3072ff08db2a815fe5ab0,e9cc30a6061e21108e9b5a7ae36fa207331b8be2c00cc0e200a17cefc1f00de3,0.14440293085103248,1.1894738674163818,0.8244053155217381
p257_139.wav,RNNoise v0.2,28227,5cab0c0bc198260a41521567d3c5f5968bf2d73a21a3072ff08db2a815fe5ab0,e9cc30a6061e21108e9b5a7ae36fa207331b8be2c00cc0e200a17cefc1f00de3,15.460739163996976,2.6500701904296875,0.8240474150500096
p257_139.wav,GTCRN,28227,5cab0c0bc198260a41521567d3c5f5968bf2d73a21a3072ff08db2a815fe5ab0,e9cc30a6061e21108e9b5a7ae36fa207331b8be2c00cc0e200a17cefc1f00de3,18.8250378218464,1.8869071006774902,0.8562078026261954
p257_140.wav,Noisy,30080,2d67c171628eabba1f53e26b6850b00c36c0bd559d7add244c17e465aa034355,181635fec1586cd9aef0d562c7fb8fa4f4ae62752928ad10b5f19e68c6a14fc4,15.518610356793035,1.8412082195281982,0.8319193882803656
p257_140.wav,RNNoise v0.2,30080,2d67c171628eabba1f53e26b6850b00c36c0bd559d7add244c17e465aa034355,181635fec1586cd9aef0d562c7fb8fa4f4ae62752928ad10b5f19e68c6a14fc4,13.493949609391219,2.308164358139038,0.8530336147225134
p257_140.wav,GTCRN,30080,2d67c171628eabba1f53e26b6850b00c36c0bd559d7add244c17e465aa034355,181635fec1586cd9aef0d562c7fb8fa4f4ae62752928ad10b5f19e68c6a14fc4,17.155537922228167,2.4039340019226074,0.8472781190758978
p257_141.wav,Noisy,33746,88bb4cb5f5ca7cdec4baa9bf4b592d9b822f60230610b1f45ce67f373048a485,f1390ae71861e57fdc0c04206586a633e91a5faa02bbc15a7e584cbece03bd46,10.943315066770271,1.477977991104126,0.9518400023098043
p257_141.wav,RNNoise v0.2,33746,88bb4cb5f5ca7cdec4baa9bf4b592d9b822f60230610b1f45ce67f373048a485,f1390ae71861e57fdc0c04206586a633e91a5faa02bbc15a7e584cbece03bd46,17.079115192252946,2.228914260864258,0.9315062068277622
p257_141.wav,GTCRN,33746,88bb4cb5f5ca7cdec4baa9bf4b592d9b822f60230610b1f45ce67f373048a485,f1390ae71861e57fdc0c04206586a633e91a5faa02bbc15a7e584cbece03bd46,21.190265745508544,2.778109550476074,0.9546158194967039
p257_142.wav,Noisy,59947,f2fdf23a15c0267c712db28b76ad3f8f87087cd8350bbdbf6d4931ae05d0fc04,2d786e24f11bca047d3700264fcf2d56421f1997d667b752ac53dcd04f471667,6.471229190939377,1.2057234048843384,0.9075894524859975
p257_142.wav,RNNoise v0.2,59947,f2fdf23a15c0267c712db28b76ad3f8f87087cd8350bbdbf6d4931ae05d0fc04,2d786e24f11bca047d3700264fcf2d56421f1997d667b752ac53dcd04f471667,14.273892701403376,2.060418128967285,0.9322880769423842
p257_142.wav,GTCRN,59947,f2fdf23a15c0267c712db28b76ad3f8f87087cd8350bbdbf6d4931ae05d0fc04,2d786e24f11bca047d3700264fcf2d56421f1997d667b752ac53dcd04f471667,17.86907446625427,2.7837862968444824,0.951281283473531
p257_143.wav,Noisy,40330,437647bca1b2023e9802530a77b692e7872f1301203e7d13025dd350c155ab2a,b6babf004d571e12cb1bfe68dd38a344b2e49ca4728792cf4926c12702a6b3f5,1.3096373322670667,1.06765878200531,0.7576417960472187
p257_143.wav,RNNoise v0.2,40330,437647bca1b2023e9802530a77b692e7872f1301203e7d13025dd350c155ab2a,b6babf004d571e12cb1bfe68dd38a344b2e49ca4728792cf4926c12702a6b3f5,12.110421972390327,1.3376438617706299,0.8466334147887735
p257_143.wav,GTCRN,40330,437647bca1b2023e9802530a77b692e7872f1301203e7d13025dd350c155ab2a,b6babf004d571e12cb1bfe68dd38a344b2e49ca4728792cf4926c12702a6b3f5,14.978613934948047,1.9178729057312012,0.8332505739912743
p257_144.wav,Noisy,44790,bc74cfeacfae55e9a51d15016e4a1b255a4adbbdfc46f14069dd7c36fc3276f2,2863ed3e4507e69b5ca59d7a96b4343c892bd80421771784abc3333e97daae13,17.077605062428834,3.54624605178833,0.9966797227213752
p257_144.wav,RNNoise v0.2,44790,bc74cfeacfae55e9a51d15016e4a1b255a4adbbdfc46f14069dd7c36fc3276f2,2863ed3e4507e69b5ca59d7a96b4343c892bd80421771784abc3333e97daae13,13.163636872144075,3.565561056137085,0.983274274932074
p257_144.wav,GTCRN,44790,bc74cfeacfae55e9a51d15016e4a1b255a4adbbdfc46f14069dd7c36fc3276f2,2863ed3e4507e69b5ca59d7a96b4343c892bd80421771784abc3333e97daae13,16.827737977817282,3.9614977836608887,0.9945599319189634
p257_145.wav,Noisy,53930,ffeb2d5e8ecba04ef2f0e9c512cdb88c9798d7b8ede38bcb71da5ad597ed7472,3183be30c464942538570350ce4e498b36f8a6a8ef4d5e4a68d6d60316fdcb34,12.002877486554748,2.398880958557129,0.9745960598871984
p257_145.wav,RNNoise v0.2,53930,ffeb2d5e8ecba04ef2f0e9c512cdb88c9798d7b8ede38bcb71da5ad597ed7472,3183be30c464942538570350ce4e498b36f8a6a8ef4d5e4a68d6d60316fdcb34,13.515098054138583,2.6379542350769043,0.930302024424423
p257_145.wav,GTCRN,53930,ffeb2d5e8ecba04ef2f0e9c512cdb88c9798d7b8ede38bcb71da5ad597ed7472,3183be30c464942538570350ce4e498b36f8a6a8ef4d5e4a68d6d60316fdcb34,15.762516684918515,3.5734047889709473,0.9813668162611979
p257_146.wav,Noisy,32783,e83801d38c672e3aeae390ca02b650b7455bc0897d5a5ccb70ab67ac9e657d99,a5d60bff0d404cf08fd92aaa114c7d2e924a035dc247429f4cd6d1727e6a5e42,6.079725161245023,1.560416340827942,0.9368447802699388
p257_146.wav,RNNoise v0.2,32783,e83801d38c672e3aeae390ca02b650b7455bc0897d5a5ccb70ab67ac9e657d99,a5d60bff0d404cf08fd92aaa114c7d2e924a035dc247429f4cd6d1727e6a5e42,13.125351985367066,2.840430736541748,0.9521657077016725
p257_146.wav,GTCRN,32783,e83801d38c672e3aeae390ca02b650b7455bc0897d5a5ccb70ab67ac9e657d99,a5d60bff0d404cf08fd92aaa114c7d2e924a035dc247429f4cd6d1727e6a5e42,17.029388357704622,3.1487419605255127,0.9738506403359736
p257_147.wav,Noisy,48549,55f13740abecd6f3e29584f1e6d9d3f1cc645e898699d4c1a3f88ec0a62f46bd,a2986f8901f82823aa0f36aa4e7a09cc5f07244d43cdd7261c816e90608b57e9,1.732762006834926,1.4401880502700806,0.9447363264465594
p257_147.wav,RNNoise v0.2,48549,55f13740abecd6f3e29584f1e6d9d3f1cc645e898699d4c1a3f88ec0a62f46bd,a2986f8901f82823aa0f36aa4e7a09cc5f07244d43cdd7261c816e90608b57e9,11.775488916656,1.9212266206741333,0.9310045230143388
p257_147.wav,GTCRN,48549,55f13740abecd6f3e29584f1e6d9d3f1cc645e898699d4c1a3f88ec0a62f46bd,a2986f8901f82823aa0f36aa4e7a09cc5f07244d43cdd7261c816e90608b57e9,12.779156150468545,1.9572863578796387,0.9373686085023997
p257_148.wav,Noisy,29615,7e72292682fa4f1273724c7047cc1031ce7da628b01d45cfd76eb7db566f0f50,b154dbfb542cc6ed82eda65ec4cb77272afc3506dcb08a8feeb6bf7467508ff3,16.458897050750316,2.603792667388916,0.9721504859854625
p257_148.wav,RNNoise v0.2,29615,7e72292682fa4f1273724c7047cc1031ce7da628b01d45cfd76eb7db566f0f50,b154dbfb542cc6ed82eda65ec4cb77272afc3506dcb08a8feeb6bf7467508ff3,12.614151858891997,2.2534282207489014,0.9238825822843392
p257_148.wav,GTCRN,29615,7e72292682fa4f1273724c7047cc1031ce7da628b01d45cfd76eb7db566f0f50,b154dbfb542cc6ed82eda65ec4cb77272afc3506dcb08a8feeb6bf7467508ff3,16.828690633744586,3.2392377853393555,0.9789273603913322
p257_149.wav,Noisy,39628,4b785e015b712e3c8e157d9f8f844ea38f00841221f45cf989ccff5de942d161,2a4da9e76d75f98d7b2d746cb68cd702edb7d106f354efacaba84ae0733491b2,11.194384646222089,1.1001337766647339,0.9069899692889795
p257_149.wav,RNNoise v0.2,39628,4b785e015b712e3c8e157d9f8f844ea38f00841221f45cf989ccff5de942d161,2a4da9e76d75f98d7b2d746cb68cd702edb7d106f354efacaba84ae0733491b2,15.499099311478307,1.7122492790222168,0.9022924789197957
p257_149.wav,GTCRN,39628,4b785e015b712e3c8e157d9f8f844ea38f00841221f45cf989ccff5de942d161,2a4da9e76d75f98d7b2d746cb68cd702edb7d106f354efacaba84ae0733491b2,18.795283822002713,2.4803309440612793,0.9424238460629162
p257_150.wav,Noisy,34409,3e42438f1d5dcffd2c1db63ebbcc82703473bb6a53df04d651b36ac7404c84da,dd8777e637686f11108518304f9a20b20ba8ce20f5504bac08c52c23d7fb4787,6.021836464397669,1.0709530115127563,0.8141817427701354
p257_150.wav,RNNoise v0.2,34409,3e42438f1d5dcffd2c1db63ebbcc82703473bb6a53df04d651b36ac7404c84da,dd8777e637686f11108518304f9a20b20ba8ce20f5504bac08c52c23d7fb4787,11.670887444464242,1.250742793083191,0.7845301729693381
p257_150.wav,GTCRN,34409,3e42438f1d5dcffd2c1db63ebbcc82703473bb6a53df04d651b36ac7404c84da,dd8777e637686f11108518304f9a20b20ba8ce20f5504bac08c52c23d7fb4787,14.626855017683804,1.8078505992889404,0.8795317737669381
p257_151.wav,Noisy,37695,af0832d5a807d4873122176cf15d07a5b99a85e1b8581db2325f4a293b5f8649,c2d62347d1766149fbe44b4c610f34b81c9f06f574c860587170659a388d27a6,1.1405124665152975,1.0360702276229858,0.6721188227748248
p257_151.wav,RNNoise v0.2,37695,af0832d5a807d4873122176cf15d07a5b99a85e1b8581db2325f4a293b5f8649,c2d62347d1766149fbe44b4c610f34b81c9f06f574c860587170659a388d27a6,7.025101166534792,1.1974960565567017,0.6470706606460086
p257_151.wav,GTCRN,37695,af0832d5a807d4873122176cf15d07a5b99a85e1b8581db2325f4a293b5f8649,c2d62347d1766149fbe44b4c610f34b81c9f06f574c860587170659a388d27a6,8.21136195159558,1.1513848304748535,0.6887335064670231
p257_152.wav,Noisy,25117,00d3da5f8635964cca5a2575f5c68fae657c3fbf374228d3b8705cbda36b84bd,9747d32302f6ed02adc614b4fa741a4409522f9f875ecb1004d8b99e0fb8bfcd,15.596751056809882,1.2651500701904297,0.9002270403677164
p257_152.wav,RNNoise v0.2,25117,00d3da5f8635964cca5a2575f5c68fae657c3fbf374228d3b8705cbda36b84bd,9747d32302f6ed02adc614b4fa741a4409522f9f875ecb1004d8b99e0fb8bfcd,14.833661980359237,3.0070066452026367,0.9222294069720826
p257_152.wav,GTCRN,25117,00d3da5f8635964cca5a2575f5c68fae657c3fbf374228d3b8705cbda36b84bd,9747d32302f6ed02adc614b4fa741a4409522f9f875ecb1004d8b99e0fb8bfcd,19.245039232347857,3.464298725128174,0.929453271136305
p257_153.wav,Noisy,34200,2fd3395870121565b3d99da6187e51eb6227b3044d1a47161684492cd1cadff3,a9120f70def6914e7bfbaccf4b9d53156433f828114902bbbb0929a718d30d02,10.951565647475485,1.4735143184661865,0.9428961408892413
p257_153.wav,RNNoise v0.2,34200,2fd3395870121565b3d99da6187e51eb6227b3044d1a47161684492cd1cadff3,a9120f70def6914e7bfbaccf4b9d53156433f828114902bbbb0929a718d30d02,14.723540350539839,2.646550416946411,0.9545889559593331
p257_153.wav,GTCRN,34200,2fd3395870121565b3d99da6187e51eb6227b3044d1a47161684492cd1cadff3,a9120f70def6914e7bfbaccf4b9d53156433f828114902bbbb0929a718d30d02,15.569578133411179,2.481045961380005,0.9632914344288386
p257_154.wav,Noisy,53123,fe1ad8dc4b92fd03dd1b433d4d7ab4bcf89dc0e565fdbe6a737bf2ed730e8354,7ea206c19594e466ebf951fcfb1795bce0ba59311ac4bcc4e14466f21519f59d,7.152404815008747,1.1254634857177734,0.8672606471591138
p257_154.wav,RNNoise v0.2,53123,fe1ad8dc4b92fd03dd1b433d4d7ab4bcf89dc0e565fdbe6a737bf2ed730e8354,7ea206c19594e466ebf951fcfb1795bce0ba59311ac4bcc4e14466f21519f59d,11.598129640389633,1.5544140338897705,0.9239442730928437
p257_154.wav,GTCRN,53123,fe1ad8dc4b92fd03dd1b433d4d7ab4bcf89dc0e565fdbe6a737bf2ed730e8354,7ea206c19594e466ebf951fcfb1795bce0ba59311ac4bcc4e14466f21519f59d,13.790529857835184,1.7932331562042236,0.9036304926223024
p257_155.wav,Noisy,33198,661f91b4db5047757f3bec6c3a86533c19e714e0c66cdb900c46366a8d974d14,5656e38fbe172c013f2f5746a20cd10ae79ab19e64a74e3ce2652951053a59a9,0.8140587780878689,1.1120532751083374,0.8763809786595976
p257_155.wav,RNNoise v0.2,33198,661f91b4db5047757f3bec6c3a86533c19e714e0c66cdb900c46366a8d974d14,5656e38fbe172c013f2f5746a20cd10ae79ab19e64a74e3ce2652951053a59a9,9.852093688239687,1.5868489742279053,0.8278345828412108
p257_155.wav,GTCRN,33198,661f91b4db5047757f3bec6c3a86533c19e714e0c66cdb900c46366a8d974d14,5656e38fbe172c013f2f5746a20cd10ae79ab19e64a74e3ce2652951053a59a9,9.156748300113057,1.7585480213165283,0.8895239670638373
p257_156.wav,Noisy,37192,d26bab30966db5657af13e970309ce32f5d5694b153261fbdcf14fba27f9da64,bc16ce8d7036d5412b57a29179e9c132310119e53220d614738451bab76b6368,15.897508343014731,3.532263994216919,0.9983980546038039
p257_156.wav,RNNoise v0.2,37192,d26bab30966db5657af13e970309ce32f5d5694b153261fbdcf14fba27f9da64,bc16ce8d7036d5412b57a29179e9c132310119e53220d614738451bab76b6368,16.310855638258918,3.897723913192749,0.9848608670785156
p257_156.wav,GTCRN,37192,d26bab30966db5657af13e970309ce32f5d5694b153261fbdcf14fba27f9da64,bc16ce8d7036d5412b57a29179e9c132310119e53220d614738451bab76b6368,21.998822397399238,4.146245002746582,0.9968755241138862
p257_157.wav,Noisy,49671,dfb42900f204ea14762b52e1912666fccb27b0665f9777473753a6cb9ab3270a,251dc92c57bf53e37733e3d772170e658c0cc6aa868cdd1a0a439254b42b9080,11.55459388958447,2.9737160205841064,0.9891380039892441
p257_157.wav,RNNoise v0.2,49671,dfb42900f204ea14762b52e1912666fccb27b0665f9777473753a6cb9ab3270a,251dc92c57bf53e37733e3d772170e658c0cc6aa868cdd1a0a439254b42b9080,16.185226199079604,3.547635555267334,0.9890378856651217
p257_157.wav,GTCRN,49671,dfb42900f204ea14762b52e1912666fccb27b0665f9777473753a6cb9ab3270a,251dc92c57bf53e37733e3d772170e658c0cc6aa868cdd1a0a439254b42b9080,21.43164512748382,3.7558650970458984,0.9910036491491495
p257_158.wav,Noisy,22972,9ec92f2ddcda38be5882d201fe455d31b5a399cdf0a737f7d342fd6eccb6f4aa,6a684bdfa10d59fcb00418519c6b4eadad0adf9361e5dafbadd209dd2df677d7,5.012752354107066,2.281278610229492,0.9384659644754136
p257_158.wav,RNNoise v0.2,22972,9ec92f2ddcda38be5882d201fe455d31b5a399cdf0a737f7d342fd6eccb6f4aa,6a684bdfa10d59fcb00418519c6b4eadad0adf9361e5dafbadd209dd2df677d7,14.351145416428002,2.411386251449585,0.9071434676670048
p257_158.wav,GTCRN,22972,9ec92f2ddcda38be5882d201fe455d31b5a399cdf0a737f7d342fd6eccb6f4aa,6a684bdfa10d59fcb00418519c6b4eadad0adf9361e5dafbadd209dd2df677d7,18.340368361388325,3.620884656906128,0.9744917242164233
p257_159.wav,Noisy,28203,7d3ff4c177e3a4bd57cd6c0bc3719da064d585b52442be728e80e05a8080bbc3,634e3ce4f768bbb8b9779fb645f3871786154dff596e9b01092d0014f6da9708,0.47695954746283664,1.4645068645477295,0.9058681350640622
p257_159.wav,RNNoise v0.2,28203,7d3ff4c177e3a4bd57cd6c0bc3719da064d585b52442be728e80e05a8080bbc3,634e3ce4f768bbb8b9779fb645f3871786154dff596e9b01092d0014f6da9708,13.472265667446653,2.097071409225464,0.90298394203841
p257_159.wav,GTCRN,28203,7d3ff4c177e3a4bd57cd6c0bc3719da064d585b52442be728e80e05a8080bbc3,634e3ce4f768bbb8b9779fb645f3871786154dff596e9b01092d0014f6da9708,16.528802027184238,1.9280390739440918,0.9433055619535273
p257_160.wav,Noisy,40316,9c76c0b22896da7e96f11a76521fe220becdbd2faf3cffbde9fffc18abc48b82,40143edf79ccb4eb71a15efd0d8a466adc7cc56d5e9d9c110b48036d5881c51c,16.55338620196121,1.317457914352417,0.9585464955571256
p257_160.wav,RNNoise v0.2,40316,9c76c0b22896da7e96f11a76521fe220becdbd2faf3cffbde9fffc18abc48b82,40143edf79ccb4eb71a15efd0d8a466adc7cc56d5e9d9c110b48036d5881c51c,14.779885536048312,2.8149797916412354,0.9536333722867951
p257_160.wav,GTCRN,40316,9c76c0b22896da7e96f11a76521fe220becdbd2faf3cffbde9fffc18abc48b82,40143edf79ccb4eb71a15efd0d8a466adc7cc56d5e9d9c110b48036d5881c51c,18.664330722613435,3.484265089035034,0.9818323987748909
p257_161.wav,Noisy,34769,ada9d4f9c1c502869e938bdd7fe9b03dc50847055456938bfec50738778145ab,345d36abd454cbc85aac38d8bd6300eead144ae434e5d122c082d8360603e6d7,10.653133585472204,1.5960577726364136,0.953560433408692
p257_161.wav,RNNoise v0.2,34769,ada9d4f9c1c502869e938bdd7fe9b03dc50847055456938bfec50738778145ab,345d36abd454cbc85aac38d8bd6300eead144ae434e5d122c082d8360603e6d7,13.070820979118613,2.478619337081909,0.9546403282133025
p257_161.wav,GTCRN,34769,ada9d4f9c1c502869e938bdd7fe9b03dc50847055456938bfec50738778145ab,345d36abd454cbc85aac38d8bd6300eead144ae434e5d122c082d8360603e6d7,15.634468756180047,2.9750821590423584,0.9512349362594359
p257_162.wav,Noisy,48248,f0c95b626bcbf0c8164263242f318049c9a6fc301a6e8b7d7c465e676041f703,2119399b83c5982a5537d654838cc40395be1da23e0ffd16dfa78ab273b518dd,6.479439059921904,1.1811107397079468,0.9330787939340426
p257_162.wav,RNNoise v0.2,48248,f0c95b626bcbf0c8164263242f318049c9a6fc301a6e8b7d7c465e676041f703,2119399b83c5982a5537d654838cc40395be1da23e0ffd16dfa78ab273b518dd,13.25530837779189,1.9610822200775146,0.9186053443204721
p257_162.wav,GTCRN,48248,f0c95b626bcbf0c8164263242f318049c9a6fc301a6e8b7d7c465e676041f703,2119399b83c5982a5537d654838cc40395be1da23e0ffd16dfa78ab273b518dd,15.220973323880472,2.198662281036377,0.9591844650151271
p257_163.wav,Noisy,35939,73e0b5e8b70e125020f0449b205414c714db61adde721cf42db1f71d87be92a9,b9550b77f654b54c8d40ccef3a8eaa1d9d1f0b5844ca2fe15d22a0f407f62434,0.9874184431641619,1.1333856582641602,0.8540702717167576
p257_163.wav,RNNoise v0.2,35939,73e0b5e8b70e125020f0449b205414c714db61adde721cf42db1f71d87be92a9,b9550b77f654b54c8d40ccef3a8eaa1d9d1f0b5844ca2fe15d22a0f407f62434,13.778025792740987,1.4504648447036743,0.8461754951636313
p257_163.wav,GTCRN,35939,73e0b5e8b70e125020f0449b205414c714db61adde721cf42db1f71d87be92a9,b9550b77f654b54c8d40ccef3a8eaa1d9d1f0b5844ca2fe15d22a0f407f62434,17.037612773746297,2.0377659797668457,0.8959196137866507
p257_164.wav,Noisy,54676,8f49c2ae014961962f07dc959de5040eec8999780356fadb2daaabc6d2a606ed,c5fd9751397fad110d63f8898870f88d60568754a26b78ef497d298c6d1b17d0,16.551743665987434,3.3346197605133057,0.9910754374814207
p257_164.wav,RNNoise v0.2,54676,8f49c2ae014961962f07dc959de5040eec8999780356fadb2daaabc6d2a606ed,c5fd9751397fad110d63f8898870f88d60568754a26b78ef497d298c6d1b17d0,17.290163629712925,3.789740562438965,0.9891942564289337
p257_164.wav,GTCRN,54676,8f49c2ae014961962f07dc959de5040eec8999780356fadb2daaabc6d2a606ed,c5fd9751397fad110d63f8898870f88d60568754a26b78ef497d298c6d1b17d0,23.621736380868853,4.022469997406006,0.9952835150019707
p257_165.wav,Noisy,27725,287ecc56f7f546d41c26cb8acf6a01ea085c17e202bc392bf6b073b36520f13c,44d0944e4d3fbe57c3968d0b2eb540305d3af6ae9a523f973ad85ac9fb454ab4,10.15071451404384,2.978227138519287,0.9800134223049105
p257_165.wav,RNNoise v0.2,27725,287ecc56f7f546d41c26cb8acf6a01ea085c17e202bc392bf6b073b36520f13c,44d0944e4d3fbe57c3968d0b2eb540305d3af6ae9a523f973ad85ac9fb454ab4,14.238034888576923,3.3821821212768555,0.9515989267373834
p257_165.wav,GTCRN,27725,287ecc56f7f546d41c26cb8acf6a01ea085c17e202bc392bf6b073b36520f13c,44d0944e4d3fbe57c3968d0b2eb540305d3af6ae9a523f973ad85ac9fb454ab4,18.593603473029404,3.4847352504730225,0.9878951264100618
p257_166.wav,Noisy,36414,3c71d2561eb8a532de7779a3674a28e994909972fc689c68c09994fe78a1f114,951710910ae1130bf7c2d740befcd0dde06258fc6140dde30cbdf1d27c0ceb36,5.207087562416976,1.2027746438980103,0.8689127807716533
p257_166.wav,RNNoise v0.2,36414,3c71d2561eb8a532de7779a3674a28e994909972fc689c68c09994fe78a1f114,951710910ae1130bf7c2d740befcd0dde06258fc6140dde30cbdf1d27c0ceb36,14.743151340775727,1.8278756141662598,0.8981719347034601
p257_166.wav,GTCRN,36414,3c71d2561eb8a532de7779a3674a28e994909972fc689c68c09994fe78a1f114,951710910ae1130bf7c2d740befcd0dde06258fc6140dde30cbdf1d27c0ceb36,19.024212426736987,2.213632106781006,0.9098026016362276
p257_167.wav,Noisy,43346,2f800120668c251ceacb4b1f766fa4be88777909e694fbc5b82ac27493413e95,a7df68f1e1aa2cc56f4edc5ac93384c1b14abdaab89c69699e0c5568f1471f65,1.4386338329201696,1.3766803741455078,0.9336459963867392
p257_167.wav,RNNoise v0.2,43346,2f800120668c251ceacb4b1f766fa4be88777909e694fbc5b82ac27493413e95,a7df68f1e1aa2cc56f4edc5ac93384c1b14abdaab89c69699e0c5568f1471f65,13.885786204644893,2.2966785430908203,0.9303671261863778
p257_167.wav,GTCRN,43346,2f800120668c251ceacb4b1f766fa4be88777909e694fbc5b82ac27493413e95,a7df68f1e1aa2cc56f4edc5ac93384c1b14abdaab89c69699e0c5568f1471f65,16.998059065536985,2.760183811187744,0.933873015114043
p257_168.wav,Noisy,50514,7fbb59bb0d91fa42661456326a4e55cc9fa962e5c6c609148178aaaf8155f5e9,a970ca2f1b3b3fdb7ed1d2d39b3e888f4fb01e896107e4b5040549e70d57bc12,16.38717723092627,1.2728285789489746,0.9735036687672745
p257_168.wav,RNNoise v0.2,50514,7fbb59bb0d91fa42661456326a4e55cc9fa962e5c6c609148178aaaf8155f5e9,a970ca2f1b3b3fdb7ed1d2d39b3e888f4fb01e896107e4b5040549e70d57bc12,16.29486528691142,2.744983196258545,0.9595515431266637
p257_168.wav,GTCRN,50514,7fbb59bb0d91fa42661456326a4e55cc9fa962e5c6c609148178aaaf8155f5e9,a970ca2f1b3b3fdb7ed1d2d39b3e888f4fb01e896107e4b5040549e70d57bc12,20.964679083270127,3.1262168884277344,0.984346890694614
p257_169.wav,Noisy,40423,1edbc3d57ba267922bb750f6765f9d59ccd7c598b3106227f71fbf878bb21a46,0d997749d0ae5fe7b21f3f948f86f6e7253be9543f3ce6adcb87138b59362f41,11.277421855305956,1.3893663883209229,0.9434692061073212
p257_169.wav,RNNoise v0.2,40423,1edbc3d57ba267922bb750f6765f9d59ccd7c598b3106227f71fbf878bb21a46,0d997749d0ae5fe7b21f3f948f86f6e7253be9543f3ce6adcb87138b59362f41,15.676656755112395,2.1523492336273193,0.9393443649156274
p257_169.wav,GTCRN,40423,1edbc3d57ba267922bb750f6765f9d59ccd7c598b3106227f71fbf878bb21a46,0d997749d0ae5fe7b21f3f948f86f6e7253be9543f3ce6adcb87138b59362f41,19.74489374238494,2.537463903427124,0.9563776799503303
p257_170.wav,Noisy,33176,26860d036aa9acf6897c2882b3e26211af74c795e6795d3f056d212a176b5d25,d187e30dce0eafe02096cc7408eefd4ad2ce3fd154f6b77879ace4e3ce98eee6,5.7396149954008555,1.1586196422576904,0.8906862699250438
p257_170.wav,RNNoise v0.2,33176,26860d036aa9acf6897c2882b3e26211af74c795e6795d3f056d212a176b5d25,d187e30dce0eafe02096cc7408eefd4ad2ce3fd154f6b77879ace4e3ce98eee6,14.71738017976146,1.8995378017425537,0.871816257339967
p257_170.wav,GTCRN,33176,26860d036aa9acf6897c2882b3e26211af74c795e6795d3f056d212a176b5d25,d187e30dce0eafe02096cc7408eefd4ad2ce3fd154f6b77879ace4e3ce98eee6,17.953030760987104,2.5181100368499756,0.9295622296100169
p257_171.wav,Noisy,32789,c878d6fc6a71abc0431acd9c345f22a0b05eeb85ed8cd528abd066ade6531327,745c2b3fc51c22221910451717ee947558278bac289f8dd4b13e374155d64767,0.9987012601568992,1.039771556854248,0.7417661361141912
p257_171.wav,RNNoise v0.2,32789,c878d6fc6a71abc0431acd9c345f22a0b05eeb85ed8cd528abd066ade6531327,745c2b3fc51c22221910451717ee947558278bac289f8dd4b13e374155d64767,9.497153279702864,1.21560800075531,0.7697483480802555
p257_171.wav,GTCRN,32789,c878d6fc6a71abc0431acd9c345f22a0b05eeb85ed8cd528abd066ade6531327,745c2b3fc51c22221910451717ee947558278bac289f8dd4b13e374155d64767,11.565959903368867,1.4615434408187866,0.8543100573732143
p257_172.wav,Noisy,37806,9d982e9e1096090240057580f503812ea534bb71d9e55ee44bfe5a0dff241878,2d9896cfc832e67083850fdbd26aa35abdf69776905ed77c09804ca4bb25dad0,16.845855981073875,1.6505827903747559,0.9363108975920722
p257_172.wav,RNNoise v0.2,37806,9d982e9e1096090240057580f503812ea534bb71d9e55ee44bfe5a0dff241878,2d9896cfc832e67083850fdbd26aa35abdf69776905ed77c09804ca4bb25dad0,14.461975804672262,1.646024227142334,0.9158808694380762
p257_172.wav,GTCRN,37806,9d982e9e1096090240057580f503812ea534bb71d9e55ee44bfe5a0dff241878,2d9896cfc832e67083850fdbd26aa35abdf69776905ed77c09804ca4bb25dad0,19.414081220940393,2.4010348320007324,0.9215056705047829
p257_173.wav,Noisy,37697,d6b415bdc7e59d2967ec75d52c72a79f234d9df3c451424f827e693987acddc7,8f42a697bcced725a2d54086c0501f0e62527417eeb101a4a7c444fd315a08a3,11.353798890498016,1.1673519611358643,0.913051691417551
p257_173.wav,RNNoise v0.2,37697,d6b415bdc7e59d2967ec75d52c72a79f234d9df3c451424f827e693987acddc7,8f42a697bcced725a2d54086c0501f0e62527417eeb101a4a7c444fd315a08a3,14.476279654996624,2.3625309467315674,0.9261720068836868
p257_173.wav,GTCRN,37697,d6b415bdc7e59d2967ec75d52c72a79f234d9df3c451424f827e693987acddc7,8f42a697bcced725a2d54086c0501f0e62527417eeb101a4a7c444fd315a08a3,17.19666250617547,1.8796789646148682,0.9331606553858861
p257_174.wav,Noisy,37778,cce614a07e10c65b89f8bb1258f78adee0d9aeb2d8a53ff0bf52471891b5a362,4bd0f2c2aba0d21ea7b660fe7cfb52c576600a975f5d9d4ef43e64a00a2e49d9,5.3841246218967616,1.218300461769104,0.9153488423871247
p257_174.wav,RNNoise v0.2,37778,cce614a07e10c65b89f8bb1258f78adee0d9aeb2d8a53ff0bf52471891b5a362,4bd0f2c2aba0d21ea7b660fe7cfb52c576600a975f5d9d4ef43e64a00a2e49d9,15.668368944007307,2.9767918586730957,0.9588042134535071
p257_174.wav,GTCRN,37778,cce614a07e10c65b89f8bb1258f78adee0d9aeb2d8a53ff0bf52471891b5a362,4bd0f2c2aba0d21ea7b660fe7cfb52c576600a975f5d9d4ef43e64a00a2e49d9,20.339513629015435,3.585738182067871,0.9553391976096346
p257_175.wav,Noisy,53865,233cbb19bf3e93124c9b7aff60d3f0997abfbcd6096a14ff69f296218b2b11bb,fe53bb95a866b91016212679739ce98edd5a5d75cb355017d8f79d68c1344c0d,1.4503947987696753,1.0941433906555176,0.8105308854574085
p257_175.wav,RNNoise v0.2,53865,233cbb19bf3e93124c9b7aff60d3f0997abfbcd6096a14ff69f296218b2b11bb,fe53bb95a866b91016212679739ce98edd5a5d75cb355017d8f79d68c1344c0d,11.853234716562868,1.263024091720581,0.8715730184333639
p257_175.wav,GTCRN,53865,233cbb19bf3e93124c9b7aff60d3f0997abfbcd6096a14ff69f296218b2b11bb,fe53bb95a866b91016212679739ce98edd5a5d75cb355017d8f79d68c1344c0d,13.78774361635152,1.6177103519439697,0.8891100138510044
p257_176.wav,Noisy,31408,8f23fa2ac26d302dc89b1b428fa849914ea2fdb853a779f68cb4033044e9e3aa,d13d70339cf397fb84198725b1f239badced7c448d8adf01fc2d0f0fe7637e8c,15.33299123961973,3.137251138687134,0.9971681732242688
p257_176.wav,RNNoise v0.2,31408,8f23fa2ac26d302dc89b1b428fa849914ea2fdb853a779f68cb4033044e9e3aa,d13d70339cf397fb84198725b1f239badced7c448d8adf01fc2d0f0fe7637e8c,15.005832302999016,3.046365261077881,0.9900622083887359
p257_176.wav,GTCRN,31408,8f23fa2ac26d302dc89b1b428fa849914ea2fdb853a779f68cb4033044e9e3aa,d13d70339cf397fb84198725b1f239badced7c448d8adf01fc2d0f0fe7637e8c,21.889795643697013,4.025869369506836,0.9957679895335297
p257_177.wav,Noisy,42422,53b50a1eb24ee110481aa1466b847f021ea5cd8b8ef829d54c70c63b80f5aec9,f10218748f137ec78eb5c24adb956ce96d090c662259f3746ee316324ca91a93,11.605300098302635,3.0868613719940186,0.9875656752000531
p257_177.wav,RNNoise v0.2,42422,53b50a1eb24ee110481aa1466b847f021ea5cd8b8ef829d54c70c63b80f5aec9,f10218748f137ec78eb5c24adb956ce96d090c662259f3746ee316324ca91a93,16.166335333296605,3.3469083309173584,0.9776602393310022
p257_177.wav,GTCRN,42422,53b50a1eb24ee110481aa1466b847f021ea5cd8b8ef829d54c70c63b80f5aec9,f10218748f137ec78eb5c24adb956ce96d090c662259f3746ee316324ca91a93,20.903063807010174,3.7179601192474365,0.9875103408457127
p257_178.wav,Noisy,52868,becb93b34d1cb7b3b44bf7aa2ca7dd73de5b2c4eef689d4ff1f76a5fec94eff1,b109b9126ba3010908a529db3e7fd267e825fdfd6e4f7e64ab8b283c62084b2c,6.585634248059987,2.6206395626068115,0.9927789164123425
p257_178.wav,RNNoise v0.2,52868,becb93b34d1cb7b3b44bf7aa2ca7dd73de5b2c4eef689d4ff1f76a5fec94eff1,b109b9126ba3010908a529db3e7fd267e825fdfd6e4f7e64ab8b283c62084b2c,16.134711700625587,3.4248950481414795,0.9827273462045416
p257_178.wav,GTCRN,52868,becb93b34d1cb7b3b44bf7aa2ca7dd73de5b2c4eef689d4ff1f76a5fec94eff1,b109b9126ba3010908a529db3e7fd267e825fdfd6e4f7e64ab8b283c62084b2c,20.477145263956807,3.772399663925171,0.993449709056427
p257_179.wav,Noisy,31048,ef3baf571020a9c20cc1e4c47805da6aa73a45193360fe79c7bdc8ef68d4683c,ded7426f6b3b3debe0467ca1fcf89c7713e05cf5777f050d9cb8aee731f3844c,0.0758239821315587,1.5463230609893799,0.9295716801968618
p257_179.wav,RNNoise v0.2,31048,ef3baf571020a9c20cc1e4c47805da6aa73a45193360fe79c7bdc8ef68d4683c,ded7426f6b3b3debe0467ca1fcf89c7713e05cf5777f050d9cb8aee731f3844c,15.131937622479175,2.5073225498199463,0.957635894377971
p257_179.wav,GTCRN,31048,ef3baf571020a9c20cc1e4c47805da6aa73a45193360fe79c7bdc8ef68d4683c,ded7426f6b3b3debe0467ca1fcf89c7713e05cf5777f050d9cb8aee731f3844c,19.379937863467106,3.078205108642578,0.9533382223077794
p257_180.wav,Noisy,31200,1c2877549b9aa46f9b8976e4ac849e98cc6def65c7f27fbf32ac51204cc71961,d99ea3381b015098f0dcf5b5dfc24b30c88aafbdbde51dff820dc0473c149dfd,15.440757328030877,1.6888148784637451,0.8002773482088528
p257_180.wav,RNNoise v0.2,31200,1c2877549b9aa46f9b8976e4ac849e98cc6def65c7f27fbf32ac51204cc71961,d99ea3381b015098f0dcf5b5dfc24b30c88aafbdbde51dff820dc0473c149dfd,12.705138159508873,2.4779298305511475,0.8779356090230556
p257_180.wav,GTCRN,31200,1c2877549b9aa46f9b8976e4ac849e98cc6def65c7f27fbf32ac51204cc71961,d99ea3381b015098f0dcf5b5dfc24b30c88aafbdbde51dff820dc0473c149dfd,17.93814917571873,2.472348928451538,0.8179052478860686
p257_181.wav,Noisy,35141,cf3e182db42b1dc9c8ee0d618617ee9001aba954c89f883782aa0ddafa4a4d88,e27fbc738a0e510172858802deebaa0f6b81790ec3da02f7a6dce5f5846aa42e,10.754374525749643,1.2050786018371582,0.9460987532155408
p257_181.wav,RNNoise v0.2,35141,cf3e182db42b1dc9c8ee0d618617ee9001aba954c89f883782aa0ddafa4a4d88,e27fbc738a0e510172858802deebaa0f6b81790ec3da02f7a6dce5f5846aa42e,15.270728169455667,2.2894489765167236,0.8846797636446713
p257_181.wav,GTCRN,35141,cf3e182db42b1dc9c8ee0d618617ee9001aba954c89f883782aa0ddafa4a4d88,e27fbc738a0e510172858802deebaa0f6b81790ec3da02f7a6dce5f5846aa42e,19.543754612009305,1.4966905117034912,0.9642880289083834
p257_182.wav,Noisy,36648,0c266b0c723a823d8a27025aca27d48af03100aea689f45a653c6faa855d7ba8,793e1989d83b6172e1a58f5c62147c15352855483b2f7493544ea80e50aa31c5,6.02867154095171,1.3221156597137451,0.9343970588338549
p257_182.wav,RNNoise v0.2,36648,0c266b0c723a823d8a27025aca27d48af03100aea689f45a653c6faa855d7ba8,793e1989d83b6172e1a58f5c62147c15352855483b2f7493544ea80e50aa31c5,12.589232657224766,1.9080924987792969,0.8782253922016104
p257_182.wav,GTCRN,36648,0c266b0c723a823d8a27025aca27d48af03100aea689f45a653c6faa855d7ba8,793e1989d83b6172e1a58f5c62147c15352855483b2f7493544ea80e50aa31c5,20.481893879970908,3.165579080581665,0.9661300928241878
p257_183.wav,Noisy,25835,88d739a9cfdc82c8817334c64891e09b44394194fc65cbbc97c923ef4f44fd61,2346f31b49493e5e614862940cd2a6ad0a89c7ad46b3abb49b576b6270c4a0f1,0.28855310069421697,1.0651954412460327,0.8056667622333449
p257_183.wav,RNNoise v0.2,25835,88d739a9cfdc82c8817334c64891e09b44394194fc65cbbc97c923ef4f44fd61,2346f31b49493e5e614862940cd2a6ad0a89c7ad46b3abb49b576b6270c4a0f1,12.180632391284497,1.343679666519165,0.7248816447348482
p257_183.wav,GTCRN,25835,88d739a9cfdc82c8817334c64891e09b44394194fc65cbbc97c923ef4f44fd61,2346f31b49493e5e614862940cd2a6ad0a89c7ad46b3abb49b576b6270c4a0f1,15.995437911006645,1.7764918804168701,0.8503988363213375
p257_184.wav,Noisy,50362,3e7e00e0e343ed5b9e09d98c9d3fe455e54dd6ec08a9030a1a6618b87f2b55fe,407c3ea8bc7760717e4424601c3877f660152ad6aaf89fdf9325de5730a09f65,16.39015935544029,3.09948468208313,0.996590540346302
p257_184.wav,RNNoise v0.2,50362,3e7e00e0e343ed5b9e09d98c9d3fe455e54dd6ec08a9030a1a6618b87f2b55fe,407c3ea8bc7760717e4424601c3877f660152ad6aaf89fdf9325de5730a09f65,16.20107609574519,2.9985485076904297,0.9731426340087082
p257_184.wav,GTCRN,50362,3e7e00e0e343ed5b9e09d98c9d3fe455e54dd6ec08a9030a1a6618b87f2b55fe,407c3ea8bc7760717e4424601c3877f660152ad6aaf89fdf9325de5730a09f65,21.924070254841496,3.776371955871582,0.9962317483508257
p257_185.wav,Noisy,35957,12232fe977158c7a67cd535997a6fb7de94e1c414e44811b37085a172bbe2534,f1021b9c0ec264e9fee1f32ee0be459fce98b238063d24ebb604922fd48cc8c7,10.86351838703411,2.7780654430389404,0.9864948173460952
p257_185.wav,RNNoise v0.2,35957,12232fe977158c7a67cd535997a6fb7de94e1c414e44811b37085a172bbe2534,f1021b9c0ec264e9fee1f32ee0be459fce98b238063d24ebb604922fd48cc8c7,15.313548999087114,2.974785804748535,0.9873982596693172
p257_185.wav,GTCRN,35957,12232fe977158c7a67cd535997a6fb7de94e1c414e44811b37085a172bbe2534,f1021b9c0ec264e9fee1f32ee0be459fce98b238063d24ebb604922fd48cc8c7,20.058805250508534,3.457958936691284,0.9914217822795076
p257_186.wav,Noisy,62422,12f26609b285374d1f962cc40248571a325cf2a98f5c453ebe9789b2b8f0967f,a494faf48a3daa81f2a2432ba09d5f0d38f486e17024cd5bd44b2d1fad6a6ece,6.760221908271019,2.051985740661621,0.9825384492125838
p257_186.wav,RNNoise v0.2,62422,12f26609b285374d1f962cc40248571a325cf2a98f5c453ebe9789b2b8f0967f,a494faf48a3daa81f2a2432ba09d5f0d38f486e17024cd5bd44b2d1fad6a6ece,14.565107306717948,2.9983177185058594,0.9713450268534127
p257_186.wav,GTCRN,62422,12f26609b285374d1f962cc40248571a325cf2a98f5c453ebe9789b2b8f0967f,a494faf48a3daa81f2a2432ba09d5f0d38f486e17024cd5bd44b2d1fad6a6ece,19.047569825342865,3.5047829151153564,0.9873005668787362
p257_187.wav,Noisy,26795,c8580ab7ad4c1489cc88d6ac30f2bc549e99358461f7e37821dece454646af76,a7d7a455043cb11e9ddb702e867594acf62bbda3c0c12567bb40cff2023158c7,0.2728401815910065,2.147120952606201,0.9668202615642156
p257_187.wav,RNNoise v0.2,26795,c8580ab7ad4c1489cc88d6ac30f2bc549e99358461f7e37821dece454646af76,a7d7a455043cb11e9ddb702e867594acf62bbda3c0c12567bb40cff2023158c7,14.240430304310559,3.017810821533203,0.9761934171224369
p257_187.wav,GTCRN,26795,c8580ab7ad4c1489cc88d6ac30f2bc549e99358461f7e37821dece454646af76,a7d7a455043cb11e9ddb702e867594acf62bbda3c0c12567bb40cff2023158c7,17.730230172571176,3.352787971496582,0.9804583114549065
p257_188.wav,Noisy,49133,898650db19948c0ccf746f011a0e39a9b22a02617b8e8025b00ae352c93d9c41,19152c894ace01e9e6f492e5735f0425628521aa6f9691f38717d1f59be25150,16.223334992775545,1.804401159286499,0.9470051916253278
p257_188.wav,RNNoise v0.2,49133,898650db19948c0ccf746f011a0e39a9b22a02617b8e8025b00ae352c93d9c41,19152c894ace01e9e6f492e5735f0425628521aa6f9691f38717d1f59be25150,15.089710641516184,1.7771215438842773,0.8893471328096091
p257_188.wav,GTCRN,49133,898650db19948c0ccf746f011a0e39a9b22a02617b8e8025b00ae352c93d9c41,19152c894ace01e9e6f492e5735f0425628521aa6f9691f38717d1f59be25150,20.04992909080666,2.641875982284546,0.9560509648667278
p257_189.wav,Noisy,35754,79336416725ec20b5e63ac79d573f9a65d2389bd87e6e5e5ebce31ef8c07ce87,438c2510e2b604a6983ac4bc8611426c7b1adb08f6726eba58e75e50d6ec952d,10.720927791555466,1.2873437404632568,0.9402399945112891
p257_189.wav,RNNoise v0.2,35754,79336416725ec20b5e63ac79d573f9a65d2389bd87e6e5e5ebce31ef8c07ce87,438c2510e2b604a6983ac4bc8611426c7b1adb08f6726eba58e75e50d6ec952d,14.523424022998938,1.8022840023040771,0.8783764598208568
p257_189.wav,GTCRN,35754,79336416725ec20b5e63ac79d573f9a65d2389bd87e6e5e5ebce31ef8c07ce87,438c2510e2b604a6983ac4bc8611426c7b1adb08f6726eba58e75e50d6ec952d,17.760503050868994,2.8339505195617676,0.9546598098801347
p257_190.wav,Noisy,35777,cdaf25c5a051f06a50c3362f4b27126d1b86ef88a06c66a7c6b3ed78a5a79689,019384da240807e6a607350c03599118b63477fc1a0064a1f5ec391dab389c40,6.465428524827367,1.1706304550170898,0.8272137453253657
p257_190.wav,RNNoise v0.2,35777,cdaf25c5a051f06a50c3362f4b27126d1b86ef88a06c66a7c6b3ed78a5a79689,019384da240807e6a607350c03599118b63477fc1a0064a1f5ec391dab389c40,10.661645135967605,1.4582630395889282,0.8328075013482035
p257_190.wav,GTCRN,35777,cdaf25c5a051f06a50c3362f4b27126d1b86ef88a06c66a7c6b3ed78a5a79689,019384da240807e6a607350c03599118b63477fc1a0064a1f5ec391dab389c40,12.8451208414969,1.5170960426330566,0.8504793814930227
p257_191.wav,Noisy,47762,934a8fc8c4188a22ffc9535508fdbccec4cc756788ed8cc1b6ff94f050074104,ecb70dea65ccfb371aba960e168fc0d12b54cc0a4f1fa905dd3bedbb358fb6e2,1.615990415001681,1.0664191246032715,0.816925069966953
p257_191.wav,RNNoise v0.2,47762,934a8fc8c4188a22ffc9535508fdbccec4cc756788ed8cc1b6ff94f050074104,ecb70dea65ccfb371aba960e168fc0d12b54cc0a4f1fa905dd3bedbb358fb6e2,10.995648981271112,1.3966786861419678,0.8209443574402324
p257_191.wav,GTCRN,47762,934a8fc8c4188a22ffc9535508fdbccec4cc756788ed8cc1b6ff94f050074104,ecb70dea65ccfb371aba960e168fc0d12b54cc0a4f1fa905dd3bedbb358fb6e2,12.691083253916865,1.6874134540557861,0.8692033565492611
p257_192.wav,Noisy,26011,1b75d563fd941b7a3369bee494d9197a5c5067c26eee0eec1a7a4f0b7050fd42,40769f4b353a21cabe3c2b87ff672fc09abf931ee70aae2e8cb35dbe25c728c9,14.296068587604964,2.3262085914611816,0.9028136723813824
p257_192.wav,RNNoise v0.2,26011,1b75d563fd941b7a3369bee494d9197a5c5067c26eee0eec1a7a4f0b7050fd42,40769f4b353a21cabe3c2b87ff672fc09abf931ee70aae2e8cb35dbe25c728c9,15.423475596863973,3.131826162338257,0.9538478804359537
p257_192.wav,GTCRN,26011,1b75d563fd941b7a3369bee494d9197a5c5067c26eee0eec1a7a4f0b7050fd42,40769f4b353a21cabe3c2b87ff672fc09abf931ee70aae2e8cb35dbe25c728c9,18.781576637948426,3.6301560401916504,0.9585648864193479
p257_193.wav,Noisy,40942,e57fe20f3cf1f693d9d8771c617cd887135effd45ce7d8e6c20a90cd736f05df,7c3c8b86f02c2efbaa03a6c880c600ffc415866d70bfd0f8a8083809ca65de47,11.605074304846566,1.2082136869430542,0.9171261093043591
p257_193.wav,RNNoise v0.2,40942,e57fe20f3cf1f693d9d8771c617cd887135effd45ce7d8e6c20a90cd736f05df,7c3c8b86f02c2efbaa03a6c880c600ffc415866d70bfd0f8a8083809ca65de47,16.218151679438563,2.0989584922790527,0.9521639883721916
p257_193.wav,GTCRN,40942,e57fe20f3cf1f693d9d8771c617cd887135effd45ce7d8e6c20a90cd736f05df,7c3c8b86f02c2efbaa03a6c880c600ffc415866d70bfd0f8a8083809ca65de47,18.92505015123371,2.0678248405456543,0.9504056808514568
p257_194.wav,Noisy,42128,24593d55ae67c96e2c63346c2a1ef7be49d45554c2bd1dc74ac9e509299f7ee8,4db7f3e8728de743ec7d41e2c24f70046af8949eedad8a891e7266d0f62f9acc,7.018988861632975,1.1762394905090332,0.9364893733586778
p257_194.wav,RNNoise v0.2,42128,24593d55ae67c96e2c63346c2a1ef7be49d45554c2bd1dc74ac9e509299f7ee8,4db7f3e8728de743ec7d41e2c24f70046af8949eedad8a891e7266d0f62f9acc,12.880255206913224,2.222397565841675,0.9450985674423249
p257_194.wav,GTCRN,42128,24593d55ae67c96e2c63346c2a1ef7be49d45554c2bd1dc74ac9e509299f7ee8,4db7f3e8728de743ec7d41e2c24f70046af8949eedad8a891e7266d0f62f9acc,15.187016909918093,2.913489580154419,0.9544093986291521
p257_195.wav,Noisy,30559,a587d37f27df75fa5232c94b255f81b04821548786f3e04cbcc7492d9709b35f,26e3366a10bc25a67da7b540d8d30d9b64cee363f4535dfbba09cda45abb7057,0.39722242324211404,1.095276117324829,0.846397085527593
p257_195.wav,RNNoise v0.2,30559,a587d37f27df75fa5232c94b255f81b04821548786f3e04cbcc7492d9709b35f,26e3366a10bc25a67da7b540d8d30d9b64cee363f4535dfbba09cda45abb7057,10.021365220171987,1.2180542945861816,0.858542120909446
p257_195.wav,GTCRN,30559,a587d37f27df75fa5232c94b255f81b04821548786f3e04cbcc7492d9709b35f,26e3366a10bc25a67da7b540d8d30d9b64cee363f4535dfbba09cda45abb7057,12.17211827105935,1.6444878578186035,0.9049264531139644
p257_196.wav,Noisy,50082,6780e72a2554c9f282f7e5ddb1a9ea1dc0695098e0bac2358b3b8784acedd90a,70ddaa1993cdf6603edc98b53c818405572aa1f523bc79d7370c739245e5147d,16.519590088540678,2.251513957977295,0.9986088622742426
p257_196.wav,RNNoise v0.2,50082,6780e72a2554c9f282f7e5ddb1a9ea1dc0695098e0bac2358b3b8784acedd90a,70ddaa1993cdf6603edc98b53c818405572aa1f523bc79d7370c739245e5147d,17.783394598549638,3.586751699447632,0.9932429043039006
p257_196.wav,GTCRN,50082,6780e72a2554c9f282f7e5ddb1a9ea1dc0695098e0bac2358b3b8784acedd90a,70ddaa1993cdf6603edc98b53c818405572aa1f523bc79d7370c739245e5147d,24.098519235870487,3.7558515071868896,0.9980732023812412
p257_197.wav,Noisy,26632,04dc5c28191d5b0efa8342e89772aa878cb98c008d846997bacc0fab437f592a,7ae6bcad308c0f17be6f56d343bb715e3475ba1eb3c48d7c3a8d0662323507c7,10.460968948890061,2.1565375328063965,0.970278081794972
p257_197.wav,RNNoise v0.2,26632,04dc5c28191d5b0efa8342e89772aa878cb98c008d846997bacc0fab437f592a,7ae6bcad308c0f17be6f56d343bb715e3475ba1eb3c48d7c3a8d0662323507c7,15.242214797601525,3.138873338699341,0.9778458636592243
p257_197.wav,GTCRN,26632,04dc5c28191d5b0efa8342e89772aa878cb98c008d846997bacc0fab437f592a,7ae6bcad308c0f17be6f56d343bb715e3475ba1eb3c48d7c3a8d0662323507c7,19.321680710720738,2.421800136566162,0.9733946459880287
p257_198.wav,Noisy,48963,7bcc73c0e9a17e1acc0eaf41c5ba395bab976b832fa6ccd93ad88db94a7d7a49,f3dbfdc960d93f7adc5f339f0d84a33d50aba5a49e3976d9fa096768c97ce642,6.451442710220109,2.5598502159118652,0.9839802762887935
p257_198.wav,RNNoise v0.2,48963,7bcc73c0e9a17e1acc0eaf41c5ba395bab976b832fa6ccd93ad88db94a7d7a49,f3dbfdc960d93f7adc5f339f0d84a33d50aba5a49e3976d9fa096768c97ce642,14.985277253640511,3.2654778957366943,0.9810793142468417
p257_198.wav,GTCRN,48963,7bcc73c0e9a17e1acc0eaf41c5ba395bab976b832fa6ccd93ad88db94a7d7a49,f3dbfdc960d93f7adc5f339f0d84a33d50aba5a49e3976d9fa096768c97ce642,19.189987426133335,3.542189598083496,0.9873890979894545
p257_199.wav,Noisy,67604,66952f94d840095a8b06a32abcdeb7ae3a1827751326d98c338e22fd9f29d586,06fa9aca5006ead4b7cfb4098970864250678ca4eddb4f5580692e2bbf514595,-3.114591271963443,1.106582760810852,0.5600096101689814
p257_199.wav,RNNoise v0.2,67604,66952f94d840095a8b06a32abcdeb7ae3a1827751326d98c338e22fd9f29d586,06fa9aca5006ead4b7cfb4098970864250678ca4eddb4f5580692e2bbf514595,17.097551280905257,2.840330123901367,0.6004282743195433
p257_199.wav,GTCRN,67604,66952f94d840095a8b06a32abcdeb7ae3a1827751326d98c338e22fd9f29d586,06fa9aca5006ead4b7cfb4098970864250678ca4eddb4f5580692e2bbf514595,20.438969033481044,2.693406105041504,0.6106637498149792
p257_200.wav,Noisy,36904,0c921da7efb2d10a9af936867ee8918faccead31593d3bb2c3cb94a77ac05519,66b97deb7f0fdb581a2d59ee2f6189cf6e48442463c6bb01c98fa7d66d2b164e,15.650553499130503,2.3003957271575928,0.9647945573551182
p257_200.wav,RNNoise v0.2,36904,0c921da7efb2d10a9af936867ee8918faccead31593d3bb2c3cb94a77ac05519,66b97deb7f0fdb581a2d59ee2f6189cf6e48442463c6bb01c98fa7d66d2b164e,16.184424382984965,3.045253276824951,0.9738334183055688
p257_200.wav,GTCRN,36904,0c921da7efb2d10a9af936867ee8918faccead31593d3bb2c3cb94a77ac05519,66b97deb7f0fdb581a2d59ee2f6189cf6e48442463c6bb01c98fa7d66d2b164e,21.8999086781846,3.3242499828338623,0.9806156810363963
p257_201.wav,Noisy,33872,bf0a4d755d1d78f23b423fa354b3d43debdaed7df35db38aeacef46ab7b10945,878b4e44aee580a4443ca2e92b093263357274cd5de304f1d6c9ca710427debf,9.87880706221048,1.6756131649017334,0.874251356907544
p257_201.wav,RNNoise v0.2,33872,bf0a4d755d1d78f23b423fa354b3d43debdaed7df35db38aeacef46ab7b10945,878b4e44aee580a4443ca2e92b093263357274cd5de304f1d6c9ca710427debf,15.824298965459548,2.739410877227783,0.9308221666646427
p257_201.wav,GTCRN,33872,bf0a4d755d1d78f23b423fa354b3d43debdaed7df35db38aeacef46ab7b10945,878b4e44aee580a4443ca2e92b093263357274cd5de304f1d6c9ca710427debf,21.069504532682416,2.7830464839935303,0.9117421416803627
p257_202.wav,Noisy,48000,206618dabeceea3b1257732360ed45d0c4208d40ee6a4ca40e505b7f7c9efbfa,49ccf41b9fc59742bd1b5321a4f414c908e7c6844b9d0d5f9607a56b483e60fc,5.695932290891896,1.471951961517334,0.8906200777087915
p257_202.wav,RNNoise v0.2,48000,206618dabeceea3b1257732360ed45d0c4208d40ee6a4ca40e505b7f7c9efbfa,49ccf41b9fc59742bd1b5321a4f414c908e7c6844b9d0d5f9607a56b483e60fc,14.739948277638703,2.7784736156463623,0.9278334977177031
p257_202.wav,GTCRN,48000,206618dabeceea3b1257732360ed45d0c4208d40ee6a4ca40e505b7f7c9efbfa,49ccf41b9fc59742bd1b5321a4f414c908e7c6844b9d0d5f9607a56b483e60fc,17.793900896428273,2.9829041957855225,0.9133270478602072
p257_203.wav,Noisy,32634,6a41b1c1836d91f39808a46177dcc0bd3df5bfe8b0ef06e184e2e02849e9a2a2,396addda2a969afa0cf1da7a6e003a89ecf0ed3287a191eea5e6dbcd4905f672,0.8375719983729103,1.0965826511383057,0.8595304752264874
p257_203.wav,RNNoise v0.2,32634,6a41b1c1836d91f39808a46177dcc0bd3df5bfe8b0ef06e184e2e02849e9a2a2,396addda2a969afa0cf1da7a6e003a89ecf0ed3287a191eea5e6dbcd4905f672,12.56464914635091,1.388780117034912,0.8635128439635863
p257_203.wav,GTCRN,32634,6a41b1c1836d91f39808a46177dcc0bd3df5bfe8b0ef06e184e2e02849e9a2a2,396addda2a969afa0cf1da7a6e003a89ecf0ed3287a191eea5e6dbcd4905f672,15.696662116325097,1.9209072589874268,0.9183850263533596
p257_204.wav,Noisy,25427,89664d9932785e3c51e91ba6aa9569dba8a7cad2ffac0c5982007aa4fead9454,4ade144ba02a772fbb61c96de5dcf75fa156e0a7f5ecab48b05cf48d4f539a44,15.106708071811958,3.458350896835327,0.97452376792334
p257_204.wav,RNNoise v0.2,25427,89664d9932785e3c51e91ba6aa9569dba8a7cad2ffac0c5982007aa4fead9454,4ade144ba02a772fbb61c96de5dcf75fa156e0a7f5ecab48b05cf48d4f539a44,15.595503778217722,3.380070686340332,0.9711249300960759
p257_204.wav,GTCRN,25427,89664d9932785e3c51e91ba6aa9569dba8a7cad2ffac0c5982007aa4fead9454,4ade144ba02a772fbb61c96de5dcf75fa156e0a7f5ecab48b05cf48d4f539a44,19.787675831437724,3.960024833679199,0.977370584834364
p257_205.wav,Noisy,36000,d995c5246fb681ff684db6c4cda424ddd8a318c7c6979f6ec37a913c8dd77a60,65480f151d10c4463719c94af31a69cae1826f60be28dfefef0490348180596f,10.343768451891375,3.0574443340301514,0.9159389658560673
p257_205.wav,RNNoise v0.2,36000,d995c5246fb681ff684db6c4cda424ddd8a318c7c6979f6ec37a913c8dd77a60,65480f151d10c4463719c94af31a69cae1826f60be28dfefef0490348180596f,16.02463023216145,3.491962194442749,0.9149919539825823
p257_205.wav,GTCRN,36000,d995c5246fb681ff684db6c4cda424ddd8a318c7c6979f6ec37a913c8dd77a60,65480f151d10c4463719c94af31a69cae1826f60be28dfefef0490348180596f,19.405532054872435,4.077617645263672,0.9190230296358048
p257_206.wav,Noisy,47460,d6350ec52b18bbacb00cb9fc2fde0940e595aa2391195b2ecf7492c8a62cbd2c,0dad0f85f9c5df04c035260a317ac6a76641c5dbeed8d1b6d17ee72ea404dfe5,6.414219956814417,2.563366651535034,0.9351723322350477
p257_206.wav,RNNoise v0.2,47460,d6350ec52b18bbacb00cb9fc2fde0940e595aa2391195b2ecf7492c8a62cbd2c,0dad0f85f9c5df04c035260a317ac6a76641c5dbeed8d1b6d17ee72ea404dfe5,15.828620768322722,3.247077703475952,0.9547621173014925
p257_206.wav,GTCRN,47460,d6350ec52b18bbacb00cb9fc2fde0940e595aa2391195b2ecf7492c8a62cbd2c,0dad0f85f9c5df04c035260a317ac6a76641c5dbeed8d1b6d17ee72ea404dfe5,20.56986320478544,3.2890005111694336,0.9416590444202096
p257_207.wav,Noisy,56477,7c8aaadee66572045d1659d218210b3c1d45b4536829a8b7f36451b7a22b98b7,8af942d9aa5567d2e500a427b4f3249ae98aadf28bd8b2a99f9f0076acdf5e11,1.5208119155991626,1.4104191064834595,0.9412735449703182
p257_207.wav,RNNoise v0.2,56477,7c8aaadee66572045d1659d218210b3c1d45b4536829a8b7f36451b7a22b98b7,8af942d9aa5567d2e500a427b4f3249ae98aadf28bd8b2a99f9f0076acdf5e11,14.263018327591773,1.878735065460205,0.9231010454842047
p257_207.wav,GTCRN,56477,7c8aaadee66572045d1659d218210b3c1d45b4536829a8b7f36451b7a22b98b7,8af942d9aa5567d2e500a427b4f3249ae98aadf28bd8b2a99f9f0076acdf5e11,18.02992913842522,2.9253218173980713,0.9551445051040435
p257_208.wav,Noisy,28025,d7187b9ab7d04bdf2151e3d7d60f3cca067acabe17c842b361df3af81775ada5,f3795abd7054149e2040e5af747009d0a854a2dd8075dd262b77dd8a254ed989,15.636211686364401,1.1618406772613525,0.8513145525310714
p257_208.wav,RNNoise v0.2,28025,d7187b9ab7d04bdf2151e3d7d60f3cca067acabe17c842b361df3af81775ada5,f3795abd7054149e2040e5af747009d0a854a2dd8075dd262b77dd8a254ed989,14.616744727367799,2.3642449378967285,0.8050630496035937
p257_208.wav,GTCRN,28025,d7187b9ab7d04bdf2151e3d7d60f3cca067acabe17c842b361df3af81775ada5,f3795abd7054149e2040e5af747009d0a854a2dd8075dd262b77dd8a254ed989,19.06020647906821,3.05487322807312,0.901891290240143
p257_209.wav,Noisy,29099,ad1349012b8b7506fc1d6cf530f8a63e9d19bb7190ca04dada212f0952a20a6b,48ec9366748296bf1b1de6844a251f1e96517fbce48fa1a5b4d08e567e062ab2,10.519898805622464,1.6099762916564941,0.8596863324451562
p257_209.wav,RNNoise v0.2,29099,ad1349012b8b7506fc1d6cf530f8a63e9d19bb7190ca04dada212f0952a20a6b,48ec9366748296bf1b1de6844a251f1e96517fbce48fa1a5b4d08e567e062ab2,12.434098779505598,1.787013053894043,0.8285248844709707
p257_209.wav,GTCRN,29099,ad1349012b8b7506fc1d6cf530f8a63e9d19bb7190ca04dada212f0952a20a6b,48ec9366748296bf1b1de6844a251f1e96517fbce48fa1a5b4d08e567e062ab2,16.741512678491542,2.2844479084014893,0.8970459943230644
p257_210.wav,Noisy,40201,648542bb28795bbc58237ceb5341a57b2f8d4d866f803c78537ba2f80ada2a1a,d4770113f8d16bdf7f45aaada683d08edf9e2fb03094e122397357b0f8bb9a43,5.835934020289113,1.1180830001831055,0.8191040994240999
p257_210.wav,RNNoise v0.2,40201,648542bb28795bbc58237ceb5341a57b2f8d4d866f803c78537ba2f80ada2a1a,d4770113f8d16bdf7f45aaada683d08edf9e2fb03094e122397357b0f8bb9a43,13.331927577378856,1.970021367073059,0.8582484237258278
p257_210.wav,GTCRN,40201,648542bb28795bbc58237ceb5341a57b2f8d4d866f803c78537ba2f80ada2a1a,d4770113f8d16bdf7f45aaada683d08edf9e2fb03094e122397357b0f8bb9a43,15.99636856088443,2.1942362785339355,0.8522740847354718
p257_211.wav,Noisy,30783,51e6770cbe3cee16f137741dc4f59497940aa250ed9cffa8bb60675fb0863d91,9f18ca1949a971262d257c12a4125768f3a56e0ac778f532e59bfb76f34888c3,1.1201014480664244,1.1035692691802979,0.7629439546566643
p257_211.wav,RNNoise v0.2,30783,51e6770cbe3cee16f137741dc4f59497940aa250ed9cffa8bb60675fb0863d91,9f18ca1949a971262d257c12a4125768f3a56e0ac778f532e59bfb76f34888c3,6.729429697687631,1.1616719961166382,0.7351838082158078
p257_211.wav,GTCRN,30783,51e6770cbe3cee16f137741dc4f59497940aa250ed9cffa8bb60675fb0863d91,9f18ca1949a971262d257c12a4125768f3a56e0ac778f532e59bfb76f34888c3,8.036451253106492,1.2745872735977173,0.8307373670229232
p257_212.wav,Noisy,41252,e34ffa87666d30cfa94746d9d67c509b1a5323f835401972c51a1dcfc0731e30,4f27631e97b2ad8bae3b8578f3b84b80d70874054b2112ddcc9cdac29ddac4ae,16.834030832288263,1.9097473621368408,0.9687936148019407
p257_212.wav,RNNoise v0.2,41252,e34ffa87666d30cfa94746d9d67c509b1a5323f835401972c51a1dcfc0731e30,4f27631e97b2ad8bae3b8578f3b84b80d70874054b2112ddcc9cdac29ddac4ae,16.871496961794826,2.804771661758423,0.97235609132879
p257_212.wav,GTCRN,41252,e34ffa87666d30cfa94746d9d67c509b1a5323f835401972c51a1dcfc0731e30,4f27631e97b2ad8bae3b8578f3b84b80d70874054b2112ddcc9cdac29ddac4ae,22.121167938272492,2.7387616634368896,0.978868275108062
p257_213.wav,Noisy,27175,012f0e31c97ddeece84ca2fce0512fb539549fa3d337c8c2c2568cba0b3ff2c6,b3b90a7c546d651fd80480e5ed48c02b098aebd0bd2c23849c4a98b625cce4bc,9.622603891692023,1.5481430292129517,0.8880837366881311
p257_213.wav,RNNoise v0.2,27175,012f0e31c97ddeece84ca2fce0512fb539549fa3d337c8c2c2568cba0b3ff2c6,b3b90a7c546d651fd80480e5ed48c02b098aebd0bd2c23849c4a98b625cce4bc,13.21468306614619,1.9107588529586792,0.8965193313022404
p257_213.wav,GTCRN,27175,012f0e31c97ddeece84ca2fce0512fb539549fa3d337c8c2c2568cba0b3ff2c6,b3b90a7c546d651fd80480e5ed48c02b098aebd0bd2c23849c4a98b625cce4bc,15.548202873749455,2.465691566467285,0.9201318887864957
p257_214.wav,Noisy,41700,0d3e379466458be8b7e75f6bd5377ac1b9fd6ff27262828290bde09c191caa54,990f4b0647d2a0a2303d804ffad1790e5de2f6393a0ffd1bfcb4530bad22f60f,6.04205257089952,1.0479530096054077,0.8012188933325867
p257_214.wav,RNNoise v0.2,41700,0d3e379466458be8b7e75f6bd5377ac1b9fd6ff27262828290bde09c191caa54,990f4b0647d2a0a2303d804ffad1790e5de2f6393a0ffd1bfcb4530bad22f60f,12.889148222834784,1.557091236114502,0.878243461741111
p257_214.wav,GTCRN,41700,0d3e379466458be8b7e75f6bd5377ac1b9fd6ff27262828290bde09c191caa54,990f4b0647d2a0a2303d804ffad1790e5de2f6393a0ffd1bfcb4530bad22f60f,14.749439265478587,1.5403032302856445,0.7267406558529137
p257_215.wav,Noisy,31245,26bae24feea67eddf06510d94f5e4a1235cfaf14f354be73a2fd04d42ad7a081,510117c6b2a75a61ea682bee06f653f81f8102045c1a3294787d12525e8d7f2d,1.536951782322964,1.1740812063217163,0.8772454710018242
p257_215.wav,RNNoise v0.2,31245,26bae24feea67eddf06510d94f5e4a1235cfaf14f354be73a2fd04d42ad7a081,510117c6b2a75a61ea682bee06f653f81f8102045c1a3294787d12525e8d7f2d,11.138433121309532,1.4445008039474487,0.8821507422924503
p257_215.wav,GTCRN,31245,26bae24feea67eddf06510d94f5e4a1235cfaf14f354be73a2fd04d42ad7a081,510117c6b2a75a61ea682bee06f653f81f8102045c1a3294787d12525e8d7f2d,12.804354850893347,2.134265422821045,0.9063585506092923
p257_216.wav,Noisy,50212,e17dddec5d0165f03d50e1537a7c1617d69eb97793757d5dc622a9b686e6bebf,7324406989f2886a6e99c09e755648e6d2904fbbd6f0cc65ee662404ff40e407,16.39057874782711,2.9845821857452393,0.9917268425863098
p257_216.wav,RNNoise v0.2,50212,e17dddec5d0165f03d50e1537a7c1617d69eb97793757d5dc622a9b686e6bebf,7324406989f2886a6e99c09e755648e6d2904fbbd6f0cc65ee662404ff40e407,15.035385090294843,3.556083917617798,0.9894083842535872
p257_216.wav,GTCRN,50212,e17dddec5d0165f03d50e1537a7c1617d69eb97793757d5dc622a9b686e6bebf,7324406989f2886a6e99c09e755648e6d2904fbbd6f0cc65ee662404ff40e407,19.80223595726685,3.726289987564087,0.9943709228181244
p257_217.wav,Noisy,43769,d5ea9c798e7ba78e8f0adbff86cfbe08d1143d9f69b7de73df9ce03fde78df9e,95898de809857d57ffab5040770129a00d4f34122d21e1059555423977379441,11.457444078411172,2.6874096393585205,0.9836753218982675
p257_217.wav,RNNoise v0.2,43769,d5ea9c798e7ba78e8f0adbff86cfbe08d1143d9f69b7de73df9ce03fde78df9e,95898de809857d57ffab5040770129a00d4f34122d21e1059555423977379441,15.604832301775339,3.6793549060821533,0.9906376552216366
p257_217.wav,GTCRN,43769,d5ea9c798e7ba78e8f0adbff86cfbe08d1143d9f69b7de73df9ce03fde78df9e,95898de809857d57ffab5040770129a00d4f34122d21e1059555423977379441,19.94257208697124,3.0858964920043945,0.9883492327873358
p257_218.wav,Noisy,36294,90db2984aef64229a053abbc7e56ab885c0b1a2e5d16aba0e9c1f7536df20829,7cdfa845a51a4739a1799c0815a811aa1e459f4715590ded1cd3712da127572d,6.0128674979489505,2.040783405303955,0.9356314127587833
p257_218.wav,RNNoise v0.2,36294,90db2984aef64229a053abbc7e56ab885c0b1a2e5d16aba0e9c1f7536df20829,7cdfa845a51a4739a1799c0815a811aa1e459f4715590ded1cd3712da127572d,15.14905072934331,2.822911500930786,0.9312032899609853
p257_218.wav,GTCRN,36294,90db2984aef64229a053abbc7e56ab885c0b1a2e5d16aba0e9c1f7536df20829,7cdfa845a51a4739a1799c0815a811aa1e459f4715590ded1cd3712da127572d,20.00091817690482,2.3652913570404053,0.9430363829143252
p257_219.wav,Noisy,48521,eba08514724b0bf56a3d6ed9952078271ad3fa023341dba2af830dd3e6b12853,92d60cbdcb3fc7173cfa346bb1bfad19116eaa9f7de01df18ab908f3efe7d240,2.118045348067862,1.7165558338165283,0.949332594947368
p257_219.wav,RNNoise v0.2,48521,eba08514724b0bf56a3d6ed9952078271ad3fa023341dba2af830dd3e6b12853,92d60cbdcb3fc7173cfa346bb1bfad19116eaa9f7de01df18ab908f3efe7d240,13.207909154676134,2.3467471599578857,0.9593209364548948
p257_219.wav,GTCRN,48521,eba08514724b0bf56a3d6ed9952078271ad3fa023341dba2af830dd3e6b12853,92d60cbdcb3fc7173cfa346bb1bfad19116eaa9f7de01df18ab908f3efe7d240,16.74022170001525,2.420297384262085,0.9591105295386351
p257_220.wav,Noisy,29546,997db4a4c1e65c24081ffdfed358b878e3775c8dafc1c7cd3b7152c47db23765,a4e56dbe2c9a54aa2e4b63286ce77026dbd8e878d629d7c22063b0fbd2d8c8e0,14.948965121647017,2.224217176437378,0.9542455600871613
p257_220.wav,RNNoise v0.2,29546,997db4a4c1e65c24081ffdfed358b878e3775c8dafc1c7cd3b7152c47db23765,a4e56dbe2c9a54aa2e4b63286ce77026dbd8e878d629d7c22063b0fbd2d8c8e0,16.192928608260807,2.889941930770874,0.9674644177550406
p257_220.wav,GTCRN,29546,997db4a4c1e65c24081ffdfed358b878e3775c8dafc1c7cd3b7152c47db23765,a4e56dbe2c9a54aa2e4b63286ce77026dbd8e878d629d7c22063b0fbd2d8c8e0,20.565933556355574,3.209127902984619,0.9614424990585446
p257_221.wav,Noisy,32472,110b8cd0dd6cf14e6fc691c26cbd4b6d184068827a9b1600019e15f6f8ea57c9,1a70b89fe933fa0696058280207f5cb0052e91951d673ec4b5f14b83b1011694,11.52414528647881,1.5427281856536865,0.9425725796807263
p257_221.wav,RNNoise v0.2,32472,110b8cd0dd6cf14e6fc691c26cbd4b6d184068827a9b1600019e15f6f8ea57c9,1a70b89fe933fa0696058280207f5cb0052e91951d673ec4b5f14b83b1011694,13.041703462484922,2.371443510055542,0.889868428403951
p257_221.wav,GTCRN,32472,110b8cd0dd6cf14e6fc691c26cbd4b6d184068827a9b1600019e15f6f8ea57c9,1a70b89fe933fa0696058280207f5cb0052e91951d673ec4b5f14b83b1011694,16.42287320681961,3.4672813415527344,0.9638408478627682
p257_222.wav,Noisy,37136,4747bb9578054ef698104c5d3725e1651097e451224813acb6fb5f34630548b2,0a5edf2cde22fa9fb81e2c01ea39ed42b3a41cdb7110a7ed499cabc89c00d6ab,5.809422096986301,1.3004114627838135,0.8435170316672894
p257_222.wav,RNNoise v0.2,37136,4747bb9578054ef698104c5d3725e1651097e451224813acb6fb5f34630548b2,0a5edf2cde22fa9fb81e2c01ea39ed42b3a41cdb7110a7ed499cabc89c00d6ab,13.219008857860054,1.962691068649292,0.8814343101017262
p257_222.wav,GTCRN,37136,4747bb9578054ef698104c5d3725e1651097e451224813acb6fb5f34630548b2,0a5edf2cde22fa9fb81e2c01ea39ed42b3a41cdb7110a7ed499cabc89c00d6ab,15.00591745108325,2.8101587295532227,0.9073150786188462
p257_223.wav,Noisy,68009,703bc59064ac9743c3dae8d814223f2027d015d5111eea43661bf3096a577055,e790d0caf8b06fb0a17fcbc4d4994c2990a7b27a7e743572aae900ae5edb1bce,1.7475077091014224,1.2170623540878296,0.9076631473080344
p257_223.wav,RNNoise v0.2,68009,703bc59064ac9743c3dae8d814223f2027d015d5111eea43661bf3096a577055,e790d0caf8b06fb0a17fcbc4d4994c2990a7b27a7e743572aae900ae5edb1bce,12.73023099486881,2.128023386001587,0.9443474695385148
p257_223.wav,GTCRN,68009,703bc59064ac9743c3dae8d814223f2027d015d5111eea43661bf3096a577055,e790d0caf8b06fb0a17fcbc4d4994c2990a7b27a7e743572aae900ae5edb1bce,16.1824930572331,2.7434232234954834,0.9346218879845362
p257_224.wav,Noisy,49196,4e92950d467c39da2fa6eca4364f68be71f49793d88995961bc4ddde7fbbce6c,052f42364d51221670fec111bc6e6bea3ab496b3861abc112d10b4e16d3d42ed,16.794791740327952,3.943916082382202,0.9993806685748021
p257_224.wav,RNNoise v0.2,49196,4e92950d467c39da2fa6eca4364f68be71f49793d88995961bc4ddde7fbbce6c,052f42364d51221670fec111bc6e6bea3ab496b3861abc112d10b4e16d3d42ed,14.601388279121592,3.6269643306732178,0.997255492032668
p257_224.wav,GTCRN,49196,4e92950d467c39da2fa6eca4364f68be71f49793d88995961bc4ddde7fbbce6c,052f42364d51221670fec111bc6e6bea3ab496b3861abc112d10b4e16d3d42ed,18.725245657007942,4.2018585205078125,0.9991938446243747
p257_225.wav,Noisy,36445,d7c8247f25d5751c1bb739ba84f12ef728573ecfc7a8df10d0649c2ad0ca5931,50e5cd776868864dce97d89047a2f786194148ce60e236a68f04f855981cabc7,11.536031273674688,3.349348306655884,0.9881302307633941
p257_225.wav,RNNoise v0.2,36445,d7c8247f25d5751c1bb739ba84f12ef728573ecfc7a8df10d0649c2ad0ca5931,50e5cd776868864dce97d89047a2f786194148ce60e236a68f04f855981cabc7,14.737137531110822,3.4750566482543945,0.9850832425792223
p257_225.wav,GTCRN,36445,d7c8247f25d5751c1bb739ba84f12ef728573ecfc7a8df10d0649c2ad0ca5931,50e5cd776868864dce97d89047a2f786194148ce60e236a68f04f855981cabc7,19.854505232954075,3.646461248397827,0.9904526784455466
p257_226.wav,Noisy,31747,2c43c4a2b8fc612c15fe07e9ad2a8627ab8e8bf26f36037f6f78e8d6275e0fed,79d23f1878123c8765b65b19dca0042f5a8b0b004bee993f219b36d4c0e7be1f,5.752991676673307,2.627403497695923,0.9723391250390365
p257_226.wav,RNNoise v0.2,31747,2c43c4a2b8fc612c15fe07e9ad2a8627ab8e8bf26f36037f6f78e8d6275e0fed,79d23f1878123c8765b65b19dca0042f5a8b0b004bee993f219b36d4c0e7be1f,15.19241088905101,2.912827491760254,0.9236479569604868
p257_226.wav,GTCRN,31747,2c43c4a2b8fc612c15fe07e9ad2a8627ab8e8bf26f36037f6f78e8d6275e0fed,79d23f1878123c8765b65b19dca0042f5a8b0b004bee993f219b36d4c0e7be1f,18.8566025666343,3.462324380874634,0.9867147053846633
p257_227.wav,Noisy,28064,7c85a2feed1209662d7c5ba89e5a10e454eea2216c6a5e984d977e28a5dca9c0,97632b0a0c39a5d9b83a0a7a5e8b57edfc9ba69791f22ce33d7627c27db0b5a2,0.6446817879063969,2.3118832111358643,0.8316074205494055
p257_227.wav,RNNoise v0.2,28064,7c85a2feed1209662d7c5ba89e5a10e454eea2216c6a5e984d977e28a5dca9c0,97632b0a0c39a5d9b83a0a7a5e8b57edfc9ba69791f22ce33d7627c27db0b5a2,13.21243824030847,3.041386604309082,0.8525384366252611
p257_227.wav,GTCRN,28064,7c85a2feed1209662d7c5ba89e5a10e454eea2216c6a5e984d977e28a5dca9c0,97632b0a0c39a5d9b83a0a7a5e8b57edfc9ba69791f22ce33d7627c27db0b5a2,18.442284143039522,3.3191075325012207,0.8237532382224697
p257_228.wav,Noisy,25964,293a2577d24078121dbc65ef9c00d06ea18098c5a9629e5ca0d5cecc555d2d7a,67e901779598e024f4926e25dc287ebdd69deeba5fd387a4a20ec366ef530cbc,15.85010450384326,2.674039602279663,0.8763649523346727
p257_228.wav,RNNoise v0.2,25964,293a2577d24078121dbc65ef9c00d06ea18098c5a9629e5ca0d5cecc555d2d7a,67e901779598e024f4926e25dc287ebdd69deeba5fd387a4a20ec366ef530cbc,13.314899557355863,2.593705177307129,0.840666169412895
p257_228.wav,GTCRN,25964,293a2577d24078121dbc65ef9c00d06ea18098c5a9629e5ca0d5cecc555d2d7a,67e901779598e024f4926e25dc287ebdd69deeba5fd387a4a20ec366ef530cbc,18.224953733446423,3.7033166885375977,0.8774932012547355
p257_229.wav,Noisy,35067,ad64592f7a04b2f291f339ec5830cf9338bd19a57c3ae37ec351ee17f3734f24,35769d620759cfce8505df47d60d7b9eaa6a81b352dce85826a339571c203531,10.75890679143788,1.1244267225265503,0.8318918957910472
p257_229.wav,RNNoise v0.2,35067,ad64592f7a04b2f291f339ec5830cf9338bd19a57c3ae37ec351ee17f3734f24,35769d620759cfce8505df47d60d7b9eaa6a81b352dce85826a339571c203531,14.521996602207334,1.9677271842956543,0.8320312109855454
p257_229.wav,GTCRN,35067,ad64592f7a04b2f291f339ec5830cf9338bd19a57c3ae37ec351ee17f3734f24,35769d620759cfce8505df47d60d7b9eaa6a81b352dce85826a339571c203531,18.162132322484812,2.4093260765075684,0.881351061967222
p257_230.wav,Noisy,52196,142c6944a326a1eed3fd71dec7bab1bee439dd3b75bac9a71310328986c37124,4d5e5530b7f849eb69523cddbf6735ecb31d8f96155c4e34596a4fedeec446eb,6.311574739507413,1.2459694147109985,0.8400967293928547
p257_230.wav,RNNoise v0.2,52196,142c6944a326a1eed3fd71dec7bab1bee439dd3b75bac9a71310328986c37124,4d5e5530b7f849eb69523cddbf6735ecb31d8f96155c4e34596a4fedeec446eb,11.208966051380935,1.571274757385254,0.8375697369056039
p257_230.wav,GTCRN,52196,142c6944a326a1eed3fd71dec7bab1bee439dd3b75bac9a71310328986c37124,4d5e5530b7f849eb69523cddbf6735ecb31d8f96155c4e34596a4fedeec446eb,13.646815272537715,2.017960548400879,0.8927541663857714
p257_231.wav,Noisy,50539,2c665f61eb4500a25c5c53e82ffee78fd2779c8953ee3a8583f79d07ebd26f61,6016b75d63511e240e14f18731ad1d2f59d5364db83b37a3bf59541ba53e6953,1.5419663010367426,1.0658460855484009,0.7638101265447637
p257_231.wav,RNNoise v0.2,50539,2c665f61eb4500a25c5c53e82ffee78fd2779c8953ee3a8583f79d07ebd26f61,6016b75d63511e240e14f18731ad1d2f59d5364db83b37a3bf59541ba53e6953,8.033551191815247,1.282225489616394,0.8435623466345668
p257_231.wav,GTCRN,50539,2c665f61eb4500a25c5c53e82ffee78fd2779c8953ee3a8583f79d07ebd26f61,6016b75d63511e240e14f18731ad1d2f59d5364db83b37a3bf59541ba53e6953,12.034730083073214,1.5636391639709473,0.8507766774508345
p257_232.wav,Noisy,59923,7bee11b3bea470770796dbd0df1fd517c86a186e0191ff39829c49287fabb4d4,db1fa6bbb1b94f59b90367525bafe76880105fdd3bd20897606ae0d0854ecdba,16.818335907101755,2.002619743347168,0.9713060614055902
p257_232.wav,RNNoise v0.2,59923,7bee11b3bea470770796dbd0df1fd517c86a186e0191ff39829c49287fabb4d4,db1fa6bbb1b94f59b90367525bafe76880105fdd3bd20897606ae0d0854ecdba,14.589574350421424,2.4039251804351807,0.9681299110669149
p257_232.wav,GTCRN,59923,7bee11b3bea470770796dbd0df1fd517c86a186e0191ff39829c49287fabb4d4,db1fa6bbb1b94f59b90367525bafe76880105fdd3bd20897606ae0d0854ecdba,19.96517408692398,3.0156617164611816,0.9731742517934563
p257_233.wav,Noisy,38298,c50f0338a445c122a41fa53a555095ab1b3a4020ff6bd4979d509da7a521032a,2cd4f25b508af9469e7bcd8d6f448623448706d76b8ffb1b0ae73052b21202a7,10.729562390635607,1.655890703201294,0.9002546632217342
p257_233.wav,RNNoise v0.2,38298,c50f0338a445c122a41fa53a555095ab1b3a4020ff6bd4979d509da7a521032a,2cd4f25b508af9469e7bcd8d6f448623448706d76b8ffb1b0ae73052b21202a7,14.05172984896912,2.867528200149536,0.9375919339422893
p257_233.wav,GTCRN,38298,c50f0338a445c122a41fa53a555095ab1b3a4020ff6bd4979d509da7a521032a,2cd4f25b508af9469e7bcd8d6f448623448706d76b8ffb1b0ae73052b21202a7,17.730046226145916,3.373199701309204,0.9390019141603471
p257_234.wav,Noisy,55420,8141433343370ae74eb2146d79f0243eb1daa5f8886baef4e587c14311084812,c6274c21bbc2dc979f756121264ba9e6325169196f6fed1d3ccca5c443ebac4a,6.949444722614981,1.1166348457336426,0.9144794710244919
p257_234.wav,RNNoise v0.2,55420,8141433343370ae74eb2146d79f0243eb1daa5f8886baef4e587c14311084812,c6274c21bbc2dc979f756121264ba9e6325169196f6fed1d3ccca5c443ebac4a,12.122148985643763,1.6354234218597412,0.903962363547258
p257_234.wav,GTCRN,55420,8141433343370ae74eb2146d79f0243eb1daa5f8886baef4e587c14311084812,c6274c21bbc2dc979f756121264ba9e6325169196f6fed1d3ccca5c443ebac4a,15.514508299436496,2.2760963439941406,0.948243822848425
p257_235.wav,Noisy,36050,f4405cf8b4ec746511680ab212fd55b8a9d9fc86c0047ed9815054b48fd2f4fb,636998c9c36eff7cbdf5570e4991fe01c5b02c7307b937eefe1b818440bc3c83,0.9222046699765651,1.0930286645889282,0.8568054844172963
p257_235.wav,RNNoise v0.2,36050,f4405cf8b4ec746511680ab212fd55b8a9d9fc86c0047ed9815054b48fd2f4fb,636998c9c36eff7cbdf5570e4991fe01c5b02c7307b937eefe1b818440bc3c83,9.703533389872414,1.2401186227798462,0.8718663392060526
p257_235.wav,GTCRN,36050,f4405cf8b4ec746511680ab212fd55b8a9d9fc86c0047ed9815054b48fd2f4fb,636998c9c36eff7cbdf5570e4991fe01c5b02c7307b937eefe1b818440bc3c83,13.07187784031319,1.6423991918563843,0.9032139158895268
p257_236.wav,Noisy,56939,3b00d38c6248b3641ec08a4d7dc4305046e637712ee78d1621e770300a93e975,bbf9df3f0896c979e3fa0257d8c899153f46ed4a99bdee41da577f53634e681a,16.419090244062826,3.641575813293457,0.9675040382106781
p257_236.wav,RNNoise v0.2,56939,3b00d38c6248b3641ec08a4d7dc4305046e637712ee78d1621e770300a93e975,bbf9df3f0896c979e3fa0257d8c899153f46ed4a99bdee41da577f53634e681a,15.847177593541886,3.507997512817383,0.9650371473741755
p257_236.wav,GTCRN,56939,3b00d38c6248b3641ec08a4d7dc4305046e637712ee78d1621e770300a93e975,bbf9df3f0896c979e3fa0257d8c899153f46ed4a99bdee41da577f53634e681a,22.036735548885865,4.204995632171631,0.9739342840841227
p257_237.wav,Noisy,53371,c750f94f46ef143cf4b9737348847edbef49389e35cbd68662a078a7f46f3e0f,f26bb165d78b1f0bba21c3eb41b785cd4a1eafba8b7ddfdac5dfba3878bcdbe1,11.566351863286748,2.8734896183013916,0.9899017865757447
p257_237.wav,RNNoise v0.2,53371,c750f94f46ef143cf4b9737348847edbef49389e35cbd68662a078a7f46f3e0f,f26bb165d78b1f0bba21c3eb41b785cd4a1eafba8b7ddfdac5dfba3878bcdbe1,16.314397789131093,3.1576650142669678,0.9761277540458942
p257_237.wav,GTCRN,53371,c750f94f46ef143cf4b9737348847edbef49389e35cbd68662a078a7f46f3e0f,f26bb165d78b1f0bba21c3eb41b785cd4a1eafba8b7ddfdac5dfba3878bcdbe1,21.23329003195017,3.9012036323547363,0.9902465758985466
p257_238.wav,Noisy,33825,a88f62a291c80859b9c3f10ba6bd7093f13dfee69c768c33745d4425fd936751,e0c3d5537aa4525cbca8991596af914095663b1010106569bc5fb89d92132736,5.607710136476505,2.0782582759857178,0.9605110598726322
p257_238.wav,RNNoise v0.2,33825,a88f62a291c80859b9c3f10ba6bd7093f13dfee69c768c33745d4425fd936751,e0c3d5537aa4525cbca8991596af914095663b1010106569bc5fb89d92132736,15.491777533078041,3.2918202877044678,0.9618413453854602
p257_238.wav,GTCRN,33825,a88f62a291c80859b9c3f10ba6bd7093f13dfee69c768c33745d4425fd936751,e0c3d5537aa4525cbca8991596af914095663b1010106569bc5fb89d92132736,20.63588116394444,3.0609629154205322,0.9740053379259027
p257_239.wav,Noisy,31953,4ce460c43c00af0f8cd21a30807ebc321cc21f799bc309ed9b1b75b801d8f657,4eef899d180b12a382e8f91af76d10afd8e2458c4354f3e89910b47cf92b30ce,0.8435215906463495,1.1749398708343506,0.9264359259881462
p257_239.wav,RNNoise v0.2,31953,4ce460c43c00af0f8cd21a30807ebc321cc21f799bc309ed9b1b75b801d8f657,4eef899d180b12a382e8f91af76d10afd8e2458c4354f3e89910b47cf92b30ce,14.342653170449795,1.4995954036712646,0.9082750724474687
p257_239.wav,GTCRN,31953,4ce460c43c00af0f8cd21a30807ebc321cc21f799bc309ed9b1b75b801d8f657,4eef899d180b12a382e8f91af76d10afd8e2458c4354f3e89910b47cf92b30ce,18.521462591052718,2.2407546043395996,0.9516381393227809
p257_240.wav,Noisy,46874,4bf0622b4c50185dd3b30056039cba147597672901e3d4712e220977117319fa,f1140fd5fbb6b16fc9bd33debac13e19b28ec9f3877dfdef6e9280f5e834366e,16.71415376961506,1.9947528839111328,0.898248134724703
p257_240.wav,RNNoise v0.2,46874,4bf0622b4c50185dd3b30056039cba147597672901e3d4712e220977117319fa,f1140fd5fbb6b16fc9bd33debac13e19b28ec9f3877dfdef6e9280f5e834366e,14.948729417683381,2.949409008026123,0.9264149093533827
p257_240.wav,GTCRN,46874,4bf0622b4c50185dd3b30056039cba147597672901e3d4712e220977117319fa,f1140fd5fbb6b16fc9bd33debac13e19b28ec9f3877dfdef6e9280f5e834366e,20.01447260635881,2.987421751022339,0.904351941992792
p257_241.wav,Noisy,25792,20206c30e8e21bdcbc421b0e7039eabf395a94113eb2f83e23d9957e6abbdd0e,bd5b14ad6ac58c84892006980092582bb086bb783d391622d4635913b008ae14,10.38561140227217,1.1443486213684082,0.9695167337439851
p257_241.wav,RNNoise v0.2,25792,20206c30e8e21bdcbc421b0e7039eabf395a94113eb2f83e23d9957e6abbdd0e,bd5b14ad6ac58c84892006980092582bb086bb783d391622d4635913b008ae14,13.98198883743257,1.2987465858459473,0.9622932025027646
p257_241.wav,GTCRN,25792,20206c30e8e21bdcbc421b0e7039eabf395a94113eb2f83e23d9957e6abbdd0e,bd5b14ad6ac58c84892006980092582bb086bb783d391622d4635913b008ae14,17.333852914211917,2.785148859024048,0.9773825450698264
p257_242.wav,Noisy,49037,662711f2401485ef84467f003946131d8dccd923c73a0d99dd423639018d0b25,82a9839eed7660f5bef8b4cd592655f44cdf7b0edc4ba702c6e37e9bbd007f29,6.518037691270504,1.2012232542037964,0.9201421706632126
p257_242.wav,RNNoise v0.2,49037,662711f2401485ef84467f003946131d8dccd923c73a0d99dd423639018d0b25,82a9839eed7660f5bef8b4cd592655f44cdf7b0edc4ba702c6e37e9bbd007f29,14.825407879027598,1.9533555507659912,0.9097593142481984
p257_242.wav,GTCRN,49037,662711f2401485ef84467f003946131d8dccd923c73a0d99dd423639018d0b25,82a9839eed7660f5bef8b4cd592655f44cdf7b0edc4ba702c6e37e9bbd007f29,18.269002360523764,2.561551809310913,0.9382855521017197
p257_243.wav,Noisy,34752,372d934153c777114c602fa550216cd7874f40260b9f9c0c2dd0bb243ed89fd5,5495b0b91842cecfd1b93bf7df7438a58b865ab878bd80b87cfb7c4d61571caa,1.2459351970496275,1.1470414400100708,0.9345387884419717
p257_243.wav,RNNoise v0.2,34752,372d934153c777114c602fa550216cd7874f40260b9f9c0c2dd0bb243ed89fd5,5495b0b91842cecfd1b93bf7df7438a58b865ab878bd80b87cfb7c4d61571caa,12.257701068218838,1.450270414352417,0.8814803068627755
p257_243.wav,GTCRN,34752,372d934153c777114c602fa550216cd7874f40260b9f9c0c2dd0bb243ed89fd5,5495b0b91842cecfd1b93bf7df7438a58b865ab878bd80b87cfb7c4d61571caa,17.12009849786848,2.163734197616577,0.9279351911905214
p257_244.wav,Noisy,41723,c99efbb519448c69d9fe6dcceb6dbe8c903038165aceb07c417dbf733b34a4ce,48116ee5c13aa57d8ed209ab3a5aabdcf07eb0d0df841b4254258c445b1b9d7a,16.293862754528096,3.6442673206329346,0.9961254555545258
p257_244.wav,RNNoise v0.2,41723,c99efbb519448c69d9fe6dcceb6dbe8c903038165aceb07c417dbf733b34a4ce,48116ee5c13aa57d8ed209ab3a5aabdcf07eb0d0df841b4254258c445b1b9d7a,16.687224338588813,3.4455153942108154,0.9935373258108148
p257_244.wav,GTCRN,41723,c99efbb519448c69d9fe6dcceb6dbe8c903038165aceb07c417dbf733b34a4ce,48116ee5c13aa57d8ed209ab3a5aabdcf07eb0d0df841b4254258c445b1b9d7a,21.865627025988076,4.008327007293701,0.9949884386197179
p257_245.wav,Noisy,45286,37404b569432dfaad5900e57b646cfde1048781f97ce8ebb5f8d4bc9b4f243e9,4202fe5ab40f52fb41f5b4996f7d4d56665ca0919ef022c1872ec3a2a9398919,11.425129116658956,1.57051420211792,0.9736200841740604
p257_245.wav,RNNoise v0.2,45286,37404b569432dfaad5900e57b646cfde1048781f97ce8ebb5f8d4bc9b4f243e9,4202fe5ab40f52fb41f5b4996f7d4d56665ca0919ef022c1872ec3a2a9398919,15.991435806543073,1.6580379009246826,0.9555153496754474
p257_245.wav,GTCRN,45286,37404b569432dfaad5900e57b646cfde1048781f97ce8ebb5f8d4bc9b4f243e9,4202fe5ab40f52fb41f5b4996f7d4d56665ca0919ef022c1872ec3a2a9398919,20.586686230740874,1.9338271617889404,0.9681795469895355
p257_246.wav,Noisy,42705,d3845382caa2a2395d6be6fbaf5f5a11dece06d593ec451b8f633955e92840ab,72eed5024ad82bc38b1a4565b193e900164cad80bee1853d05e1423bdc824c67,6.314451230892093,1.3753750324249268,0.9464523882537141
p257_246.wav,RNNoise v0.2,42705,d3845382caa2a2395d6be6fbaf5f5a11dece06d593ec451b8f633955e92840ab,72eed5024ad82bc38b1a4565b193e900164cad80bee1853d05e1423bdc824c67,15.448147647209677,2.6665656566619873,0.9734547119097611
p257_246.wav,GTCRN,42705,d3845382caa2a2395d6be6fbaf5f5a11dece06d593ec451b8f633955e92840ab,72eed5024ad82bc38b1a4565b193e900164cad80bee1853d05e1423bdc824c67,20.37922129560076,3.0357680320739746,0.970476674160417
p257_247.wav,Noisy,49439,efa8340318bacf34925cf271713b6ae233d9e6f2cc44d6ebbcf5772fdf256c49,fad0ca16d400e51d5924c49d837e63ae801d0342cbbe904a238b6e00f25f1c82,1.3639503322803583,1.6059348583221436,0.8890230968134314
p257_247.wav,RNNoise v0.2,49439,efa8340318bacf34925cf271713b6ae233d9e6f2cc44d6ebbcf5772fdf256c49,fad0ca16d400e51d5924c49d837e63ae801d0342cbbe904a238b6e00f25f1c82,12.716319526195017,2.1996045112609863,0.8902444672373389
p257_247.wav,GTCRN,49439,efa8340318bacf34925cf271713b6ae233d9e6f2cc44d6ebbcf5772fdf256c49,fad0ca16d400e51d5924c49d837e63ae801d0342cbbe904a238b6e00f25f1c82,15.970858914512549,2.5609099864959717,0.9211837996951809
p257_248.wav,Noisy,50226,daccd00b66ea9e0e5b1f9458ccbd9dd58d48a5e4ce5c5b9203db9bffab30614c,f59a6dceea68d04c4e33b6aea187ae7ea838fef71edf0f704edeea39d45e1de3,16.439795461853755,2.8210439682006836,0.9811707846485701
p257_248.wav,RNNoise v0.2,50226,daccd00b66ea9e0e5b1f9458ccbd9dd58d48a5e4ce5c5b9203db9bffab30614c,f59a6dceea68d04c4e33b6aea187ae7ea838fef71edf0f704edeea39d45e1de3,17.615231478231184,3.1848249435424805,0.9471751347262096
p257_248.wav,GTCRN,50226,daccd00b66ea9e0e5b1f9458ccbd9dd58d48a5e4ce5c5b9203db9bffab30614c,f59a6dceea68d04c4e33b6aea187ae7ea838fef71edf0f704edeea39d45e1de3,23.698714793813558,3.7265992164611816,0.9884791738238322
p257_249.wav,Noisy,25646,da47ffdefdf772b28dc9e1d0a47d25ecb33edfc1a88ffc40cd935de0933ae087,1426acef89eb7e67e20f46187bee6c5099366d76ebc8d00cb150090270f0300a,10.41630116468886,1.5814073085784912,0.9406064913225092
p257_249.wav,RNNoise v0.2,25646,da47ffdefdf772b28dc9e1d0a47d25ecb33edfc1a88ffc40cd935de0933ae087,1426acef89eb7e67e20f46187bee6c5099366d76ebc8d00cb150090270f0300a,12.868928220290467,1.6331214904785156,0.8533353012096266
p257_249.wav,GTCRN,25646,da47ffdefdf772b28dc9e1d0a47d25ecb33edfc1a88ffc40cd935de0933ae087,1426acef89eb7e67e20f46187bee6c5099366d76ebc8d00cb150090270f0300a,16.334236496073807,2.659769058227539,0.9378010121348709
p257_250.wav,Noisy,41180,cb94647fb382865a580272d6fe9013e1cf075458f9a6e9cbec8466faa49f3e08,13f1ebd7fd045eb8296b4d9ae0abd83c5fd881a17ce4a151668127595255d770,6.082435482596706,1.22181236743927,0.9237834303262406
p257_250.wav,RNNoise v0.2,41180,cb94647fb382865a580272d6fe9013e1cf075458f9a6e9cbec8466faa49f3e08,13f1ebd7fd045eb8296b4d9ae0abd83c5fd881a17ce4a151668127595255d770,14.610268108410661,2.107213258743286,0.9413882982856546
p257_250.wav,GTCRN,41180,cb94647fb382865a580272d6fe9013e1cf075458f9a6e9cbec8466faa49f3e08,13f1ebd7fd045eb8296b4d9ae0abd83c5fd881a17ce4a151668127595255d770,17.934600941420847,2.8979947566986084,0.961241843734599
p257_251.wav,Noisy,48788,2d9096f984478f4798b4da46fcc9322a13500da8a2c9025d7aecb4e6dd53e355,1ce372a57f185d520a101571e5ea8ddd6330f088bbae51d4ad3c1c78285d5c5b,1.7045472900964544,1.1054847240447998,0.8771771410568907
p257_251.wav,RNNoise v0.2,48788,2d9096f984478f4798b4da46fcc9322a13500da8a2c9025d7aecb4e6dd53e355,1ce372a57f185d520a101571e5ea8ddd6330f088bbae51d4ad3c1c78285d5c5b,12.015824793998371,1.5137300491333008,0.8637427188821319
p257_251.wav,GTCRN,48788,2d9096f984478f4798b4da46fcc9322a13500da8a2c9025d7aecb4e6dd53e355,1ce372a57f185d520a101571e5ea8ddd6330f088bbae51d4ad3c1c78285d5c5b,14.572902653963897,1.6664537191390991,0.9100954581843766
p257_252.wav,Noisy,33726,09c35e260c1fc9cdfbf51aa1d12a077b20f9401f8a6ae798aaac6a7c1532aae0,b6f1a2181adcd575bc1265ebfa440439cf785f14eb58a46c9490068530fd06e2,15.754356925897177,1.7793028354644775,0.8699976485087718
p257_252.wav,RNNoise v0.2,33726,09c35e260c1fc9cdfbf51aa1d12a077b20f9401f8a6ae798aaac6a7c1532aae0,b6f1a2181adcd575bc1265ebfa440439cf785f14eb58a46c9490068530fd06e2,15.06110364785634,2.426304578781128,0.9181329456930869
p257_252.wav,GTCRN,33726,09c35e260c1fc9cdfbf51aa1d12a077b20f9401f8a6ae798aaac6a7c1532aae0,b6f1a2181adcd575bc1265ebfa440439cf785f14eb58a46c9490068530fd06e2,19.18068000727558,3.0670392513275146,0.9379113061213822
p257_253.wav,Noisy,44988,159439ff47dfd9f770461cfe19d6bfc71a3e70807aa70d2001afa90d547ce00e,e233206803286c39e31fbccdee2ae409d842c21c1beb0707fce422e8598bf2a7,11.265701769756248,1.471635103225708,0.9224129672265357
p257_253.wav,RNNoise v0.2,44988,159439ff47dfd9f770461cfe19d6bfc71a3e70807aa70d2001afa90d547ce00e,e233206803286c39e31fbccdee2ae409d842c21c1beb0707fce422e8598bf2a7,14.08197625408685,1.811180830001831,0.8676169311591112
p257_253.wav,GTCRN,44988,159439ff47dfd9f770461cfe19d6bfc71a3e70807aa70d2001afa90d547ce00e,e233206803286c39e31fbccdee2ae409d842c21c1beb0707fce422e8598bf2a7,17.351670211642297,2.359839916229248,0.937915397902194
p257_254.wav,Noisy,34723,d7e349d4ceea2a58632df083a818aeb0606ea7616e1df11ba90dc47294214404,9a6d41a981305023b8c28f1a793c6eb19a1b03575a80f9d0930dfd6d7961e5ac,6.762251750036007,1.2668455839157104,0.8906905974468295
p257_254.wav,RNNoise v0.2,34723,d7e349d4ceea2a58632df083a818aeb0606ea7616e1df11ba90dc47294214404,9a6d41a981305023b8c28f1a793c6eb19a1b03575a80f9d0930dfd6d7961e5ac,11.296214267642668,2.2397289276123047,0.9358730691610909
p257_254.wav,GTCRN,34723,d7e349d4ceea2a58632df083a818aeb0606ea7616e1df11ba90dc47294214404,9a6d41a981305023b8c28f1a793c6eb19a1b03575a80f9d0930dfd6d7961e5ac,13.289960490915572,2.201958179473877,0.9134974153911686
p257_255.wav,Noisy,38906,5bd61f728226c04ee23b5ab9bdac9b3acfedab94ecfe3c763e0b50d42c9454ef,632691fbe5b1cc61623b4e5e81f96fa73f9bb6bcf83326b71972f569d27fa453,1.0489362127184927,1.1757105588912964,0.8223669156834601
p257_255.wav,RNNoise v0.2,38906,5bd61f728226c04ee23b5ab9bdac9b3acfedab94ecfe3c763e0b50d42c9454ef,632691fbe5b1cc61623b4e5e81f96fa73f9bb6bcf83326b71972f569d27fa453,11.923920407933085,1.765936017036438,0.8849664285162359
p257_255.wav,GTCRN,38906,5bd61f728226c04ee23b5ab9bdac9b3acfedab94ecfe3c763e0b50d42c9454ef,632691fbe5b1cc61623b4e5e81f96fa73f9bb6bcf83326b71972f569d27fa453,14.382225086233834,2.436626434326172,0.882774192528817
p257_256.wav,Noisy,50740,eeb49911a0eea33858193a9f6948128dca8c981fdc97470c4727171346ab8611,c7bf08b62b32a3c116bbae5b68c461978c9d090aba4b628e13d3b4193c593f15,16.425453607964336,3.2485618591308594,0.9905669112474491
p257_256.wav,RNNoise v0.2,50740,eeb49911a0eea33858193a9f6948128dca8c981fdc97470c4727171346ab8611,c7bf08b62b32a3c116bbae5b68c461978c9d090aba4b628e13d3b4193c593f15,16.922034207084295,3.7165825366973877,0.9903357447140918
p257_256.wav,GTCRN,50740,eeb49911a0eea33858193a9f6948128dca8c981fdc97470c4727171346ab8611,c7bf08b62b32a3c116bbae5b68c461978c9d090aba4b628e13d3b4193c593f15,23.039072732418525,3.8938775062561035,0.9925934051331972
p257_257.wav,Noisy,31575,8b695082276c7b4054164924940031ae8d34a325adad95b9f9538e233b6462af,b6e5958a3d58f6283774a5eeb586c24934876e976e68998ae6a060d16c18da67,10.657321457291818,2.2946653366088867,0.9855568258164502
p257_257.wav,RNNoise v0.2,31575,8b695082276c7b4054164924940031ae8d34a325adad95b9f9538e233b6462af,b6e5958a3d58f6283774a5eeb586c24934876e976e68998ae6a060d16c18da67,15.186776700107089,2.7639291286468506,0.97031812586356
p257_257.wav,GTCRN,31575,8b695082276c7b4054164924940031ae8d34a325adad95b9f9538e233b6462af,b6e5958a3d58f6283774a5eeb586c24934876e976e68998ae6a060d16c18da67,18.397629693078933,2.992546796798706,0.985248456205621
p257_258.wav,Noisy,63321,8b37c8076fdafcca41b3a793cdf152c929d44ec368badf68a293bc196086ba01,bf6385c7a1a598125700a5c934e194da81357815418ad7cf77336bf795884547,6.570316698119272,2.4764132499694824,0.9568149690216744
p257_258.wav,RNNoise v0.2,63321,8b37c8076fdafcca41b3a793cdf152c929d44ec368badf68a293bc196086ba01,bf6385c7a1a598125700a5c934e194da81357815418ad7cf77336bf795884547,14.352657625514071,3.2013373374938965,0.9647777780388072
p257_258.wav,GTCRN,63321,8b37c8076fdafcca41b3a793cdf152c929d44ec368badf68a293bc196086ba01,bf6385c7a1a598125700a5c934e194da81357815418ad7cf77336bf795884547,18.46500254325663,3.402846097946167,0.9674577145501143
p257_259.wav,Noisy,23083,3a813b69c1fe6878a67f580abd8a6d7336130971104edac7a82afdb1724cd53d,28f87c973ecb5cc6a8f4d4412d2ee16607fdb25cf4a354f9d869698d5e81b79c,0.0024254890744867166,1.1760839223861694,0.9356279699947645
p257_259.wav,RNNoise v0.2,23083,3a813b69c1fe6878a67f580abd8a6d7336130971104edac7a82afdb1724cd53d,28f87c973ecb5cc6a8f4d4412d2ee16607fdb25cf4a354f9d869698d5e81b79c,15.932240011396576,2.3851141929626465,0.8206316901785022
p257_259.wav,GTCRN,23083,3a813b69c1fe6878a67f580abd8a6d7336130971104edac7a82afdb1724cd53d,28f87c973ecb5cc6a8f4d4412d2ee16607fdb25cf4a354f9d869698d5e81b79c,20.245012587257158,2.4124717712402344,0.9136136618201008
p257_260.wav,Noisy,43360,4562ef27e7d4f6c9e63960fe2dd785a610d098359aa5eecbcadb39ca7d940999,b446f820daf11681e8e225fcfe24f3cafcfa7518b2d65bd9f8ad84f424dec338,15.667678210263125,1.725127935409546,0.8355847978990983
p257_260.wav,RNNoise v0.2,43360,4562ef27e7d4f6c9e63960fe2dd785a610d098359aa5eecbcadb39ca7d940999,b446f820daf11681e8e225fcfe24f3cafcfa7518b2d65bd9f8ad84f424dec338,14.975823088252291,2.2642126083374023,0.8749852236802788
p257_260.wav,GTCRN,43360,4562ef27e7d4f6c9e63960fe2dd785a610d098359aa5eecbcadb39ca7d940999,b446f820daf11681e8e225fcfe24f3cafcfa7518b2d65bd9f8ad84f424dec338,19.109083196377785,2.6310970783233643,0.8925225734750154
p257_261.wav,Noisy,42785,aa68e41479f63e8ab77745529140e13750523654a640441b6c825f41d650b8f2,8ec02bcf14b20748d866eab2baf6754cc92513d1613b9232d0b8955c06f0b65c,11.397113402994352,1.6179717779159546,0.9589592180002217
p257_261.wav,RNNoise v0.2,42785,aa68e41479f63e8ab77745529140e13750523654a640441b6c825f41d650b8f2,8ec02bcf14b20748d866eab2baf6754cc92513d1613b9232d0b8955c06f0b65c,14.88670128081244,2.507046937942505,0.9765611633089555
p257_261.wav,GTCRN,42785,aa68e41479f63e8ab77745529140e13750523654a640441b6c825f41d650b8f2,8ec02bcf14b20748d866eab2baf6754cc92513d1613b9232d0b8955c06f0b65c,20.524416575427566,2.899714469909668,0.9810167130051791
p257_262.wav,Noisy,55327,3dc257cf393312c8251f91074a89e3a833336ede12a4e0acf67ca0b945d73f14,e3f2a5569b050090ff8434f69f3ef2b0e66c7e29e6ba4acd94cbd7316381ca9e,6.910117855799244,1.3465595245361328,0.95016511745488
p257_262.wav,RNNoise v0.2,55327,3dc257cf393312c8251f91074a89e3a833336ede12a4e0acf67ca0b945d73f14,e3f2a5569b050090ff8434f69f3ef2b0e66c7e29e6ba4acd94cbd7316381ca9e,14.40770719900901,2.4814751148223877,0.970869728938178
p257_262.wav,GTCRN,55327,3dc257cf393312c8251f91074a89e3a833336ede12a4e0acf67ca0b945d73f14,e3f2a5569b050090ff8434f69f3ef2b0e66c7e29e6ba4acd94cbd7316381ca9e,17.998130068178632,2.812581777572632,0.9736181698469062
p257_263.wav,Noisy,32795,8b8e94fcf3d7ccef0bf878ebe2b2b9e5a066adad6adb156119dd9197698b5677,9a1df288482594f75992297e97039c6fb05393b5977d8ee16554c7379cd78539,0.41287940475214474,1.0739673376083374,0.7998734340266792
p257_263.wav,RNNoise v0.2,32795,8b8e94fcf3d7ccef0bf878ebe2b2b9e5a066adad6adb156119dd9197698b5677,9a1df288482594f75992297e97039c6fb05393b5977d8ee16554c7379cd78539,9.227792954898401,1.1798392534255981,0.7838690140883545
p257_263.wav,GTCRN,32795,8b8e94fcf3d7ccef0bf878ebe2b2b9e5a066adad6adb156119dd9197698b5677,9a1df288482594f75992297e97039c6fb05393b5977d8ee16554c7379cd78539,12.216216465028946,1.501652717590332,0.8478454254389791
p257_264.wav,Noisy,22555,581cd6fae96ecf6b4440b8967289a482d3c5b2903931c548d730f2cf2e9013d0,92d7e62a02939f4fa802eecc18a8614bb9eafc8954aa9e7f902374f0f5bb7db9,14.572694023206164,2.2224154472351074,0.8926373405487126
p257_264.wav,RNNoise v0.2,22555,581cd6fae96ecf6b4440b8967289a482d3c5b2903931c548d730f2cf2e9013d0,92d7e62a02939f4fa802eecc18a8614bb9eafc8954aa9e7f902374f0f5bb7db9,16.896406651194003,3.074265956878662,0.9617328720627376
p257_264.wav,GTCRN,22555,581cd6fae96ecf6b4440b8967289a482d3c5b2903931c548d730f2cf2e9013d0,92d7e62a02939f4fa802eecc18a8614bb9eafc8954aa9e7f902374f0f5bb7db9,23.161213181578027,2.795431137084961,0.9341534485523647
p257_265.wav,Noisy,43822,0d8868a491965cc29983ba5e9613f353a0ff0ad0bb12f8651a1239878c9b5db8,923bf942af354f8976073d911d81af8ccc027071440c0f58a9d96904074006ac,11.327712940693402,2.7126681804656982,0.9889977218575254
p257_265.wav,RNNoise v0.2,43822,0d8868a491965cc29983ba5e9613f353a0ff0ad0bb12f8651a1239878c9b5db8,923bf942af354f8976073d911d81af8ccc027071440c0f58a9d96904074006ac,16.215019834763005,3.432358503341675,0.9842204594885997
p257_265.wav,GTCRN,43822,0d8868a491965cc29983ba5e9613f353a0ff0ad0bb12f8651a1239878c9b5db8,923bf942af354f8976073d911d81af8ccc027071440c0f58a9d96904074006ac,21.83149515685143,3.4776699542999268,0.9827822360254467
p257_266.wav,Noisy,40648,cb11c1160597148e86633f325c8b7b0c30c9e9774ea86ad19563502e2f1cbcfe,f078357001c5917c7c74137da83ae7cae21b129ed6c28b0e722cfd4882995b0b,6.034877305629534,1.5735273361206055,0.9489980828140121
p257_266.wav,RNNoise v0.2,40648,cb11c1160597148e86633f325c8b7b0c30c9e9774ea86ad19563502e2f1cbcfe,f078357001c5917c7c74137da83ae7cae21b129ed6c28b0e722cfd4882995b0b,14.30683267999176,1.9536488056182861,0.8945739892205908
p257_266.wav,GTCRN,40648,cb11c1160597148e86633f325c8b7b0c30c9e9774ea86ad19563502e2f1cbcfe,f078357001c5917c7c74137da83ae7cae21b129ed6c28b0e722cfd4882995b0b,18.20156758520921,2.5028634071350098,0.961457055797849
p257_267.wav,Noisy,28126,59d249c107346093f189698bdbad11f357f1af8d44e5c710077b53f2933e76b0,b4773036ee6eda2208c52da9c6f6700bb11b7608858fe61d3281e052482bb50c,0.4981696842212153,1.1259452104568481,0.875101942816468
p257_267.wav,RNNoise v0.2,28126,59d249c107346093f189698bdbad11f357f1af8d44e5c710077b53f2933e76b0,b4773036ee6eda2208c52da9c6f6700bb11b7608858fe61d3281e052482bb50c,14.15927946646896,1.8047828674316406,0.8270053794566156
p257_267.wav,GTCRN,28126,59d249c107346093f189698bdbad11f357f1af8d44e5c710077b53f2933e76b0,b4773036ee6eda2208c52da9c6f6700bb11b7608858fe61d3281e052482bb50c,19.46574437562847,2.4298460483551025,0.8981054856530294
p257_268.wav,Noisy,40818,a63a35fb39bbbddc66d5c4324a74e495123a3b8379add4e58ac7670051b329e3,a52b6edfaf8a77dec2a25d480a4dca5af70b68be82c98500ce6b624fd96defe6,15.988767494845035,1.208370327949524,0.87299978989915
p257_268.wav,RNNoise v0.2,40818,a63a35fb39bbbddc66d5c4324a74e495123a3b8379add4e58ac7670051b329e3,a52b6edfaf8a77dec2a25d480a4dca5af70b68be82c98500ce6b624fd96defe6,15.534614058844678,2.2660582065582275,0.8567344142780051
p257_268.wav,GTCRN,40818,a63a35fb39bbbddc66d5c4324a74e495123a3b8379add4e58ac7670051b329e3,a52b6edfaf8a77dec2a25d480a4dca5af70b68be82c98500ce6b624fd96defe6,20.1771458254083,3.016415596008301,0.9104825320402448
p257_269.wav,Noisy,27752,94df261b0300ee6b6e292d6ab267272e7430293193eb16ee914065a66b2a33ea,c9cb0e5fcc14d92b795af6faaab125765f2ea432190e68a2a2d3e77ad129b1e4,10.748617972412287,1.3039847612380981,0.9174631687553447
p257_269.wav,RNNoise v0.2,27752,94df261b0300ee6b6e292d6ab267272e7430293193eb16ee914065a66b2a33ea,c9cb0e5fcc14d92b795af6faaab125765f2ea432190e68a2a2d3e77ad129b1e4,14.150720497103475,2.0364506244659424,0.9323462970196179
p257_269.wav,GTCRN,27752,94df261b0300ee6b6e292d6ab267272e7430293193eb16ee914065a66b2a33ea,c9cb0e5fcc14d92b795af6faaab125765f2ea432190e68a2a2d3e77ad129b1e4,16.946766027733947,1.9904552698135376,0.9073943957056126
p257_270.wav,Noisy,40818,0b8c0cf340a5bc34069a975ef0befc047e3b25353f698070fbd47dfafceb1388,8474f04672cbaa52c72cd7f369420a7960155673046c881ee0e4298ae7c8ac82,6.134485291410016,1.111497163772583,0.7571429696037744
p257_270.wav,RNNoise v0.2,40818,0b8c0cf340a5bc34069a975ef0befc047e3b25353f698070fbd47dfafceb1388,8474f04672cbaa52c72cd7f369420a7960155673046c881ee0e4298ae7c8ac82,10.947643328119309,1.3003700971603394,0.7562416882717833
p257_270.wav,GTCRN,40818,0b8c0cf340a5bc34069a975ef0befc047e3b25353f698070fbd47dfafceb1388,8474f04672cbaa52c72cd7f369420a7960155673046c881ee0e4298ae7c8ac82,13.8691184344759,1.6021132469177246,0.8159015920214303
p257_271.wav,Noisy,46633,689eb07da043f6fb0a89fcab4b6f83e4e4474e196f85d1287a41dc672904d498,ed3c3e1b475ae6928051b3100b4e9fbc6b505560ddb5faeaba9a565f7749ee6e,1.7337313829030139,1.0887800455093384,0.7850389407980207
p257_271.wav,RNNoise v0.2,46633,689eb07da043f6fb0a89fcab4b6f83e4e4474e196f85d1287a41dc672904d498,ed3c3e1b475ae6928051b3100b4e9fbc6b505560ddb5faeaba9a565f7749ee6e,8.752880022399093,1.4039340019226074,0.8154479529597318
p257_271.wav,GTCRN,46633,689eb07da043f6fb0a89fcab4b6f83e4e4474e196f85d1287a41dc672904d498,ed3c3e1b475ae6928051b3100b4e9fbc6b505560ddb5faeaba9a565f7749ee6e,9.455686856662224,1.52628755569458,0.8612605648875203
p257_272.wav,Noisy,31454,d0a4b675b89166b3893bff2f6686d7f3e62a3c4223566bd46eec1a6447ce9fbb,696962b1d005ca3bb9f26e0003cb9130dd9c1637a200e874c11640d7bac95341,14.623979891774923,1.116483449935913,0.899861286820776
p257_272.wav,RNNoise v0.2,31454,d0a4b675b89166b3893bff2f6686d7f3e62a3c4223566bd46eec1a6447ce9fbb,696962b1d005ca3bb9f26e0003cb9130dd9c1637a200e874c11640d7bac95341,16.135774139077704,2.9534285068511963,0.9535887327521945
p257_272.wav,GTCRN,31454,d0a4b675b89166b3893bff2f6686d7f3e62a3c4223566bd46eec1a6447ce9fbb,696962b1d005ca3bb9f26e0003cb9130dd9c1637a200e874c11640d7bac95341,19.169672311515505,2.455364465713501,0.88402977276507
p257_273.wav,Noisy,33973,46b91e6a72734ad6bdf4691e929f8de291b3ab7d0d30f0407d31be8ba8dcadcd,1573fec5c65aabb02dbaf063bfab1cbaf7209ce12f3da0db77bd8e516f001992,10.86425206680361,1.2180206775665283,0.9255125431247812
p257_273.wav,RNNoise v0.2,33973,46b91e6a72734ad6bdf4691e929f8de291b3ab7d0d30f0407d31be8ba8dcadcd,1573fec5c65aabb02dbaf063bfab1cbaf7209ce12f3da0db77bd8e516f001992,14.978969609941986,1.8360183238983154,0.8536242444530386
p257_273.wav,GTCRN,33973,46b91e6a72734ad6bdf4691e929f8de291b3ab7d0d30f0407d31be8ba8dcadcd,1573fec5c65aabb02dbaf063bfab1cbaf7209ce12f3da0db77bd8e516f001992,15.989335383683553,2.4999234676361084,0.9245278775896227
p257_274.wav,Noisy,29300,8d181fcd0c19458c2191a009ec8dd8dcd9163f49e7acfd79ef6dccfd52c4af07,0e2ff0dbc505b8e438f4f745d645d0280959652196aa1f853ea161d78a576dbc,5.14821348431989,1.0871070623397827,0.8173712331447462
p257_274.wav,RNNoise v0.2,29300,8d181fcd0c19458c2191a009ec8dd8dcd9163f49e7acfd79ef6dccfd52c4af07,0e2ff0dbc505b8e438f4f745d645d0280959652196aa1f853ea161d78a576dbc,13.949326086636486,1.7335340976715088,0.8387996382362877
p257_274.wav,GTCRN,29300,8d181fcd0c19458c2191a009ec8dd8dcd9163f49e7acfd79ef6dccfd52c4af07,0e2ff0dbc505b8e438f4f745d645d0280959652196aa1f853ea161d78a576dbc,14.602114002546184,2.6184496879577637,0.8831143779006552
p257_275.wav,Noisy,49712,b31114a05c805a996dd552ef47a281c6331874282ab7cd480ade159fbc385429,9f152d0e5ed518af1f0d4526af69e78f1691410ba53473041655d39b9e2c4545,1.6262938225420038,1.1316245794296265,0.8967471548343883
p257_275.wav,RNNoise v0.2,49712,b31114a05c805a996dd552ef47a281c6331874282ab7cd480ade159fbc385429,9f152d0e5ed518af1f0d4526af69e78f1691410ba53473041655d39b9e2c4545,11.973624887377621,1.2519798278808594,0.8987488367646055
p257_275.wav,GTCRN,49712,b31114a05c805a996dd552ef47a281c6331874282ab7cd480ade159fbc385429,9f152d0e5ed518af1f0d4526af69e78f1691410ba53473041655d39b9e2c4545,15.861874335538754,1.8659539222717285,0.9271472976617637
p257_276.wav,Noisy,36910,220648a35aa26056a98fdc4934d9b1cf9b231d5b8c9f1243c57c720a26bf62b0,8e9435be32853afed1f2aa031f5f8b5e7a175332ab33f688cc71bf9398befc79,13.520278088748846,2.0563666820526123,0.864365384791929
p257_276.wav,RNNoise v0.2,36910,220648a35aa26056a98fdc4934d9b1cf9b231d5b8c9f1243c57c720a26bf62b0,8e9435be32853afed1f2aa031f5f8b5e7a175332ab33f688cc71bf9398befc79,15.900140971837473,2.7457101345062256,0.9118031830725971
p257_276.wav,GTCRN,36910,220648a35aa26056a98fdc4934d9b1cf9b231d5b8c9f1243c57c720a26bf62b0,8e9435be32853afed1f2aa031f5f8b5e7a175332ab33f688cc71bf9398befc79,20.856968795658993,3.000633478164673,0.8741126910319568
p257_277.wav,Noisy,41935,e436822aed2b2eeca2d49745616396ece1b827c3c14dc7296b7509aafb8553c2,7d516a3dafa05b9732fd2bb73f8a04d6308c8e397bba14315fa9dc45a2a224b1,11.364129119073116,2.3546180725097656,0.978352633449824
p257_277.wav,RNNoise v0.2,41935,e436822aed2b2eeca2d49745616396ece1b827c3c14dc7296b7509aafb8553c2,7d516a3dafa05b9732fd2bb73f8a04d6308c8e397bba14315fa9dc45a2a224b1,15.244855013854936,3.093538522720337,0.983632437760529
p257_277.wav,GTCRN,41935,e436822aed2b2eeca2d49745616396ece1b827c3c14dc7296b7509aafb8553c2,7d516a3dafa05b9732fd2bb73f8a04d6308c8e397bba14315fa9dc45a2a224b1,21.08265973835266,3.1986117362976074,0.9890550451047231
p257_278.wav,Noisy,50463,2e04c366b4d00c22eae8df947575fcb2922931194195e0ef2f3d78e8785743f1,b2511215c80812b798190b6fb78dc3eb596e1e46958fc4f0a4923739453ce830,6.120512918773703,2.4255340099334717,0.9776781505749217
p257_278.wav,RNNoise v0.2,50463,2e04c366b4d00c22eae8df947575fcb2922931194195e0ef2f3d78e8785743f1,b2511215c80812b798190b6fb78dc3eb596e1e46958fc4f0a4923739453ce830,15.046149684606645,2.4743781089782715,0.9384467040898601
p257_278.wav,GTCRN,50463,2e04c366b4d00c22eae8df947575fcb2922931194195e0ef2f3d78e8785743f1,b2511215c80812b798190b6fb78dc3eb596e1e46958fc4f0a4923739453ce830,20.260620227041024,3.0719802379608154,0.9733165434308614
p257_279.wav,Noisy,58347,3ba4cd1b368a4080b8add4f6c52d18813eb25b89d050e000c06b5e5412029669,8110fb3a1a690fb5c734c52a8d4071c061367dbe05026bd7ea224af133367fcb,1.4847683794048383,2.043409585952759,0.9881164355141147
p257_279.wav,RNNoise v0.2,58347,3ba4cd1b368a4080b8add4f6c52d18813eb25b89d050e000c06b5e5412029669,8110fb3a1a690fb5c734c52a8d4071c061367dbe05026bd7ea224af133367fcb,15.061612005685891,2.398549795150757,0.9674717693310179
p257_279.wav,GTCRN,58347,3ba4cd1b368a4080b8add4f6c52d18813eb25b89d050e000c06b5e5412029669,8110fb3a1a690fb5c734c52a8d4071c061367dbe05026bd7ea224af133367fcb,19.217207301935638,3.217277765274048,0.9884936593409972
p257_280.wav,Noisy,39434,6904d5e7e353bad29cbf8fa67b645f2113c3152b8a6e81ae8113d0ea48db3481,3fb0b909b26a31ca178d298a622e4168f926db0250a08baadb1dcdaa18c45514,15.881975736118445,2.257662296295166,0.9833039809411344
p257_280.wav,RNNoise v0.2,39434,6904d5e7e353bad29cbf8fa67b645f2113c3152b8a6e81ae8113d0ea48db3481,3fb0b909b26a31ca178d298a622e4168f926db0250a08baadb1dcdaa18c45514,16.06594413012455,2.4521026611328125,0.9333113775445657
p257_280.wav,GTCRN,39434,6904d5e7e353bad29cbf8fa67b645f2113c3152b8a6e81ae8113d0ea48db3481,3fb0b909b26a31ca178d298a622e4168f926db0250a08baadb1dcdaa18c45514,21.221238637421443,3.375356674194336,0.96471758993509
p257_281.wav,Noisy,22624,cabfad6f2012378738768333e7e5c6c05c09b29871b83352e407a258ff74626d,0666351537e77ea9cdf0050f8da6afa7697f7294cdf3869135d0bcf113809213,9.980909125897247,1.1230108737945557,0.920829989307934
p257_281.wav,RNNoise v0.2,22624,cabfad6f2012378738768333e7e5c6c05c09b29871b83352e407a258ff74626d,0666351537e77ea9cdf0050f8da6afa7697f7294cdf3869135d0bcf113809213,14.769513826904552,1.8611321449279785,0.9254058453053812
p257_281.wav,GTCRN,22624,cabfad6f2012378738768333e7e5c6c05c09b29871b83352e407a258ff74626d,0666351537e77ea9cdf0050f8da6afa7697f7294cdf3869135d0bcf113809213,18.905554466127906,2.3137848377227783,0.9337045292510429
p257_282.wav,Noisy,30927,231d00a6d3a139673e47a084e8d0faa92b7edf1a1cdda18f5c6852341cc3c6a8,33f74d8ec8aae297e04dffdb07877fece45e5810d42aa5317d0485d6aad0eb18,5.301005619201953,1.1645636558532715,0.9311667599953971
p257_282.wav,RNNoise v0.2,30927,231d00a6d3a139673e47a084e8d0faa92b7edf1a1cdda18f5c6852341cc3c6a8,33f74d8ec8aae297e04dffdb07877fece45e5810d42aa5317d0485d6aad0eb18,15.42724045511842,1.7039726972579956,0.9138667819760344
p257_282.wav,GTCRN,30927,231d00a6d3a139673e47a084e8d0faa92b7edf1a1cdda18f5c6852341cc3c6a8,33f74d8ec8aae297e04dffdb07877fece45e5810d42aa5317d0485d6aad0eb18,20.110670519106954,2.007110118865967,0.9110699367521785
p257_283.wav,Noisy,45141,36553bb4af66fbb6556e6f41cfc3a852188a14212d252404b02bb271a94f1828,6dab0d6149495dbeda24353622afe5c664e48148632444783f4d4ada483ce737,1.4087837236237746,1.3713221549987793,0.9222777050331861
p257_283.wav,RNNoise v0.2,45141,36553bb4af66fbb6556e6f41cfc3a852188a14212d252404b02bb271a94f1828,6dab0d6149495dbeda24353622afe5c664e48148632444783f4d4ada483ce737,14.350906527090695,1.9339768886566162,0.920035751412158
p257_283.wav,GTCRN,45141,36553bb4af66fbb6556e6f41cfc3a852188a14212d252404b02bb271a94f1828,6dab0d6149495dbeda24353622afe5c664e48148632444783f4d4ada483ce737,16.682762009445973,2.617164134979248,0.9413172693820825
p257_284.wav,Noisy,51763,38248b46961f0b7a34645c22d2ae77191942120f76c62b85bbbf656ea72fd007,e2ab074fc3eec4528697e4a4ac174b3f2b33cd6f5484edddac9b0218abecddc0,16.40185280420117,2.6000640392303467,0.982598763776594
p257_284.wav,RNNoise v0.2,51763,38248b46961f0b7a34645c22d2ae77191942120f76c62b85bbbf656ea72fd007,e2ab074fc3eec4528697e4a4ac174b3f2b33cd6f5484edddac9b0218abecddc0,16.91194074858756,3.0748114585876465,0.9805324177011028
p257_284.wav,GTCRN,51763,38248b46961f0b7a34645c22d2ae77191942120f76c62b85bbbf656ea72fd007,e2ab074fc3eec4528697e4a4ac174b3f2b33cd6f5484edddac9b0218abecddc0,20.288644411022258,3.0388898849487305,0.9763920873735581
p257_285.wav,Noisy,23214,2deed108aae8af9f0cfebeda06e8da51568634370d39c4fe1b80285b8a7da0f7,1862d811f8b7455e714572753e18bc03e1bf202a59f5f00b0474020068c6a444,10.021497062720147,2.430464029312134,0.9294917226820626
p257_285.wav,RNNoise v0.2,23214,2deed108aae8af9f0cfebeda06e8da51568634370d39c4fe1b80285b8a7da0f7,1862d811f8b7455e714572753e18bc03e1bf202a59f5f00b0474020068c6a444,15.153880339226266,2.2254178524017334,0.9144081047396039
p257_285.wav,GTCRN,23214,2deed108aae8af9f0cfebeda06e8da51568634370d39c4fe1b80285b8a7da0f7,1862d811f8b7455e714572753e18bc03e1bf202a59f5f00b0474020068c6a444,20.587042508448953,3.543818473815918,0.9536228120319382
p257_286.wav,Noisy,39809,cb000389a282d7e3d742ef01dd12d90e08e5e07c18220d1c89b989e7f78b1036,1074bc24fe4147bdf2cf75ba3f72ea7fd74ea7293ceabea550e9dc1df5528b94,6.071111172236902,2.0556914806365967,0.967023235861779
p257_286.wav,RNNoise v0.2,39809,cb000389a282d7e3d742ef01dd12d90e08e5e07c18220d1c89b989e7f78b1036,1074bc24fe4147bdf2cf75ba3f72ea7fd74ea7293ceabea550e9dc1df5528b94,15.452456478867456,3.1796743869781494,0.974783595173008
p257_286.wav,GTCRN,39809,cb000389a282d7e3d742ef01dd12d90e08e5e07c18220d1c89b989e7f78b1036,1074bc24fe4147bdf2cf75ba3f72ea7fd74ea7293ceabea550e9dc1df5528b94,22.928980721401615,3.0110416412353516,0.9735216264842541
p257_287.wav,Noisy,30277,bfc116f688538a19fdf8c13845c0d89eab413c0ed8dd1ad841338f9c2e43d6c3,4731c9e9de95709cc43401211ba5f31ce3e7c115fe334e07a571e2ec77d42068,0.1617114031314093,1.975573182106018,0.9589616123817782
p257_287.wav,RNNoise v0.2,30277,bfc116f688538a19fdf8c13845c0d89eab413c0ed8dd1ad841338f9c2e43d6c3,4731c9e9de95709cc43401211ba5f31ce3e7c115fe334e07a571e2ec77d42068,15.005900542535644,2.3696095943450928,0.9707835081906291
p257_287.wav,GTCRN,30277,bfc116f688538a19fdf8c13845c0d89eab413c0ed8dd1ad841338f9c2e43d6c3,4731c9e9de95709cc43401211ba5f31ce3e7c115fe334e07a571e2ec77d42068,19.65921661548753,3.3771376609802246,0.9750745253892417
p257_288.wav,Noisy,45280,a4570c08d8e2cb6bf0dcf47dc22f4ca6b3a58829d7b8625e05b86a32075fde25,a537f29ba27f17a42d0f25b749a5f8916e3f856f4458e8f8a0ac9134d09ed16b,14.85338554901354,1.5463612079620361,0.7858556074203403
p257_288.wav,RNNoise v0.2,45280,a4570c08d8e2cb6bf0dcf47dc22f4ca6b3a58829d7b8625e05b86a32075fde25,a537f29ba27f17a42d0f25b749a5f8916e3f856f4458e8f8a0ac9134d09ed16b,13.939959249217344,1.7271828651428223,0.7973572983082643
p257_288.wav,GTCRN,45280,a4570c08d8e2cb6bf0dcf47dc22f4ca6b3a58829d7b8625e05b86a32075fde25,a537f29ba27f17a42d0f25b749a5f8916e3f856f4458e8f8a0ac9134d09ed16b,18.548546503753354,1.8936136960983276,0.7977784295895112
p257_289.wav,Noisy,46880,99ecf6ac9ec5ce4bf243ca118b4aec38d3321b41f76e0c69d4bc6b4839fca428,dfaa737ca345cb32e87d5b91c1e3dce9b479785b901cb13f9d29e80b80d110af,10.817444233942535,1.1829183101654053,0.8521907009372033
p257_289.wav,RNNoise v0.2,46880,99ecf6ac9ec5ce4bf243ca118b4aec38d3321b41f76e0c69d4bc6b4839fca428,dfaa737ca345cb32e87d5b91c1e3dce9b479785b901cb13f9d29e80b80d110af,14.777617308486414,1.9967213869094849,0.8975080586295976
p257_289.wav,GTCRN,46880,99ecf6ac9ec5ce4bf243ca118b4aec38d3321b41f76e0c69d4bc6b4839fca428,dfaa737ca345cb32e87d5b91c1e3dce9b479785b901cb13f9d29e80b80d110af,18.686356642959957,2.762789011001587,0.9107493764680905
p257_290.wav,Noisy,37455,2718b26e54c80d6bd77e6295dae34d70c3a04cd89a03d8a04c0ac80ddaa5eb8f,9d77b52baaf5975dc4df70f5495ee1bc37673963793ab5d4c58f4e9a0e74ebf3,6.245851704200122,1.195742130279541,0.8766274938258679
p257_290.wav,RNNoise v0.2,37455,2718b26e54c80d6bd77e6295dae34d70c3a04cd89a03d8a04c0ac80ddaa5eb8f,9d77b52baaf5975dc4df70f5495ee1bc37673963793ab5d4c58f4e9a0e74ebf3,11.479926515889387,1.425340175628662,0.8646034350360937
p257_290.wav,GTCRN,37455,2718b26e54c80d6bd77e6295dae34d70c3a04cd89a03d8a04c0ac80ddaa5eb8f,9d77b52baaf5975dc4df70f5495ee1bc37673963793ab5d4c58f4e9a0e74ebf3,13.885296457540353,1.7259145975112915,0.901958101480733
p257_291.wav,Noisy,27200,8f88120a8dbe53716bbfbebc8bc4c59572968b84e38cbe5e4a6458b227d929b5,3c3e5ab94f71e435fd259441c5bcb9057cbe1f072d2b4c8b23953b6842e1a372,-1.4804220832999446,1.036241054534912,0.6034431032389022
p257_291.wav,RNNoise v0.2,27200,8f88120a8dbe53716bbfbebc8bc4c59572968b84e38cbe5e4a6458b227d929b5,3c3e5ab94f71e435fd259441c5bcb9057cbe1f072d2b4c8b23953b6842e1a372,12.558377695385381,1.3280664682388306,0.6662086731766667
p257_291.wav,GTCRN,27200,8f88120a8dbe53716bbfbebc8bc4c59572968b84e38cbe5e4a6458b227d929b5,3c3e5ab94f71e435fd259441c5bcb9057cbe1f072d2b4c8b23953b6842e1a372,15.124104302550975,1.4311150312423706,0.6714706264074085
p257_292.wav,Noisy,46833,cb573fcd4f01c84de61c6e2c9bbba397f9c0fce224d8342491af885e26aba479,90545375cfebcc38c6d62d409bd4c5941382a368bdc9b8813e97d10ac53f0988,16.583989560588247,2.5482683181762695,0.9518054214868282
p257_292.wav,RNNoise v0.2,46833,cb573fcd4f01c84de61c6e2c9bbba397f9c0fce224d8342491af885e26aba479,90545375cfebcc38c6d62d409bd4c5941382a368bdc9b8813e97d10ac53f0988,15.299607227954258,3.001004934310913,0.9407105647305817
p257_292.wav,GTCRN,46833,cb573fcd4f01c84de61c6e2c9bbba397f9c0fce224d8342491af885e26aba479,90545375cfebcc38c6d62d409bd4c5941382a368bdc9b8813e97d10ac53f0988,20.777107280662193,3.4137892723083496,0.9430322581579733
p257_293.wav,Noisy,37588,068b117a352c2f7233ce6c799b5b9559dfd0f6328f5061c2424a0a3758c0af73,50baa4c8b4cd9ceaaea7b1c45280a83b5c041699bba11579d9802e12510a76ca,10.089334100573556,1.2581849098205566,0.7846086257477073
p257_293.wav,RNNoise v0.2,37588,068b117a352c2f7233ce6c799b5b9559dfd0f6328f5061c2424a0a3758c0af73,50baa4c8b4cd9ceaaea7b1c45280a83b5c041699bba11579d9802e12510a76ca,13.132956456051016,2.1314473152160645,0.8216835066591696
p257_293.wav,GTCRN,37588,068b117a352c2f7233ce6c799b5b9559dfd0f6328f5061c2424a0a3758c0af73,50baa4c8b4cd9ceaaea7b1c45280a83b5c041699bba11579d9802e12510a76ca,16.542073252079096,2.3459396362304688,0.8498614653578966
p257_294.wav,Noisy,31963,04f625c032a4d174f1590a951edd3719e4d6c443bbfefe4513fd96c83914c5f6,6f60c86f9e64e699485b5535297744e95cd37af775d9280f637b07efe4deacb5,5.802060868601739,1.1465414762496948,0.934034616255152
p257_294.wav,RNNoise v0.2,31963,04f625c032a4d174f1590a951edd3719e4d6c443bbfefe4513fd96c83914c5f6,6f60c86f9e64e699485b5535297744e95cd37af775d9280f637b07efe4deacb5,13.800497314036592,1.405812382698059,0.9370971246555607
p257_294.wav,GTCRN,31963,04f625c032a4d174f1590a951edd3719e4d6c443bbfefe4513fd96c83914c5f6,6f60c86f9e64e699485b5535297744e95cd37af775d9280f637b07efe4deacb5,17.72789775046303,2.296210765838623,0.9486324246297975
p257_295.wav,Noisy,27162,47d29c137ac87bf403f06432bc56ad73411a82ea109320a670fe207c93ad1a51,11795001648982ad5545c054ed851c4e33dd4a516f9213ba7ac16b1a2f767228,0.7497001072911534,1.057667851448059,0.8260025448310832
p257_295.wav,RNNoise v0.2,27162,47d29c137ac87bf403f06432bc56ad73411a82ea109320a670fe207c93ad1a51,11795001648982ad5545c054ed851c4e33dd4a516f9213ba7ac16b1a2f767228,9.7766096349317,1.2529900074005127,0.8073002775981433
p257_295.wav,GTCRN,27162,47d29c137ac87bf403f06432bc56ad73411a82ea109320a670fe207c93ad1a51,11795001648982ad5545c054ed851c4e33dd4a516f9213ba7ac16b1a2f767228,13.413300985852041,1.8443422317504883,0.8769318263587539
p257_296.wav,Noisy,48904,a2750f27fd628947fb9d2587d5e6ec86323d02b0b803f4ba454bf2a9bb363ac6,984bcb268c54e388ed181eaeddca3f7c7ebbe66b33fbcb97231f0bf1fa4bad06,15.855707124799245,3.081552267074585,0.9562369772572531
p257_296.wav,RNNoise v0.2,48904,a2750f27fd628947fb9d2587d5e6ec86323d02b0b803f4ba454bf2a9bb363ac6,984bcb268c54e388ed181eaeddca3f7c7ebbe66b33fbcb97231f0bf1fa4bad06,16.60307797328397,3.511064291000366,0.9734580813869562
p257_296.wav,GTCRN,48904,a2750f27fd628947fb9d2587d5e6ec86323d02b0b803f4ba454bf2a9bb363ac6,984bcb268c54e388ed181eaeddca3f7c7ebbe66b33fbcb97231f0bf1fa4bad06,21.52452850100818,3.7725446224212646,0.9584561805179755
p257_297.wav,Noisy,53483,3f1c704cfa3ad3cf21dcd3752fe78cf25ad2e64c72a4291d570b83a2d56ec535,166e0b25b52e766c884c3c175cc3c5d2ea93d508229315136c6be38d4c9ddc83,11.285785594223732,2.851548433303833,0.9947557739969582
p257_297.wav,RNNoise v0.2,53483,3f1c704cfa3ad3cf21dcd3752fe78cf25ad2e64c72a4291d570b83a2d56ec535,166e0b25b52e766c884c3c175cc3c5d2ea93d508229315136c6be38d4c9ddc83,15.928760519744554,3.369368314743042,0.9800915557888469
p257_297.wav,GTCRN,53483,3f1c704cfa3ad3cf21dcd3752fe78cf25ad2e64c72a4291d570b83a2d56ec535,166e0b25b52e766c884c3c175cc3c5d2ea93d508229315136c6be38d4c9ddc83,19.284596857064585,3.5178380012512207,0.9933876136719783
p257_298.wav,Noisy,41733,11feb253f37326dd2c73a43b44afe8ce3f95757911ec931a14505a7bc7e47f69,e40042b100ca8c7a621a1c5833f18bba478f22bcd8a980d672764a58ecaa8a17,5.8519704241194805,2.131082534790039,0.9296581597052368
p257_298.wav,RNNoise v0.2,41733,11feb253f37326dd2c73a43b44afe8ce3f95757911ec931a14505a7bc7e47f69,e40042b100ca8c7a621a1c5833f18bba478f22bcd8a980d672764a58ecaa8a17,14.074532368385439,2.970499277114868,0.9553255357594012
p257_298.wav,GTCRN,41733,11feb253f37326dd2c73a43b44afe8ce3f95757911ec931a14505a7bc7e47f69,e40042b100ca8c7a621a1c5833f18bba478f22bcd8a980d672764a58ecaa8a17,17.99720196515073,3.4603829383850098,0.9606504542916017
p257_299.wav,Noisy,48282,243df01c71818bd7f1926ad42ceed4196b095b19bc1fd9261f926146f74f1c1e,55e84d7766faea1d2ff0c61a8d819c35d660c2baebfbf1f3b978745bd37e23d4,1.5084258052565858,1.2974257469177246,0.9699421730553908
p257_299.wav,RNNoise v0.2,48282,243df01c71818bd7f1926ad42ceed4196b095b19bc1fd9261f926146f74f1c1e,55e84d7766faea1d2ff0c61a8d819c35d660c2baebfbf1f3b978745bd37e23d4,15.4946178579473,3.0580408573150635,0.9749795737581858
p257_299.wav,GTCRN,48282,243df01c71818bd7f1926ad42ceed4196b095b19bc1fd9261f926146f74f1c1e,55e84d7766faea1d2ff0c61a8d819c35d660c2baebfbf1f3b978745bd37e23d4,22.00759460263718,3.3109071254730225,0.9728754524195768
p257_300.wav,Noisy,26651,eeb4763ca0024ac81627b8b53538aa0ec539761cd12097924f2a9760b43b73ab,b9859667ded3b3e623d700b1e10a158d8e6ee89b0d28ad4dc26b7e3e5d6ab229,15.58579502783568,2.278330087661743,0.8813133380748843
p257_300.wav,RNNoise v0.2,26651,eeb4763ca0024ac81627b8b53538aa0ec539761cd12097924f2a9760b43b73ab,b9859667ded3b3e623d700b1e10a158d8e6ee89b0d28ad4dc26b7e3e5d6ab229,14.951091043947267,2.6103618144989014,0.8822269698952719
p257_300.wav,GTCRN,26651,eeb4763ca0024ac81627b8b53538aa0ec539761cd12097924f2a9760b43b73ab,b9859667ded3b3e623d700b1e10a158d8e6ee89b0d28ad4dc26b7e3e5d6ab229,19.219227216300162,3.241103410720825,0.8802818610446915
p257_301.wav,Noisy,41692,eb0db079cdfbc58aee27b55d5911f0ba7058aea5f78ee9f0b5d7cec9120d8278,d5ee17381ec711a693070a9e0d75ea0f4daa55f97bff472ab57167e2447d588f,10.027870303682239,1.854046106338501,0.843793538900955
p257_301.wav,RNNoise v0.2,41692,eb0db079cdfbc58aee27b55d5911f0ba7058aea5f78ee9f0b5d7cec9120d8278,d5ee17381ec711a693070a9e0d75ea0f4daa55f97bff472ab57167e2447d588f,15.347156653650021,2.395956516265869,0.9123215407549595
p257_301.wav,GTCRN,41692,eb0db079cdfbc58aee27b55d5911f0ba7058aea5f78ee9f0b5d7cec9120d8278,d5ee17381ec711a693070a9e0d75ea0f4daa55f97bff472ab57167e2447d588f,19.251823097640607,2.7349445819854736,0.8974708050977214
p257_302.wav,Noisy,36879,0f575a26b4e29868b9f05026d469f47f6645497e01c8d93d02244b37041f7401,85213684cc2bf3faccacd373fa8e053ddaff425a2ac700817ede12aae31c758f,5.663333560657641,1.1950955390930176,0.9703215141763161
p257_302.wav,RNNoise v0.2,36879,0f575a26b4e29868b9f05026d469f47f6645497e01c8d93d02244b37041f7401,85213684cc2bf3faccacd373fa8e053ddaff425a2ac700817ede12aae31c758f,14.94839498197885,2.266658306121826,0.9762238774060303
p257_302.wav,GTCRN,36879,0f575a26b4e29868b9f05026d469f47f6645497e01c8d93d02244b37041f7401,85213684cc2bf3faccacd373fa8e053ddaff425a2ac700817ede12aae31c758f,18.495725774570595,2.6670947074890137,0.9780851755981382
p257_303.wav,Noisy,32127,b490d4294a9eecfd8f89d53d040094a1a36009c35c479bb7b4b25de9a72c789e,a846bb6c44ee0b573f469c5e5c582ada7deabe2b1b01ebca5d61541ec04b7c26,0.8779937468696839,1.076403260231018,0.820949753276207
p257_303.wav,RNNoise v0.2,32127,b490d4294a9eecfd8f89d53d040094a1a36009c35c479bb7b4b25de9a72c789e,a846bb6c44ee0b573f469c5e5c582ada7deabe2b1b01ebca5d61541ec04b7c26,10.820454408829201,1.4499729871749878,0.8328022331202967
p257_303.wav,GTCRN,32127,b490d4294a9eecfd8f89d53d040094a1a36009c35c479bb7b4b25de9a72c789e,a846bb6c44ee0b573f469c5e5c582ada7deabe2b1b01ebca5d61541ec04b7c26,13.318529395805909,1.8672089576721191,0.8426952327149245
p257_304.wav,Noisy,27882,1566d092bfae43319bfb3c575baee8b3870b50fe9a884e9c64dcc4fa8b3cf379,8dbcdf90a5d32b43b6c116707e7b2d0002bd1a4bc9f16e8dff26b643a09a0ed6,15.86372814911739,4.1680169105529785,0.9732163067025207
p257_304.wav,RNNoise v0.2,27882,1566d092bfae43319bfb3c575baee8b3870b50fe9a884e9c64dcc4fa8b3cf379,8dbcdf90a5d32b43b6c116707e7b2d0002bd1a4bc9f16e8dff26b643a09a0ed6,14.653976750362482,3.8012681007385254,0.9647058505675794
p257_304.wav,GTCRN,27882,1566d092bfae43319bfb3c575baee8b3870b50fe9a884e9c64dcc4fa8b3cf379,8dbcdf90a5d32b43b6c116707e7b2d0002bd1a4bc9f16e8dff26b643a09a0ed6,17.555497735357037,4.365682601928711,0.9730217782820784
p257_305.wav,Noisy,30284,673c6cf8ca0c3fad1b034623e14afb7c71276a1cba1810c1797111ea7a430022,bb687564864b8ab4a5c7012fe6d4fd6d110a8b43e40e892b55629dbd78dbea9f,10.44825731298037,1.190916895866394,0.9275513207592745
p257_305.wav,RNNoise v0.2,30284,673c6cf8ca0c3fad1b034623e14afb7c71276a1cba1810c1797111ea7a430022,bb687564864b8ab4a5c7012fe6d4fd6d110a8b43e40e892b55629dbd78dbea9f,14.096178259913959,2.299919366836548,0.9120584943901764
p257_305.wav,GTCRN,30284,673c6cf8ca0c3fad1b034623e14afb7c71276a1cba1810c1797111ea7a430022,bb687564864b8ab4a5c7012fe6d4fd6d110a8b43e40e892b55629dbd78dbea9f,20.723158497253138,2.628105401992798,0.9249597715763351
p257_306.wav,Noisy,26660,8459a88b2474e01f90b7bc07c2a5e3688b9eef56f2cf9e935a340b12a8b45192,f05a02fb069783b654344accdca56e40ba20550f26ceaae727c6b7cae08ea016,6.671822006931944,2.4784514904022217,0.989120094041392
p257_306.wav,RNNoise v0.2,26660,8459a88b2474e01f90b7bc07c2a5e3688b9eef56f2cf9e935a340b12a8b45192,f05a02fb069783b654344accdca56e40ba20550f26ceaae727c6b7cae08ea016,11.946197120233094,2.888693332672119,0.9634841061678543
p257_306.wav,GTCRN,26660,8459a88b2474e01f90b7bc07c2a5e3688b9eef56f2cf9e935a340b12a8b45192,f05a02fb069783b654344accdca56e40ba20550f26ceaae727c6b7cae08ea016,13.991136617860569,3.3803443908691406,0.9671775545647389
p257_307.wav,Noisy,50121,0d666ff7ad21adf58366bbebc66bfcb1f32426cde316373fe91e3d9bf5c5066d,012844de4a4c6a2fa8875d66c3d4d526b85da29805d6632d6fcd4999af6dc7ce,1.558648024216516,1.5026363134384155,0.958266900443918
p257_307.wav,RNNoise v0.2,50121,0d666ff7ad21adf58366bbebc66bfcb1f32426cde316373fe91e3d9bf5c5066d,012844de4a4c6a2fa8875d66c3d4d526b85da29805d6632d6fcd4999af6dc7ce,14.594619084634118,2.7845065593719482,0.9651090367680594
p257_307.wav,GTCRN,50121,0d666ff7ad21adf58366bbebc66bfcb1f32426cde316373fe91e3d9bf5c5066d,012844de4a4c6a2fa8875d66c3d4d526b85da29805d6632d6fcd4999af6dc7ce,19.92157614975395,3.1109378337860107,0.9663421216512058
p257_308.wav,Noisy,37202,57f0b5d36aff17f6fc81fd0bdd4eed8feb41c4258338368cfebb139707b3369a,7a01319121781812933e08b320037f7587e17db2e2367197679772748aff7619,16.151699989766584,1.4870902299880981,0.9462774311274639
p257_308.wav,RNNoise v0.2,37202,57f0b5d36aff17f6fc81fd0bdd4eed8feb41c4258338368cfebb139707b3369a,7a01319121781812933e08b320037f7587e17db2e2367197679772748aff7619,14.684630726032461,1.7688977718353271,0.8762288277157816
p257_308.wav,GTCRN,37202,57f0b5d36aff17f6fc81fd0bdd4eed8feb41c4258338368cfebb139707b3369a,7a01319121781812933e08b320037f7587e17db2e2367197679772748aff7619,20.46367903875876,2.755821943283081,0.9574102511702751
p257_309.wav,Noisy,27367,0a4c4e231bb576996421f66283c69b9cf17f53f2d1c4f83898efc35141ecf7ca,b63be06a0f55c0ccbab7b3222808e9e3e38d9e5ad2e126de6850f3846c1cdc1e,9.352732712458511,1.109660029411316,0.8155965524912511
p257_309.wav,RNNoise v0.2,27367,0a4c4e231bb576996421f66283c69b9cf17f53f2d1c4f83898efc35141ecf7ca,b63be06a0f55c0ccbab7b3222808e9e3e38d9e5ad2e126de6850f3846c1cdc1e,14.855813486130153,1.769735336303711,0.7221948366148278
p257_309.wav,GTCRN,27367,0a4c4e231bb576996421f66283c69b9cf17f53f2d1c4f83898efc35141ecf7ca,b63be06a0f55c0ccbab7b3222808e9e3e38d9e5ad2e126de6850f3846c1cdc1e,16.672110544809374,2.190553665161133,0.8810406670202888
p257_310.wav,Noisy,25068,2c6020ca512e0883f3a7d054a4fd2cee1d8368933b16f986198adcd17d6753f9,6878632bf767c9a7085136b2d63e4b83decc1961b17273b8b080c613e4b763cd,5.214088228643947,1.0590459108352661,0.8037921959131427
p257_310.wav,RNNoise v0.2,25068,2c6020ca512e0883f3a7d054a4fd2cee1d8368933b16f986198adcd17d6753f9,6878632bf767c9a7085136b2d63e4b83decc1961b17273b8b080c613e4b763cd,11.268740535232437,1.2277278900146484,0.7781727881802304
p257_310.wav,GTCRN,25068,2c6020ca512e0883f3a7d054a4fd2cee1d8368933b16f986198adcd17d6753f9,6878632bf767c9a7085136b2d63e4b83decc1961b17273b8b080c613e4b763cd,14.248154514076859,1.8297792673110962,0.8452594970496138
p257_311.wav,Noisy,40928,52d53b55b797c8d035f4721d83aaf46df44bcbf94293b7843ad6deded64e0ac8,6fa433d99ecd2b36ecd9b6e4ce3d1b731846b024a65da00bc70b5b53b5fe4e04,1.3025090188224069,1.053179383277893,0.7841395529466371
p257_311.wav,RNNoise v0.2,40928,52d53b55b797c8d035f4721d83aaf46df44bcbf94293b7843ad6deded64e0ac8,6fa433d99ecd2b36ecd9b6e4ce3d1b731846b024a65da00bc70b5b53b5fe4e04,10.970123690665215,1.3528001308441162,0.7947943730791345
p257_311.wav,GTCRN,40928,52d53b55b797c8d035f4721d83aaf46df44bcbf94293b7843ad6deded64e0ac8,6fa433d99ecd2b36ecd9b6e4ce3d1b731846b024a65da00bc70b5b53b5fe4e04,13.09031162991186,1.8743901252746582,0.8411258952948634
p257_312.wav,Noisy,27447,f3fe489e41967b44500a85e7c93de0ea932778e9465c8f8af5216801ee5250cb,d2fb3179a538ba523917e4da4cdde699ddefe45be657ff39ea9b455f51af7de8,16.166208678350653,1.8816523551940918,0.9326133030428351
p257_312.wav,RNNoise v0.2,27447,f3fe489e41967b44500a85e7c93de0ea932778e9465c8f8af5216801ee5250cb,d2fb3179a538ba523917e4da4cdde699ddefe45be657ff39ea9b455f51af7de8,16.214542876233345,2.7602450847625732,0.9564789687520131
p257_312.wav,GTCRN,27447,f3fe489e41967b44500a85e7c93de0ea932778e9465c8f8af5216801ee5250cb,d2fb3179a538ba523917e4da4cdde699ddefe45be657ff39ea9b455f51af7de8,20.936339620412078,2.8301384449005127,0.9595451073742378
p257_313.wav,Noisy,39019,ac9d7f80299dfc765ca366b29a3ff71618ce79a0a4540143522136e56c0dd5b8,ffa484939315cf6351e2029d5219c2f0972e9d2f842059e0dead79f892e9a86c,10.563703011082522,1.1433793306350708,0.896905226352124
p257_313.wav,RNNoise v0.2,39019,ac9d7f80299dfc765ca366b29a3ff71618ce79a0a4540143522136e56c0dd5b8,ffa484939315cf6351e2029d5219c2f0972e9d2f842059e0dead79f892e9a86c,14.97643337088939,1.3237470388412476,0.8656525100254999
p257_313.wav,GTCRN,39019,ac9d7f80299dfc765ca366b29a3ff71618ce79a0a4540143522136e56c0dd5b8,ffa484939315cf6351e2029d5219c2f0972e9d2f842059e0dead79f892e9a86c,18.294187345323184,2.4784128665924072,0.9170251047893294
p257_314.wav,Noisy,52058,787e01e9904142546ce0971e4dce2b60796024d84b4e94e20f1d79dc109d49f1,5f3490b52728acf12156dcf36582e3dd12c618502c87db0e9ec40b415152a82a,6.541880413309887,1.2734458446502686,0.9263473085004306
p257_314.wav,RNNoise v0.2,52058,787e01e9904142546ce0971e4dce2b60796024d84b4e94e20f1d79dc109d49f1,5f3490b52728acf12156dcf36582e3dd12c618502c87db0e9ec40b415152a82a,11.684602538048916,1.751267433166504,0.901000871832117
p257_314.wav,GTCRN,52058,787e01e9904142546ce0971e4dce2b60796024d84b4e94e20f1d79dc109d49f1,5f3490b52728acf12156dcf36582e3dd12c618502c87db0e9ec40b415152a82a,13.452228366980073,2.1598989963531494,0.9374809479034008
p257_315.wav,Noisy,26691,d4fe016d400f0fac606cafa89ae27a7b3d4ae58c522cead64e63e8b98ee07725,b42a0f6876ce0f03b54d4cccf1bbc58e54a1df1250fe55cbf2dbe16470d5da91,0.5047001228231613,1.0544993877410889,0.7319964657079315
p257_315.wav,RNNoise v0.2,26691,d4fe016d400f0fac606cafa89ae27a7b3d4ae58c522cead64e63e8b98ee07725,b42a0f6876ce0f03b54d4cccf1bbc58e54a1df1250fe55cbf2dbe16470d5da91,10.61485888264607,1.1686334609985352,0.7709669365238547
p257_315.wav,GTCRN,26691,d4fe016d400f0fac606cafa89ae27a7b3d4ae58c522cead64e63e8b98ee07725,b42a0f6876ce0f03b54d4cccf1bbc58e54a1df1250fe55cbf2dbe16470d5da91,12.37139104260233,1.5393426418304443,0.8254431309715609
p257_316.wav,Noisy,29369,35eac3714f3295e0ff0800d3226849ebb363909bc9557861a0fd902ad6e4ac73,b77802b62ff0f93d70a116c8de0d7ccba790b2e56608821d48a350a67623d158,15.797808898066243,3.0375163555145264,0.9799189523671732
p257_316.wav,RNNoise v0.2,29369,35eac3714f3295e0ff0800d3226849ebb363909bc9557861a0fd902ad6e4ac73,b77802b62ff0f93d70a116c8de0d7ccba790b2e56608821d48a350a67623d158,15.51642790776347,3.521571397781372,0.9863053990330223
p257_316.wav,GTCRN,29369,35eac3714f3295e0ff0800d3226849ebb363909bc9557861a0fd902ad6e4ac73,b77802b62ff0f93d70a116c8de0d7ccba790b2e56608821d48a350a67623d158,20.149071497510477,3.521906614303589,0.9794253178079716
p257_317.wav,Noisy,28001,5425955cf0c022ba626fb80b787aa5aef2288682bf0e1a528afbc3e9160271a3,9aa9529ada5172e70dda802b706968f82e9cbbadcc2840550ef434ee979173cf,10.812487673767368,2.942800283432007,0.9862336663476884
p257_317.wav,RNNoise v0.2,28001,5425955cf0c022ba626fb80b787aa5aef2288682bf0e1a528afbc3e9160271a3,9aa9529ada5172e70dda802b706968f82e9cbbadcc2840550ef434ee979173cf,16.088938088935038,3.1496713161468506,0.9901343971638461
p257_317.wav,GTCRN,28001,5425955cf0c022ba626fb80b787aa5aef2288682bf0e1a528afbc3e9160271a3,9aa9529ada5172e70dda802b706968f82e9cbbadcc2840550ef434ee979173cf,20.648444612940974,3.963719606399536,0.9932023539642232
p257_318.wav,Noisy,38080,75c995c994712460fee6e590b9eff7b196bb361fc8053e9b43d502e11bd5b145,75e19240fab346ef882f4c3d189f1c96e6f830e50c362203a0fcb3f6536a4c73,5.462273864977744,2.093851089477539,0.9048346553615484
p257_318.wav,RNNoise v0.2,38080,75c995c994712460fee6e590b9eff7b196bb361fc8053e9b43d502e11bd5b145,75e19240fab346ef882f4c3d189f1c96e6f830e50c362203a0fcb3f6536a4c73,14.85197567809944,2.494941234588623,0.9351146671097693
p257_318.wav,GTCRN,38080,75c995c994712460fee6e590b9eff7b196bb361fc8053e9b43d502e11bd5b145,75e19240fab346ef882f4c3d189f1c96e6f830e50c362203a0fcb3f6536a4c73,20.667218136879733,3.4426002502441406,0.9392785653299335
p257_319.wav,Noisy,47266,d01704bcc5b30bdbe40efbd89bf98a9d15ff82ca803c3a5cbdc02ade3120ad05,8142faa826cf7b3c1d732a5880e4141f6eaf671b3fa8fb5cea7df4c253cb61c9,1.4346296055782246,1.2397637367248535,0.9503430081864214
p257_319.wav,RNNoise v0.2,47266,d01704bcc5b30bdbe40efbd89bf98a9d15ff82ca803c3a5cbdc02ade3120ad05,8142faa826cf7b3c1d732a5880e4141f6eaf671b3fa8fb5cea7df4c253cb61c9,14.098569268820281,1.4526441097259521,0.9168693506159828
p257_319.wav,GTCRN,47266,d01704bcc5b30bdbe40efbd89bf98a9d15ff82ca803c3a5cbdc02ade3120ad05,8142faa826cf7b3c1d732a5880e4141f6eaf671b3fa8fb5cea7df4c253cb61c9,19.9656049349289,2.9705400466918945,0.9393367122036265
p257_320.wav,Noisy,45181,8755e87880bdf1e375165d8e64f76fa5fc188e22e7870c62be1ee408418cd7ff,5daa8f514fdd912a4bff9f2ea66e35fc571c7677427aa7e35c87f725364caf80,16.417126835226302,2.790445327758789,0.9789375329900676
p257_320.wav,RNNoise v0.2,45181,8755e87880bdf1e375165d8e64f76fa5fc188e22e7870c62be1ee408418cd7ff,5daa8f514fdd912a4bff9f2ea66e35fc571c7677427aa7e35c87f725364caf80,15.533088135585873,3.224255323410034,0.9461154799620493
p257_320.wav,GTCRN,45181,8755e87880bdf1e375165d8e64f76fa5fc188e22e7870c62be1ee408418cd7ff,5daa8f514fdd912a4bff9f2ea66e35fc571c7677427aa7e35c87f725364caf80,21.27565433294983,3.6110916137695312,0.9725586936216938
p257_321.wav,Noisy,31285,bf012c2253d1cfc4b0f78cf5980c195e7bc8f291db4f7c74503d05b7097b47a6,f9ba87d9de73741ae0bcab9c590642c2839855ee6136ded48a0a35d573e3ff12,10.676470568262214,1.234166145324707,0.9052709006606439
p257_321.wav,RNNoise v0.2,31285,bf012c2253d1cfc4b0f78cf5980c195e7bc8f291db4f7c74503d05b7097b47a6,f9ba87d9de73741ae0bcab9c590642c2839855ee6136ded48a0a35d573e3ff12,15.624671839459976,1.7164270877838135,0.9180390717577708
p257_321.wav,GTCRN,31285,bf012c2253d1cfc4b0f78cf5980c195e7bc8f291db4f7c74503d05b7097b47a6,f9ba87d9de73741ae0bcab9c590642c2839855ee6136ded48a0a35d573e3ff12,21.032155235559976,2.8751492500305176,0.9365005180653055
p257_322.wav,Noisy,29096,fb910d46b3bf257e621b3d42fa99a9b6206ea121550f70ba97e13b26d78593c7,abe1ff33ca163946971fe4db3af7b618f6a1fee52f8ae8fe409afdb5d47d3dac,5.108209396238039,1.1339541673660278,0.8735958875530658
p257_322.wav,RNNoise v0.2,29096,fb910d46b3bf257e621b3d42fa99a9b6206ea121550f70ba97e13b26d78593c7,abe1ff33ca163946971fe4db3af7b618f6a1fee52f8ae8fe409afdb5d47d3dac,15.565443139375821,1.71966552734375,0.9637824128674772
p257_322.wav,GTCRN,29096,fb910d46b3bf257e621b3d42fa99a9b6206ea121550f70ba97e13b26d78593c7,abe1ff33ca163946971fe4db3af7b618f6a1fee52f8ae8fe409afdb5d47d3dac,19.35274683464811,2.564732551574707,0.9561172757071883
p257_323.wav,Noisy,27808,c43827272c36cdb2689f2f5cc95af28d4f7d1e8055a5b434ad33701232a251b6,9030f08bae7ed60e4198b21db0a5b65930e2d4b9b980b958091b1e4a3d03e992,1.384891564328987,1.1234983205795288,0.8694460920616172
p257_323.wav,RNNoise v0.2,27808,c43827272c36cdb2689f2f5cc95af28d4f7d1e8055a5b434ad33701232a251b6,9030f08bae7ed60e4198b21db0a5b65930e2d4b9b980b958091b1e4a3d03e992,12.812557479715977,1.271823525428772,0.8340173138996425
p257_323.wav,GTCRN,27808,c43827272c36cdb2689f2f5cc95af28d4f7d1e8055a5b434ad33701232a251b6,9030f08bae7ed60e4198b21db0a5b65930e2d4b9b980b958091b1e4a3d03e992,16.71582436879049,2.3956637382507324,0.9057698273336047
p257_324.wav,Noisy,56329,cfb5aff9d0fef292fb7ac0c7085c29fb3a18749d43fa59dc170a28e652a60576,34934467a1ca8be6471e2620da63ccb29d50cabe49ffae10f39b6cfd60d2181a,16.635160667724527,3.88179612159729,0.9957995863754727
p257_324.wav,RNNoise v0.2,56329,cfb5aff9d0fef292fb7ac0c7085c29fb3a18749d43fa59dc170a28e652a60576,34934467a1ca8be6471e2620da63ccb29d50cabe49ffae10f39b6cfd60d2181a,16.846244449200668,3.729572296142578,0.9918262995150418
p257_324.wav,GTCRN,56329,cfb5aff9d0fef292fb7ac0c7085c29fb3a18749d43fa59dc170a28e652a60576,34934467a1ca8be6471e2620da63ccb29d50cabe49ffae10f39b6cfd60d2181a,22.28898229045933,4.2450337409973145,0.9949044696396904
p257_325.wav,Noisy,32537,730b56ff9b7d82faa0aa4ecf552845bf5be9ee67c4099da3fd54c11e2b1cd654,2e8172ab40a2a18dd06c7026b0424ceb69ffac0a3b0f38e0d296b87a934a5f07,10.386348852696734,2.822687864303589,0.9918691111776555
p257_325.wav,RNNoise v0.2,32537,730b56ff9b7d82faa0aa4ecf552845bf5be9ee67c4099da3fd54c11e2b1cd654,2e8172ab40a2a18dd06c7026b0424ceb69ffac0a3b0f38e0d296b87a934a5f07,15.071681402929801,3.3195817470550537,0.9892251320467063
p257_325.wav,GTCRN,32537,730b56ff9b7d82faa0aa4ecf552845bf5be9ee67c4099da3fd54c11e2b1cd654,2e8172ab40a2a18dd06c7026b0424ceb69ffac0a3b0f38e0d296b87a934a5f07,20.447510868867557,3.4595935344696045,0.9937143156660885
p257_326.wav,Noisy,27787,a65df22db6a7a60f5f94f0329928c157e544c8b3781d77023f674fb15dfec3c6,bef00d66ebefe41a410500f9ea197f0d6a67272862d19296230ff55a6b44709c,5.9382106415250355,2.1832878589630127,0.9863944996383837
p257_326.wav,RNNoise v0.2,27787,a65df22db6a7a60f5f94f0329928c157e544c8b3781d77023f674fb15dfec3c6,bef00d66ebefe41a410500f9ea197f0d6a67272862d19296230ff55a6b44709c,14.169279442731568,2.5393316745758057,0.988799177174206
p257_326.wav,GTCRN,27787,a65df22db6a7a60f5f94f0329928c157e544c8b3781d77023f674fb15dfec3c6,bef00d66ebefe41a410500f9ea197f0d6a67272862d19296230ff55a6b44709c,17.785149210146592,3.1061415672302246,0.9938424431893441
p257_327.wav,Noisy,25474,6c11a3803fdddd4eb3a3b8d7eecb97ac90ffbface857c7d31407c15e8a9c7e73,1314f24467edd0449a78eb5df73dc365a6f4776eec80faf5daf56eed420f9386,0.2898118960473473,1.4362218379974365,0.9021842548682404
p257_327.wav,RNNoise v0.2,25474,6c11a3803fdddd4eb3a3b8d7eecb97ac90ffbface857c7d31407c15e8a9c7e73,1314f24467edd0449a78eb5df73dc365a6f4776eec80faf5daf56eed420f9386,13.563088558728534,1.6816896200180054,0.8149820100806746
p257_327.wav,GTCRN,25474,6c11a3803fdddd4eb3a3b8d7eecb97ac90ffbface857c7d31407c15e8a9c7e73,1314f24467edd0449a78eb5df73dc365a6f4776eec80faf5daf56eed420f9386,17.22532351172633,2.550929546356201,0.9250156064989592
p257_328.wav,Noisy,23227,3040966b9ce1bd99b352f900aff71c16380b31aa058f504a8b5e21eb9e0fda08,aa9db4914359317e7c02f77d96a53d9430a1fbacf943f2b190d6e6148273de0e,15.26150387670036,2.24544620513916,0.8834767010493842
p257_328.wav,RNNoise v0.2,23227,3040966b9ce1bd99b352f900aff71c16380b31aa058f504a8b5e21eb9e0fda08,aa9db4914359317e7c02f77d96a53d9430a1fbacf943f2b190d6e6148273de0e,16.065034535521455,2.354240894317627,0.8827341495626913
p257_328.wav,GTCRN,23227,3040966b9ce1bd99b352f900aff71c16380b31aa058f504a8b5e21eb9e0fda08,aa9db4914359317e7c02f77d96a53d9430a1fbacf943f2b190d6e6148273de0e,21.993674581052648,2.908527135848999,0.8218924439613647
p257_329.wav,Noisy,25184,31d5815ca7f712d3173a6a21170afedd1e24d40d96867dfb94b528a6430e23c5,e68cb557e3784c22523255297baf3f12881ff6607370691a28256bd50b4af04d,10.305731265033453,1.2686076164245605,0.8372135122263119
p257_329.wav,RNNoise v0.2,25184,31d5815ca7f712d3173a6a21170afedd1e24d40d96867dfb94b528a6430e23c5,e68cb557e3784c22523255297baf3f12881ff6607370691a28256bd50b4af04d,13.56652319036041,1.5044059753417969,0.8382603782803909
p257_329.wav,GTCRN,25184,31d5815ca7f712d3173a6a21170afedd1e24d40d96867dfb94b528a6430e23c5,e68cb557e3784c22523255297baf3f12881ff6607370691a28256bd50b4af04d,16.987496557070948,1.9699956178665161,0.846633868286094
p257_330.wav,Noisy,42380,c9689376d15105207317a4bf8dc0ced84f77cd406883b17eb887dd593a7ee225,7adc89029882301446f749cd7e57eae6d0b1e3e080ac4781f4d6b09e2fab203a,6.455384248134541,1.2590982913970947,0.943665843449031
p257_330.wav,RNNoise v0.2,42380,c9689376d15105207317a4bf8dc0ced84f77cd406883b17eb887dd593a7ee225,7adc89029882301446f749cd7e57eae6d0b1e3e080ac4781f4d6b09e2fab203a,13.838467561559785,2.1919705867767334,0.9441077545902128
p257_330.wav,GTCRN,42380,c9689376d15105207317a4bf8dc0ced84f77cd406883b17eb887dd593a7ee225,7adc89029882301446f749cd7e57eae6d0b1e3e080ac4781f4d6b09e2fab203a,17.51338770552752,2.897303342819214,0.9628418197423404
p257_331.wav,Noisy,33224,a132511425914082fc047d484c0309d980d4542ce31651d7a11032f235451eed,e650cd19abd9c61455532afc517ab532c6613311937ad45068de182b956b58f8,0.8855557506123488,1.0510592460632324,0.750741660863892
p257_331.wav,RNNoise v0.2,33224,a132511425914082fc047d484c0309d980d4542ce31651d7a11032f235451eed,e650cd19abd9c61455532afc517ab532c6613311937ad45068de182b956b58f8,8.677743429965137,1.3163130283355713,0.8172010189276826
p257_331.wav,GTCRN,33224,a132511425914082fc047d484c0309d980d4542ce31651d7a11032f235451eed,e650cd19abd9c61455532afc517ab532c6613311937ad45068de182b956b58f8,10.009915717100945,1.4979718923568726,0.8346865792655763
p257_332.wav,Noisy,45350,569a297181496f915d2561f6940a27fcc5fbe69f131d920f3d7cfa133c9c7b1a,fcd06c4dcfca73b9e2a4e68c07f528dfe863b7ef5c5944b807541efd145201a4,16.527864045776568,1.7965760231018066,0.9611958303111134
p257_332.wav,RNNoise v0.2,45350,569a297181496f915d2561f6940a27fcc5fbe69f131d920f3d7cfa133c9c7b1a,fcd06c4dcfca73b9e2a4e68c07f528dfe863b7ef5c5944b807541efd145201a4,15.061294039505487,2.324551582336426,0.9515925437729242
p257_332.wav,GTCRN,45350,569a297181496f915d2561f6940a27fcc5fbe69f131d920f3d7cfa133c9c7b1a,fcd06c4dcfca73b9e2a4e68c07f528dfe863b7ef5c5944b807541efd145201a4,20.434854541497558,2.7416958808898926,0.9688501455720784
p257_333.wav,Noisy,36970,966cec8ec798216b92e77b5e90a4d754ed2f1837fb0769161fa624759c631338,fd74d291efb01ea2ea6d6c59eb63396cd86dfbe47700964e3613b3b47c9e1313,11.103301793917222,1.7278904914855957,0.9647281485618338
p257_333.wav,RNNoise v0.2,36970,966cec8ec798216b92e77b5e90a4d754ed2f1837fb0769161fa624759c631338,fd74d291efb01ea2ea6d6c59eb63396cd86dfbe47700964e3613b3b47c9e1313,15.71151502234754,2.6867101192474365,0.9825204267690287
p257_333.wav,GTCRN,36970,966cec8ec798216b92e77b5e90a4d754ed2f1837fb0769161fa624759c631338,fd74d291efb01ea2ea6d6c59eb63396cd86dfbe47700964e3613b3b47c9e1313,18.771733382991314,3.2173686027526855,0.9805072839368671
p257_334.wav,Noisy,40305,8ccdb25d13f12978ea78ff68bd3b1f696ca7e558b47060f11f0a447f6fcdf7fd,a683f84ca6cb7db1070ed01f5ff3819726f7230e989e56358bce33834ad88775,5.4793069050111685,1.4146288633346558,0.8196337839763335
p257_334.wav,RNNoise v0.2,40305,8ccdb25d13f12978ea78ff68bd3b1f696ca7e558b47060f11f0a447f6fcdf7fd,a683f84ca6cb7db1070ed01f5ff3819726f7230e989e56358bce33834ad88775,12.640266820235018,1.9554839134216309,0.8033235987967905
p257_334.wav,GTCRN,40305,8ccdb25d13f12978ea78ff68bd3b1f696ca7e558b47060f11f0a447f6fcdf7fd,a683f84ca6cb7db1070ed01f5ff3819726f7230e989e56358bce33834ad88775,16.30390522071197,2.422315835952759,0.8438397901827561
p257_335.wav,Noisy,25316,05608d6ef536aa61cfe8b71c03930d6165e406b0922c60db0ff3bc3009957343,5d2e6e78a4974a6cf2bed653af23643f7a8370fd9de60060bfc5a97767a515cb,0.582729280901922,1.0984165668487549,0.7970327433434257
p257_335.wav,RNNoise v0.2,25316,05608d6ef536aa61cfe8b71c03930d6165e406b0922c60db0ff3bc3009957343,5d2e6e78a4974a6cf2bed653af23643f7a8370fd9de60060bfc5a97767a515cb,10.556171736045252,1.477982759475708,0.8591358980719753
p257_335.wav,GTCRN,25316,05608d6ef536aa61cfe8b71c03930d6165e406b0922c60db0ff3bc3009957343,5d2e6e78a4974a6cf2bed653af23643f7a8370fd9de60060bfc5a97767a515cb,14.102888067959338,1.978733777999878,0.7975218673967858
p257_336.wav,Noisy,51068,277e9a84a5f85b352d70fbab0270b239020599dbdc0b9aa138922deaf73b562d,787acdcb3c8675b18d2224a4438a817f803d0d5d4a4d40eb5e19ee2167c4550f,16.331574088867058,2.1394155025482178,0.9971608937615329
p257_336.wav,RNNoise v0.2,51068,277e9a84a5f85b352d70fbab0270b239020599dbdc0b9aa138922deaf73b562d,787acdcb3c8675b18d2224a4438a817f803d0d5d4a4d40eb5e19ee2167c4550f,17.5223178225709,3.429749011993408,0.9950099911349659
p257_336.wav,GTCRN,51068,277e9a84a5f85b352d70fbab0270b239020599dbdc0b9aa138922deaf73b562d,787acdcb3c8675b18d2224a4438a817f803d0d5d4a4d40eb5e19ee2167c4550f,23.721778971148897,4.12751579284668,0.9974873890247369
p257_337.wav,Noisy,33754,7b179743c149ab2b94f172b9a8b2c9fd7be127e4d88f53954fed2b7ccae9c7c6,fa4cb270c457957d3099d61efc3861a246dae2b800644b75e8e6524c7f52b385,9.798651635962095,2.1570019721984863,0.9131313148005604
p257_337.wav,RNNoise v0.2,33754,7b179743c149ab2b94f172b9a8b2c9fd7be127e4d88f53954fed2b7ccae9c7c6,fa4cb270c457957d3099d61efc3861a246dae2b800644b75e8e6524c7f52b385,13.1228718526891,2.3613698482513428,0.8301639975486728
p257_337.wav,GTCRN,33754,7b179743c149ab2b94f172b9a8b2c9fd7be127e4d88f53954fed2b7ccae9c7c6,fa4cb270c457957d3099d61efc3861a246dae2b800644b75e8e6524c7f52b385,16.628461152868592,2.614579916000366,0.9092254625535641
p257_338.wav,Noisy,42392,6ba686f2a11dd52b3f27a13f3fb91f8c3ea00fd28cb1ba038815bf0b3d1b8134,1c34338168758671878e0516b74e1a23d058631f749aafb9e19b95b3ae7cc90a,5.962321718933153,1.3840014934539795,0.913499642293392
p257_338.wav,RNNoise v0.2,42392,6ba686f2a11dd52b3f27a13f3fb91f8c3ea00fd28cb1ba038815bf0b3d1b8134,1c34338168758671878e0516b74e1a23d058631f749aafb9e19b95b3ae7cc90a,14.996625500118096,3.5351295471191406,0.935652303659187
p257_338.wav,GTCRN,42392,6ba686f2a11dd52b3f27a13f3fb91f8c3ea00fd28cb1ba038815bf0b3d1b8134,1c34338168758671878e0516b74e1a23d058631f749aafb9e19b95b3ae7cc90a,19.703444336416133,3.6963131427764893,0.9193945346615013
p257_339.wav,Noisy,52382,f240d3292c54b6e5af62148a107915cc8694e7dfbcf848291793713fd03ad59e,8b3344af7de6b0130058399f1fe9f34d2d636dd682748c38c0bb73721aec31f9,1.559359681893511,1.6613657474517822,0.9812863617295163
p257_339.wav,RNNoise v0.2,52382,f240d3292c54b6e5af62148a107915cc8694e7dfbcf848291793713fd03ad59e,8b3344af7de6b0130058399f1fe9f34d2d636dd682748c38c0bb73721aec31f9,14.178822877539115,2.5744829177856445,0.9559411491855324
p257_339.wav,GTCRN,52382,f240d3292c54b6e5af62148a107915cc8694e7dfbcf848291793713fd03ad59e,8b3344af7de6b0130058399f1fe9f34d2d636dd682748c38c0bb73721aec31f9,19.14559227605168,3.469841957092285,0.9900856956237915
p257_340.wav,Noisy,29635,25f450b1802b3d6733074df13139af92fb098a7305a346fae1c88431bbdc0d3a,48959087f2ecd8206066bb960cdedfa6f2c52c371823d70fc53e2f6a594838d2,15.595156519863554,2.7482266426086426,0.9772978058481059
p257_340.wav,RNNoise v0.2,29635,25f450b1802b3d6733074df13139af92fb098a7305a346fae1c88431bbdc0d3a,48959087f2ecd8206066bb960cdedfa6f2c52c371823d70fc53e2f6a594838d2,14.74190203128277,3.541396141052246,0.9859555975018066
p257_340.wav,GTCRN,29635,25f450b1802b3d6733074df13139af92fb098a7305a346fae1c88431bbdc0d3a,48959087f2ecd8206066bb960cdedfa6f2c52c371823d70fc53e2f6a594838d2,19.684735351504806,3.639676094055176,0.989428233868685
p257_341.wav,Noisy,38503,76f132caf5407f76aa02391032a37e66d29d923b395968faa94e4f0500ec5073,7115896e566589a15f9dcb7eab86e19939680c54d5c959d2dbda3c39f1f25c4c,11.154461404261411,1.4112555980682373,0.9833596396923974
p257_341.wav,RNNoise v0.2,38503,76f132caf5407f76aa02391032a37e66d29d923b395968faa94e4f0500ec5073,7115896e566589a15f9dcb7eab86e19939680c54d5c959d2dbda3c39f1f25c4c,15.46683129581406,2.8611483573913574,0.9785746909500495
p257_341.wav,GTCRN,38503,76f132caf5407f76aa02391032a37e66d29d923b395968faa94e4f0500ec5073,7115896e566589a15f9dcb7eab86e19939680c54d5c959d2dbda3c39f1f25c4c,20.822042334246085,3.1626899242401123,0.9872954687452755
p257_342.wav,Noisy,31960,8f256d57d32fa4a5623340bbe38492968e6de73e11cfaf1f25c467327a4744e2,75229b86b728674e7e5017c8e88ac3d5d6cf39eed7b32f89480de0d8946c55b7,5.388627496246015,1.2273330688476562,0.9169488712652484
p257_342.wav,RNNoise v0.2,31960,8f256d57d32fa4a5623340bbe38492968e6de73e11cfaf1f25c467327a4744e2,75229b86b728674e7e5017c8e88ac3d5d6cf39eed7b32f89480de0d8946c55b7,14.400434381260359,1.61238694190979,0.8982462708274126
p257_342.wav,GTCRN,31960,8f256d57d32fa4a5623340bbe38492968e6de73e11cfaf1f25c467327a4744e2,75229b86b728674e7e5017c8e88ac3d5d6cf39eed7b32f89480de0d8946c55b7,19.817503935493693,2.6193273067474365,0.9389261734038732
p257_343.wav,Noisy,47743,8204746e88c580abe963fd730cee1d9b17e28cdd71843399e748472360940b87,b807c97f33f5a7e4dea56c85e7cdd615ef39729d1fd9c376a386c2b18ba19409,1.4031935958571546,1.1450822353363037,0.9240299424098973
p257_343.wav,RNNoise v0.2,47743,8204746e88c580abe963fd730cee1d9b17e28cdd71843399e748472360940b87,b807c97f33f5a7e4dea56c85e7cdd615ef39729d1fd9c376a386c2b18ba19409,12.993225204834122,1.7915886640548706,0.9116854106652611
p257_343.wav,GTCRN,47743,8204746e88c580abe963fd730cee1d9b17e28cdd71843399e748472360940b87,b807c97f33f5a7e4dea56c85e7cdd615ef39729d1fd9c376a386c2b18ba19409,16.06134494864954,2.4329051971435547,0.9540977095541897
p257_344.wav,Noisy,30380,bd209b7f3f8eac66b104ce868ce4b6a48964419cc8a4ee2d285fbab241d3ea64,e451cf2cce2046aaf368978e10cc7ab4863285c701fc281231c702ac2a857a26,15.766089452192995,1.9573230743408203,0.9754241310180071
p257_344.wav,RNNoise v0.2,30380,bd209b7f3f8eac66b104ce868ce4b6a48964419cc8a4ee2d285fbab241d3ea64,e451cf2cce2046aaf368978e10cc7ab4863285c701fc281231c702ac2a857a26,16.52687877329931,3.6602210998535156,0.9801854352520649
p257_344.wav,GTCRN,30380,bd209b7f3f8eac66b104ce868ce4b6a48964419cc8a4ee2d285fbab241d3ea64,e451cf2cce2046aaf368978e10cc7ab4863285c701fc281231c702ac2a857a26,21.841252570650298,3.9269092082977295,0.9846758078935388
p257_345.wav,Noisy,46966,106242e43d96bb861cae461c9751e24c718fc2c99a33ef095f5f06c2ea7d608d,df9a9f1fd706059cf2bcc20b0de0e6fb8eef9edb7b5fe16e6e3ea1f23c5e1c9f,11.410429895432264,3.50455641746521,0.9791022588597924
p257_345.wav,RNNoise v0.2,46966,106242e43d96bb861cae461c9751e24c718fc2c99a33ef095f5f06c2ea7d608d,df9a9f1fd706059cf2bcc20b0de0e6fb8eef9edb7b5fe16e6e3ea1f23c5e1c9f,15.082420218122914,3.6125776767730713,0.9833718149018801
p257_345.wav,GTCRN,46966,106242e43d96bb861cae461c9751e24c718fc2c99a33ef095f5f06c2ea7d608d,df9a9f1fd706059cf2bcc20b0de0e6fb8eef9edb7b5fe16e6e3ea1f23c5e1c9f,20.159715144135127,4.031753063201904,0.9888234947396718
p257_346.wav,Noisy,35569,cffa51b209aa0a2f24e54bfb65c3ca30be0d545a9acde35a9486cec4eff61d83,5c7a85bc5c19c75a2d60284c79f512f9318b6074eed3dc65ba966859a5aac715,6.098557144349105,1.6609153747558594,0.9615842547205615
p257_346.wav,RNNoise v0.2,35569,cffa51b209aa0a2f24e54bfb65c3ca30be0d545a9acde35a9486cec4eff61d83,5c7a85bc5c19c75a2d60284c79f512f9318b6074eed3dc65ba966859a5aac715,15.665809932469685,3.0300207138061523,0.9695623999381282
p257_346.wav,GTCRN,35569,cffa51b209aa0a2f24e54bfb65c3ca30be0d545a9acde35a9486cec4eff61d83,5c7a85bc5c19c75a2d60284c79f512f9318b6074eed3dc65ba966859a5aac715,20.40128127489328,3.2415931224823,0.9778485003479445
p257_347.wav,Noisy,48893,480fb274fe04586784f520b914ca4a6ebb8a2c72d1d662efd0c962f2759aebf5,8481b285a48219302d213249cf02c2b9ce0abde98d58707465d9b069de4158d6,1.4518348077617378,1.5815668106079102,0.8947335232827186
p257_347.wav,RNNoise v0.2,48893,480fb274fe04586784f520b914ca4a6ebb8a2c72d1d662efd0c962f2759aebf5,8481b285a48219302d213249cf02c2b9ce0abde98d58707465d9b069de4158d6,13.23831660659668,2.061504364013672,0.9252597958372816
p257_347.wav,GTCRN,48893,480fb274fe04586784f520b914ca4a6ebb8a2c72d1d662efd0c962f2759aebf5,8481b285a48219302d213249cf02c2b9ce0abde98d58707465d9b069de4158d6,17.451716652801757,2.6407763957977295,0.9377491534880442
p257_348.wav,Noisy,32677,6846d99b54970f4208cfd3e3d396543bd0a6d375f263aee98be6ffae5259231c,d5b7315a133ef772ef00f89b6f5d9139933ef1d95969df16693800d4a76a0077,15.950252716264359,1.1633987426757812,0.943899581069594
p257_348.wav,RNNoise v0.2,32677,6846d99b54970f4208cfd3e3d396543bd0a6d375f263aee98be6ffae5259231c,d5b7315a133ef772ef00f89b6f5d9139933ef1d95969df16693800d4a76a0077,15.292562136792494,1.783355951309204,0.9031460259902534
p257_348.wav,GTCRN,32677,6846d99b54970f4208cfd3e3d396543bd0a6d375f263aee98be6ffae5259231c,d5b7315a133ef772ef00f89b6f5d9139933ef1d95969df16693800d4a76a0077,19.71901784812738,2.8640987873077393,0.9552031732237093
p257_349.wav,Noisy,42046,95ae363d7ae908b1bd69dde3135b7e54e855e9faf103a31645208f10c4ccd8d6,a00bfbb40909188362f05858f471f7c9cf6d54cfb1e493c98670b2d4bd8e25f4,11.040679655259888,1.2171897888183594,0.9283075592796856
p257_349.wav,RNNoise v0.2,42046,95ae363d7ae908b1bd69dde3135b7e54e855e9faf103a31645208f10c4ccd8d6,a00bfbb40909188362f05858f471f7c9cf6d54cfb1e493c98670b2d4bd8e25f4,15.204234082011459,1.6007249355316162,0.9242806028001865
p257_349.wav,GTCRN,42046,95ae363d7ae908b1bd69dde3135b7e54e855e9faf103a31645208f10c4ccd8d6,a00bfbb40909188362f05858f471f7c9cf6d54cfb1e493c98670b2d4bd8e25f4,18.935236307959585,2.5945136547088623,0.9498333305541756
p257_350.wav,Noisy,44415,179fe4477962eb762e142bed9c87f8c52ddd566c45d83977c4045a89a116cbad,e3f91ab2ecfe320df677b2894a62ab5e24cff774d622ca8d3208bf2088d730f1,6.990854918251749,1.2575457096099854,0.9106806517056706
p257_350.wav,RNNoise v0.2,44415,179fe4477962eb762e142bed9c87f8c52ddd566c45d83977c4045a89a116cbad,e3f91ab2ecfe320df677b2894a62ab5e24cff774d622ca8d3208bf2088d730f1,12.126854933944323,1.4513887166976929,0.8870995590043447
p257_350.wav,GTCRN,44415,179fe4477962eb762e142bed9c87f8c52ddd566c45d83977c4045a89a116cbad,e3f91ab2ecfe320df677b2894a62ab5e24cff774d622ca8d3208bf2088d730f1,14.511834523172265,1.7591338157653809,0.9213334074826905
p257_351.wav,Noisy,45042,7fa48ca7fcda1e01bac562060c39b6dad2cb7528399be64f80c2b8130b7d1ac4,23f5923feaf4be6f6ab5e34cf4af46b0fe5c5263ce7b7c1b74ea04e70f452b96,1.4918087508073283,1.0715947151184082,0.7883896016073503
p257_351.wav,RNNoise v0.2,45042,7fa48ca7fcda1e01bac562060c39b6dad2cb7528399be64f80c2b8130b7d1ac4,23f5923feaf4be6f6ab5e34cf4af46b0fe5c5263ce7b7c1b74ea04e70f452b96,7.6449124395657355,1.1811704635620117,0.8207635912144714
p257_351.wav,GTCRN,45042,7fa48ca7fcda1e01bac562060c39b6dad2cb7528399be64f80c2b8130b7d1ac4,23f5923feaf4be6f6ab5e34cf4af46b0fe5c5263ce7b7c1b74ea04e70f452b96,9.813669048608105,1.5391731262207031,0.8635864897971964
p257_352.wav,Noisy,33830,40fad5dce1a149606171b3ae41aad1ef73d611c855913c6b8222b30eda34a7ee,4714d554e024da0de301cda24149195001313264b08841bcdac0c6faece24c18,16.06812878258822,2.3926684856414795,0.9342471414650665
p257_352.wav,RNNoise v0.2,33830,40fad5dce1a149606171b3ae41aad1ef73d611c855913c6b8222b30eda34a7ee,4714d554e024da0de301cda24149195001313264b08841bcdac0c6faece24c18,15.621335642112575,3.084780216217041,0.946615999954762
p257_352.wav,GTCRN,33830,40fad5dce1a149606171b3ae41aad1ef73d611c855913c6b8222b30eda34a7ee,4714d554e024da0de301cda24149195001313264b08841bcdac0c6faece24c18,20.341312006532796,3.414191722869873,0.9502209773461927
p257_353.wav,Noisy,26258,90f0ebc7a2a6bfdf0ee743b3648845dd6b86948ceb81b8d9bafc39f81d22d637,a73dc81d79b3b2903eba82e0403a5eab15b4f17008300c006285ec6df0f5dc56,10.478982368888198,1.1275959014892578,0.8984020591873074
p257_353.wav,RNNoise v0.2,26258,90f0ebc7a2a6bfdf0ee743b3648845dd6b86948ceb81b8d9bafc39f81d22d637,a73dc81d79b3b2903eba82e0403a5eab15b4f17008300c006285ec6df0f5dc56,13.737642942483909,2.0674514770507812,0.8550725951669791
p257_353.wav,GTCRN,26258,90f0ebc7a2a6bfdf0ee743b3648845dd6b86948ceb81b8d9bafc39f81d22d637,a73dc81d79b3b2903eba82e0403a5eab15b4f17008300c006285ec6df0f5dc56,17.12259513246593,2.6403212547302246,0.9128948929530177
p257_354.wav,Noisy,32813,6996bd22b39b8c8664e38c4fab551fd6602fbddf15061d65fcb6b6cfc7c1ddc7,b7a5f94a8c013f41d47ab13117d0fd7aadc422a8ac77b74a421fed104de2784c,4.874642786699043,1.084702491760254,0.8070635672819675
p257_354.wav,RNNoise v0.2,32813,6996bd22b39b8c8664e38c4fab551fd6602fbddf15061d65fcb6b6cfc7c1ddc7,b7a5f94a8c013f41d47ab13117d0fd7aadc422a8ac77b74a421fed104de2784c,12.924225783359322,1.7838411331176758,0.8723789724745056
p257_354.wav,GTCRN,32813,6996bd22b39b8c8664e38c4fab551fd6602fbddf15061d65fcb6b6cfc7c1ddc7,b7a5f94a8c013f41d47ab13117d0fd7aadc422a8ac77b74a421fed104de2784c,14.558991809876744,1.9469739198684692,0.8925183716251487
p257_355.wav,Noisy,31232,ba83deb0e04599efeb58ffc465c1f236fa07450d192f1b71f52a79965a2e1764,03e96611100888adadff8c0c72ac430e162a35df235ca3bd1bb4d107440f0f33,1.4228411852138299,1.111609697341919,0.8846178393538939
p257_355.wav,RNNoise v0.2,31232,ba83deb0e04599efeb58ffc465c1f236fa07450d192f1b71f52a79965a2e1764,03e96611100888adadff8c0c72ac430e162a35df235ca3bd1bb4d107440f0f33,8.88217881209202,1.2577990293502808,0.8638493690539926
p257_355.wav,GTCRN,31232,ba83deb0e04599efeb58ffc465c1f236fa07450d192f1b71f52a79965a2e1764,03e96611100888adadff8c0c72ac430e162a35df235ca3bd1bb4d107440f0f33,9.613953230127725,1.6730756759643555,0.8852960838017784
p257_356.wav,Noisy,34995,9d7289132b79d8d203f5be6f9a1add05faf438fa862c43bbcc88ebfa968d1ecd,5d84d91ed58f887a79d5cba0520a1360fe66be236d352a3046895bcb035ab3be,15.654035633089142,1.8044763803482056,0.9958450714030708
p257_356.wav,RNNoise v0.2,34995,9d7289132b79d8d203f5be6f9a1add05faf438fa862c43bbcc88ebfa968d1ecd,5d84d91ed58f887a79d5cba0520a1360fe66be236d352a3046895bcb035ab3be,15.906460235457182,3.292327880859375,0.9930730401481858
p257_356.wav,GTCRN,34995,9d7289132b79d8d203f5be6f9a1add05faf438fa862c43bbcc88ebfa968d1ecd,5d84d91ed58f887a79d5cba0520a1360fe66be236d352a3046895bcb035ab3be,22.524246916688284,4.239477634429932,0.9964878811027961
p257_357.wav,Noisy,34346,10f867e88b28bdd53434557b1f662e39dc3687175827fd02b53412a480c5885a,793ab79b5250f938434c1fac5e1611f98957efce8c3ce8c5d1f6ec80b2922607,10.91965477130846,3.2069790363311768,0.9978209791909746
p257_357.wav,RNNoise v0.2,34346,10f867e88b28bdd53434557b1f662e39dc3687175827fd02b53412a480c5885a,793ab79b5250f938434c1fac5e1611f98957efce8c3ce8c5d1f6ec80b2922607,15.868623442641807,3.577303409576416,0.994789853017354
p257_357.wav,GTCRN,34346,10f867e88b28bdd53434557b1f662e39dc3687175827fd02b53412a480c5885a,793ab79b5250f938434c1fac5e1611f98957efce8c3ce8c5d1f6ec80b2922607,21.116461765074213,4.131910800933838,0.9982952622774218
p257_358.wav,Noisy,57537,26ac9217c5732ebe08acf46e6d66b0796e7ffe326136f2370abe1bcb155bb454,d22b8a584c06c61f9ce1048d9fc8db4fbe9100590131f96036bc9ebbf470e6fd,6.641608007652079,2.982623815536499,0.9762966756085222
p257_358.wav,RNNoise v0.2,57537,26ac9217c5732ebe08acf46e6d66b0796e7ffe326136f2370abe1bcb155bb454,d22b8a584c06c61f9ce1048d9fc8db4fbe9100590131f96036bc9ebbf470e6fd,15.079240057690251,3.5103845596313477,0.9655258901077466
p257_358.wav,GTCRN,57537,26ac9217c5732ebe08acf46e6d66b0796e7ffe326136f2370abe1bcb155bb454,d22b8a584c06c61f9ce1048d9fc8db4fbe9100590131f96036bc9ebbf470e6fd,20.09792982804315,3.9005937576293945,0.9834764518783405
p257_359.wav,Noisy,40212,d465a460f87d4acbffcd63eeeb4b35835249989fb221215bb584c147e7844bb2,d0589788939a9366ac0ef88d0176d295e534a66c31001f67d0c48699f73d3ea7,1.0555249288960042,1.7053000926971436,0.962660571638116
p257_359.wav,RNNoise v0.2,40212,d465a460f87d4acbffcd63eeeb4b35835249989fb221215bb584c147e7844bb2,d0589788939a9366ac0ef88d0176d295e534a66c31001f67d0c48699f73d3ea7,13.811155657751016,2.589592695236206,0.9662195121758052
p257_359.wav,GTCRN,40212,d465a460f87d4acbffcd63eeeb4b35835249989fb221215bb584c147e7844bb2,d0589788939a9366ac0ef88d0176d295e534a66c31001f67d0c48699f73d3ea7,17.798651558741227,3.095022678375244,0.9769021565359056
p257_360.wav,Noisy,45131,a5fd8c79fd2a0146207a28262a3bb4dd52b63cc04b7408e0bd9c504c58b19804,5e934522b03fa3a456074a4a7cb2a2b11fc50839342d8582d471b0118fef99a8,16.412761948231577,2.164520263671875,0.9867989801984798
p257_360.wav,RNNoise v0.2,45131,a5fd8c79fd2a0146207a28262a3bb4dd52b63cc04b7408e0bd9c504c58b19804,5e934522b03fa3a456074a4a7cb2a2b11fc50839342d8582d471b0118fef99a8,15.677428580191632,3.22829008102417,0.9869326235877953
p257_360.wav,GTCRN,45131,a5fd8c79fd2a0146207a28262a3bb4dd52b63cc04b7408e0bd9c504c58b19804,5e934522b03fa3a456074a4a7cb2a2b11fc50839342d8582d471b0118fef99a8,20.355362907569102,3.4150216579437256,0.9923309415106008
p257_361.wav,Noisy,23188,ad04b3d4ed70efe8bd80bcc18c3a931a24be18aaf0c8cec81d5645118a8494cd,f4c82550360e535f83fc8fdeecf73eec6564afa05d8147e263d889f4072415bc,9.906805869810784,1.2859270572662354,0.9471668672716812
p257_361.wav,RNNoise v0.2,23188,ad04b3d4ed70efe8bd80bcc18c3a931a24be18aaf0c8cec81d5645118a8494cd,f4c82550360e535f83fc8fdeecf73eec6564afa05d8147e263d889f4072415bc,15.808292260545127,2.4265778064727783,0.9284325126386767
p257_361.wav,GTCRN,23188,ad04b3d4ed70efe8bd80bcc18c3a931a24be18aaf0c8cec81d5645118a8494cd,f4c82550360e535f83fc8fdeecf73eec6564afa05d8147e263d889f4072415bc,20.88666323527873,3.032982110977173,0.9734663919362365
p257_362.wav,Noisy,30152,04035c8d3df7012939fb03c862419a637bd93c4fccd627c89e4cf1f94d93e32c,afc143815436c4d580b89dc7aeea2f2fbbced539eca7c080638d47f19b710bcc,5.097322752164793,1.1043856143951416,0.910760264110207
p257_362.wav,RNNoise v0.2,30152,04035c8d3df7012939fb03c862419a637bd93c4fccd627c89e4cf1f94d93e32c,afc143815436c4d580b89dc7aeea2f2fbbced539eca7c080638d47f19b710bcc,14.474295484930915,1.3156192302703857,0.9201419771906325
p257_362.wav,GTCRN,30152,04035c8d3df7012939fb03c862419a637bd93c4fccd627c89e4cf1f94d93e32c,afc143815436c4d580b89dc7aeea2f2fbbced539eca7c080638d47f19b710bcc,18.107558631815508,1.7011268138885498,0.9206657792247286
p257_363.wav,Noisy,33230,d0b8ea016408e236ecf42d6f370f337a352f7aa5030faae7e99839878d52a068,f818857d7ac647d7c1ddfea62c13791a8d91b6d825ff208ef2dbd8dad6699ef3,0.022988014417556844,1.1060134172439575,0.7783383996064469
p257_363.wav,RNNoise v0.2,33230,d0b8ea016408e236ecf42d6f370f337a352f7aa5030faae7e99839878d52a068,f818857d7ac647d7c1ddfea62c13791a8d91b6d825ff208ef2dbd8dad6699ef3,13.746696162392439,1.3001796007156372,0.8463041261945872
p257_363.wav,GTCRN,33230,d0b8ea016408e236ecf42d6f370f337a352f7aa5030faae7e99839878d52a068,f818857d7ac647d7c1ddfea62c13791a8d91b6d825ff208ef2dbd8dad6699ef3,17.237551223957077,2.0088813304901123,0.8579184000575166
p257_364.wav,Noisy,50954,a7e7af54d5bf44a29371cf01012996594ac03b673b76df8cdb0b0d0d38c6bd15,7518902aaee02a3fe1da65a835476018d6872bdda7df558add837b8f73761663,17.085131380995456,3.8684089183807373,0.9987635037051884
p257_364.wav,RNNoise v0.2,50954,a7e7af54d5bf44a29371cf01012996594ac03b673b76df8cdb0b0d0d38c6bd15,7518902aaee02a3fe1da65a835476018d6872bdda7df558add837b8f73761663,15.057843726967967,3.768855333328247,0.9910150941094618
p257_364.wav,GTCRN,50954,a7e7af54d5bf44a29371cf01012996594ac03b673b76df8cdb0b0d0d38c6bd15,7518902aaee02a3fe1da65a835476018d6872bdda7df558add837b8f73761663,20.400550473514173,4.051790714263916,0.997787942982489
p257_365.wav,Noisy,33585,f9e998e1cd8bba2b7680dde867e903a3bfaab4c8322c597395360cfddb092fb2,057c0241957c38802456bd455b0ad85423b065f994c7a64ed178cd849e064648,10.522732930621698,3.03826642036438,0.9845441178287643
p257_365.wav,RNNoise v0.2,33585,f9e998e1cd8bba2b7680dde867e903a3bfaab4c8322c597395360cfddb092fb2,057c0241957c38802456bd455b0ad85423b065f994c7a64ed178cd849e064648,15.416135670545367,3.0612480640411377,0.9663644602000977
p257_365.wav,GTCRN,33585,f9e998e1cd8bba2b7680dde867e903a3bfaab4c8322c597395360cfddb092fb2,057c0241957c38802456bd455b0ad85423b065f994c7a64ed178cd849e064648,19.75617936290645,3.837066173553467,0.984260760356241
p257_366.wav,Noisy,53843,5f02a28f73ca091a9f1ce0273d41546147c8a9f3ea3618fbd042c3d3c98fc60c,e377705ad6186f377ff79f60219ed9d299204d982a6b50bcc4e3a59f3fddc389,6.6570414652339664,1.7973206043243408,0.9872732242762374
p257_366.wav,RNNoise v0.2,53843,5f02a28f73ca091a9f1ce0273d41546147c8a9f3ea3618fbd042c3d3c98fc60c,e377705ad6186f377ff79f60219ed9d299204d982a6b50bcc4e3a59f3fddc389,15.123079198444621,3.3057363033294678,0.9872457431620104
p257_366.wav,GTCRN,53843,5f02a28f73ca091a9f1ce0273d41546147c8a9f3ea3618fbd042c3d3c98fc60c,e377705ad6186f377ff79f60219ed9d299204d982a6b50bcc4e3a59f3fddc389,20.641517111725427,3.6450178623199463,0.9918213818785047
p257_367.wav,Noisy,51910,a694444e72a1425c969d127bd882dfdd8b33a4cee7e8b3a6496aa34318d5d80c,dc3c30830bf250c8d0c4e88461592748864b285c8bd4a557f81213629625e071,1.6147481379326711,1.1691207885742188,0.974876750480054
p257_367.wav,RNNoise v0.2,51910,a694444e72a1425c969d127bd882dfdd8b33a4cee7e8b3a6496aa34318d5d80c,dc3c30830bf250c8d0c4e88461592748864b285c8bd4a557f81213629625e071,13.049178852718741,1.9808882474899292,0.9746602831878574
p257_367.wav,GTCRN,51910,a694444e72a1425c969d127bd882dfdd8b33a4cee7e8b3a6496aa34318d5d80c,dc3c30830bf250c8d0c4e88461592748864b285c8bd4a557f81213629625e071,16.656829994281686,2.668907403945923,0.9823769881745636
p257_368.wav,Noisy,33574,87a3b2d9a078c73206eee9f6a544d665a7a3fad7ed949505212377096e481ad6,305b887963c50093b6df59843c0cbec2b2d7eb8abe16f8f9ae3b031376ecd2d6,15.75902940677384,1.7117277383804321,0.9250018621744148
p257_368.wav,RNNoise v0.2,33574,87a3b2d9a078c73206eee9f6a544d665a7a3fad7ed949505212377096e481ad6,305b887963c50093b6df59843c0cbec2b2d7eb8abe16f8f9ae3b031376ecd2d6,14.380669220238502,2.3048501014709473,0.9101175587418339
p257_368.wav,GTCRN,33574,87a3b2d9a078c73206eee9f6a544d665a7a3fad7ed949505212377096e481ad6,305b887963c50093b6df59843c0cbec2b2d7eb8abe16f8f9ae3b031376ecd2d6,19.439372567156003,3.0287833213806152,0.954174568141123
p257_369.wav,Noisy,36553,fa560f31128e0998b0e1e541e90d588b48866e5fa0612e01b91932d7d5c74e21,0782543896b9a9434d7425774114c0572364edae2a92cda4e592ac386c1a1a7e,10.388218193691772,1.3074619770050049,0.9270458635311418
p257_369.wav,RNNoise v0.2,36553,fa560f31128e0998b0e1e541e90d588b48866e5fa0612e01b91932d7d5c74e21,0782543896b9a9434d7425774114c0572364edae2a92cda4e592ac386c1a1a7e,15.976159487389673,2.333544969558716,0.9129333705770791
p257_369.wav,GTCRN,36553,fa560f31128e0998b0e1e541e90d588b48866e5fa0612e01b91932d7d5c74e21,0782543896b9a9434d7425774114c0572364edae2a92cda4e592ac386c1a1a7e,21.56675486192799,3.318744659423828,0.9603283672196139
p257_370.wav,Noisy,35463,ca3cf78c16ba6cd9551984703cf3e2cbf39ecec8764effa103d8b132fc79c9f5,7b6428511495b647661f0730c80e90261b24353040b2299133bf5dc24dfdbf0b,6.098325222736474,1.2102773189544678,0.8115926211812762
p257_370.wav,RNNoise v0.2,35463,ca3cf78c16ba6cd9551984703cf3e2cbf39ecec8764effa103d8b132fc79c9f5,7b6428511495b647661f0730c80e90261b24353040b2299133bf5dc24dfdbf0b,12.753433790448273,1.4704523086547852,0.8509300205656858
p257_370.wav,GTCRN,35463,ca3cf78c16ba6cd9551984703cf3e2cbf39ecec8764effa103d8b132fc79c9f5,7b6428511495b647661f0730c80e90261b24353040b2299133bf5dc24dfdbf0b,15.053029680386112,2.1849193572998047,0.896724840777321
p257_371.wav,Noisy,26230,13ae22f940bc7650fc79b8e54d05396f415e427fe3b12576ac223c7ed0d8dfc3,00b2f4e7431f7bd390322f2f0a45746a2e3a67c6e7d0a158fcaab1c319f62527,0.554829415700224,1.198622703552246,0.9115400598923136
p257_371.wav,RNNoise v0.2,26230,13ae22f940bc7650fc79b8e54d05396f415e427fe3b12576ac223c7ed0d8dfc3,00b2f4e7431f7bd390322f2f0a45746a2e3a67c6e7d0a158fcaab1c319f62527,11.835617163319947,1.9741253852844238,0.9313307809805867
p257_371.wav,GTCRN,26230,13ae22f940bc7650fc79b8e54d05396f415e427fe3b12576ac223c7ed0d8dfc3,00b2f4e7431f7bd390322f2f0a45746a2e3a67c6e7d0a158fcaab1c319f62527,15.94376958600031,2.5384302139282227,0.964073276045234
p257_372.wav,Noisy,32160,4e3df92ef6d34b8f243d2f1d42590a4247ddbc31c40a2732dcae2a67fdf19b2f,31024b45b27b44e6a48c031c750039028a0e4ebd6294a9e6365dbcfa46e679f5,15.978180799948316,2.5682575702667236,0.9930232530002612
p257_372.wav,RNNoise v0.2,32160,4e3df92ef6d34b8f243d2f1d42590a4247ddbc31c40a2732dcae2a67fdf19b2f,31024b45b27b44e6a48c031c750039028a0e4ebd6294a9e6365dbcfa46e679f5,15.035145802835945,3.275120973587036,0.9807263161116463
p257_372.wav,GTCRN,32160,4e3df92ef6d34b8f243d2f1d42590a4247ddbc31c40a2732dcae2a67fdf19b2f,31024b45b27b44e6a48c031c750039028a0e4ebd6294a9e6365dbcfa46e679f5,20.264538703475825,3.8421244621276855,0.9949431378611963
p257_373.wav,Noisy,22611,45cee27ce40d2437e4c19f9ddea59f0f1554c25432a68626eece8e0b0b91e91f,f6c89a0429a2c5aa526625bc8b2711eef086533d2f6cf9ba8ee6e56102e84c81,10.516088939302469,1.1042722463607788,0.9358115552948925
p257_373.wav,RNNoise v0.2,22611,45cee27ce40d2437e4c19f9ddea59f0f1554c25432a68626eece8e0b0b91e91f,f6c89a0429a2c5aa526625bc8b2711eef086533d2f6cf9ba8ee6e56102e84c81,13.713564918752306,1.3014757633209229,0.9670912343366281
p257_373.wav,GTCRN,22611,45cee27ce40d2437e4c19f9ddea59f0f1554c25432a68626eece8e0b0b91e91f,f6c89a0429a2c5aa526625bc8b2711eef086533d2f6cf9ba8ee6e56102e84c81,17.63359307075738,2.9743518829345703,0.9664011715590353
p257_374.wav,Noisy,41300,da4efd8a992a9ebb8e26a59bace7facc6758b816834ba23e59e549cf389a83dd,630a9aca6e9005c7c527998b841ba55e1d99b7e3dbff24133508ae3ba1f76264,5.786258134927358,1.2264595031738281,0.9317008073991312
p257_374.wav,RNNoise v0.2,41300,da4efd8a992a9ebb8e26a59bace7facc6758b816834ba23e59e549cf389a83dd,630a9aca6e9005c7c527998b841ba55e1d99b7e3dbff24133508ae3ba1f76264,13.084018010440271,1.931788682937622,0.9523977797610261
p257_374.wav,GTCRN,41300,da4efd8a992a9ebb8e26a59bace7facc6758b816834ba23e59e549cf389a83dd,630a9aca6e9005c7c527998b841ba55e1d99b7e3dbff24133508ae3ba1f76264,19.340713135502618,3.0542850494384766,0.9620566290129807
p257_375.wav,Noisy,46319,7af7b7e612987cf5f243675d118a55b1a7b49f064699dffd119fb458b3d48263,d4085b3887faa8533ea86607b4c22273ffdf751f035527b76aadaddf496b2af8,2.000767527656881,1.04598867893219,0.7490478210212657
p257_375.wav,RNNoise v0.2,46319,7af7b7e612987cf5f243675d118a55b1a7b49f064699dffd119fb458b3d48263,d4085b3887faa8533ea86607b4c22273ffdf751f035527b76aadaddf496b2af8,9.233537417965247,1.5027132034301758,0.8233100796027872
p257_375.wav,GTCRN,46319,7af7b7e612987cf5f243675d118a55b1a7b49f064699dffd119fb458b3d48263,d4085b3887faa8533ea86607b4c22273ffdf751f035527b76aadaddf496b2af8,10.287345170583206,1.5637614727020264,0.8296099774526257
p257_376.wav,Noisy,36320,fd00d21e98c415afc0ea08aedca4896961f2b0038bf9e6fb3401575260c8f8dd,6f096742805f7e6aca2b095cc1e1bde437faa9d362892f2f9126a9febf6343a3,16.73257820938477,3.023662567138672,0.8922134497615868
p257_376.wav,RNNoise v0.2,36320,fd00d21e98c415afc0ea08aedca4896961f2b0038bf9e6fb3401575260c8f8dd,6f096742805f7e6aca2b095cc1e1bde437faa9d362892f2f9126a9febf6343a3,11.816906477839673,3.1855714321136475,0.8629060345817876
p257_376.wav,GTCRN,36320,fd00d21e98c415afc0ea08aedca4896961f2b0038bf9e6fb3401575260c8f8dd,6f096742805f7e6aca2b095cc1e1bde437faa9d362892f2f9126a9febf6343a3,14.949181560533997,3.5705935955047607,0.8847540639102338
p257_377.wav,Noisy,43026,e5cde765bb3f5459d49bd575d1ab294a110402d89a9551d0457fcb4eb917f18e,c134622dc9a15e76a834ad6bb73e8e92d53e210ead2ffbcf90e7a6cd943b858d,11.033895623305174,2.935643434524536,0.9402184685239666
p257_377.wav,RNNoise v0.2,43026,e5cde765bb3f5459d49bd575d1ab294a110402d89a9551d0457fcb4eb917f18e,c134622dc9a15e76a834ad6bb73e8e92d53e210ead2ffbcf90e7a6cd943b858d,16.89732613648795,3.340723752975464,0.9401799889488688
p257_377.wav,GTCRN,43026,e5cde765bb3f5459d49bd575d1ab294a110402d89a9551d0457fcb4eb917f18e,c134622dc9a15e76a834ad6bb73e8e92d53e210ead2ffbcf90e7a6cd943b858d,21.77933741876073,3.2595438957214355,0.945580800453567
p257_378.wav,Noisy,27520,e9795b154ef9e749770a0243bc15af731107fa127982112208e951c11e138c82,55d8c8b060cbde52a5f461366ef28011c27eab3d676f8f2cb1120fdaf2894996,4.678906224985367,1.7832448482513428,0.7779603697221433
p257_378.wav,RNNoise v0.2,27520,e9795b154ef9e749770a0243bc15af731107fa127982112208e951c11e138c82,55d8c8b060cbde52a5f461366ef28011c27eab3d676f8f2cb1120fdaf2894996,14.535096820656062,2.7615280151367188,0.8233378388112575
p257_378.wav,GTCRN,27520,e9795b154ef9e749770a0243bc15af731107fa127982112208e951c11e138c82,55d8c8b060cbde52a5f461366ef28011c27eab3d676f8f2cb1120fdaf2894996,16.903981695403285,3.121152400970459,0.8236444304088182
p257_379.wav,Noisy,56297,0e6fbcf23bfe4a1daadf38fdb6f7e571b622dc394d386084d60dcd95e54db6bf,bc607a09c40c903fd382fca38a1fc95072f416ca4d2714a1229011f32f5a7080,1.3541177944091918,1.7767248153686523,0.9616758455790886
p257_379.wav,RNNoise v0.2,56297,0e6fbcf23bfe4a1daadf38fdb6f7e571b622dc394d386084d60dcd95e54db6bf,bc607a09c40c903fd382fca38a1fc95072f416ca4d2714a1229011f32f5a7080,13.130579562453741,2.6432409286499023,0.9575540364132498
p257_379.wav,GTCRN,56297,0e6fbcf23bfe4a1daadf38fdb6f7e571b622dc394d386084d60dcd95e54db6bf,bc607a09c40c903fd382fca38a1fc95072f416ca4d2714a1229011f32f5a7080,18.1124680216679,2.734362840652466,0.9677795046448423
p257_380.wav,Noisy,35543,e714060cd1206758f34b9af972ed7ca0faa1d550e83b6fe3153ced3738b727ac,9b9f1918d3cc8c86f4c21a2531e20a320afedeef6fc9471e5c352f52f5eaaf87,16.267304840889306,2.133831024169922,0.9882644223048893
p257_380.wav,RNNoise v0.2,35543,e714060cd1206758f34b9af972ed7ca0faa1d550e83b6fe3153ced3738b727ac,9b9f1918d3cc8c86f4c21a2531e20a320afedeef6fc9471e5c352f52f5eaaf87,14.381608644175243,2.653564214706421,0.994202807981602
p257_380.wav,GTCRN,35543,e714060cd1206758f34b9af972ed7ca0faa1d550e83b6fe3153ced3738b727ac,9b9f1918d3cc8c86f4c21a2531e20a320afedeef6fc9471e5c352f52f5eaaf87,20.595674075914804,3.0025503635406494,0.9947276009037264
p257_381.wav,Noisy,48595,8051f10f610eb7c4d5c3153c0c1c7bb9ac70dd45da03ed36336e5a2b399859d2,6efc5ada1e3273fc9b95d85ed14181d54ade5bf05d668aab7170d9265afc6cb6,11.012504026566226,1.4779345989227295,0.9240113177048269
p257_381.wav,RNNoise v0.2,48595,8051f10f610eb7c4d5c3153c0c1c7bb9ac70dd45da03ed36336e5a2b399859d2,6efc5ada1e3273fc9b95d85ed14181d54ade5bf05d668aab7170d9265afc6cb6,15.128853716037629,2.376049280166626,0.9134993331966731
p257_381.wav,GTCRN,48595,8051f10f610eb7c4d5c3153c0c1c7bb9ac70dd45da03ed36336e5a2b399859d2,6efc5ada1e3273fc9b95d85ed14181d54ade5bf05d668aab7170d9265afc6cb6,19.538949164558748,3.3506100177764893,0.9559173308763002
p257_382.wav,Noisy,30089,d31c32a0ddefd45e1d1de4bca5ceed252dd8f110c4da4277a3461b994b1f5798,c256d8964ed21b15af57320be994dbb3f41bf93a7587e78b848346591ae76ab7,5.0471760167575495,1.080493450164795,0.8941629685073091
p257_382.wav,RNNoise v0.2,30089,d31c32a0ddefd45e1d1de4bca5ceed252dd8f110c4da4277a3461b994b1f5798,c256d8964ed21b15af57320be994dbb3f41bf93a7587e78b848346591ae76ab7,12.361486013942661,1.705284833908081,0.9344101954087658
p257_382.wav,GTCRN,30089,d31c32a0ddefd45e1d1de4bca5ceed252dd8f110c4da4277a3461b994b1f5798,c256d8964ed21b15af57320be994dbb3f41bf93a7587e78b848346591ae76ab7,15.978101449700414,2.285329580307007,0.93461795705057
p257_383.wav,Noisy,54994,859b0281ac9ba4b5fac386d87d5464aabb2f831c3e1b8720b914c703272f41b2,db69a37619f5f167b749287b888e542cd81c640f270d4b88c9b85764495e0ca1,1.6203792696863617,1.2373727560043335,0.9144517048893588
p257_383.wav,RNNoise v0.2,54994,859b0281ac9ba4b5fac386d87d5464aabb2f831c3e1b8720b914c703272f41b2,db69a37619f5f167b749287b888e542cd81c640f270d4b88c9b85764495e0ca1,14.229425445568449,1.3712033033370972,0.9486951126399624
p257_383.wav,GTCRN,54994,859b0281ac9ba4b5fac386d87d5464aabb2f831c3e1b8720b914c703272f41b2,db69a37619f5f167b749287b888e542cd81c640f270d4b88c9b85764495e0ca1,17.46876359877149,1.738251805305481,0.9532631726020963
p257_384.wav,Noisy,44480,b55f45034905d2eb9407ea186c5fcc3adfeeec01ec925eb0f5a6be0f8031b375,2e4047484626b4eb7b89697ab6fba657a8d5c33bdda45012090cf575ad055b8b,15.802754498032048,3.2560691833496094,0.9658507968000016
p257_384.wav,RNNoise v0.2,44480,b55f45034905d2eb9407ea186c5fcc3adfeeec01ec925eb0f5a6be0f8031b375,2e4047484626b4eb7b89697ab6fba657a8d5c33bdda45012090cf575ad055b8b,16.399245241722713,3.7827162742614746,0.9765311742751984
p257_384.wav,GTCRN,44480,b55f45034905d2eb9407ea186c5fcc3adfeeec01ec925eb0f5a6be0f8031b375,2e4047484626b4eb7b89697ab6fba657a8d5c33bdda45012090cf575ad055b8b,22.77962774517382,3.7793424129486084,0.9556492774067727
p257_385.wav,Noisy,35436,0d36928448af1f60e281e795e6dbcf80817c991568c41f45f5c0e3d4898b2210,8c0502a58c9409cc0b42e32561f4ec49b089e563e1f19be58efecdc63a0be93d,11.495317314120317,2.792574882507324,0.9379116412985142
p257_385.wav,RNNoise v0.2,35436,0d36928448af1f60e281e795e6dbcf80817c991568c41f45f5c0e3d4898b2210,8c0502a58c9409cc0b42e32561f4ec49b089e563e1f19be58efecdc63a0be93d,12.849720607023569,3.00736665725708,0.9521498550111056
p257_385.wav,GTCRN,35436,0d36928448af1f60e281e795e6dbcf80817c991568c41f45f5c0e3d4898b2210,8c0502a58c9409cc0b42e32561f4ec49b089e563e1f19be58efecdc63a0be93d,16.0177392675881,3.2685482501983643,0.9388059517469997
p257_386.wav,Noisy,34866,4350168ac84e2b864e8a4b2f8aba874a75a74a77c55e8ec33d8875ee2e91d9f1,b4fdc64205b6518098d613c249ed9a58108f002637dea46d0fe826fd218ee644,5.49192489314935,2.7185802459716797,0.9786887592376974
p257_386.wav,RNNoise v0.2,34866,4350168ac84e2b864e8a4b2f8aba874a75a74a77c55e8ec33d8875ee2e91d9f1,b4fdc64205b6518098d613c249ed9a58108f002637dea46d0fe826fd218ee644,14.899465224552886,3.1785573959350586,0.9833774660417379
p257_386.wav,GTCRN,34866,4350168ac84e2b864e8a4b2f8aba874a75a74a77c55e8ec33d8875ee2e91d9f1,b4fdc64205b6518098d613c249ed9a58108f002637dea46d0fe826fd218ee644,20.447608469379148,3.1983015537261963,0.9849186535322884
p257_387.wav,Noisy,22940,375bcbd8bf9664c83400a95917ec4f6c655039149a41de060e87c07fcfa8698a,6c193f21b109c6c6cc4b20c0174a54406d1c9762964368be7466a7b0763ae72a,-0.7581103162893714,1.1100045442581177,0.8442617820861892
p257_387.wav,RNNoise v0.2,22940,375bcbd8bf9664c83400a95917ec4f6c655039149a41de060e87c07fcfa8698a,6c193f21b109c6c6cc4b20c0174a54406d1c9762964368be7466a7b0763ae72a,13.008672525221073,1.3415143489837646,0.7392787400599392
p257_387.wav,GTCRN,22940,375bcbd8bf9664c83400a95917ec4f6c655039149a41de060e87c07fcfa8698a,6c193f21b109c6c6cc4b20c0174a54406d1c9762964368be7466a7b0763ae72a,16.576804945423262,2.2285923957824707,0.8210647864561889
p257_388.wav,Noisy,26937,6b0eb051b03b10ead50a1ac7008774615ce4b7f71c83c165937ce0a4e09057ff,478c8cd677ef59eafefe8d8ade3babed8dd1cf763851c267e884bbc0ab511dca,16.05309242872707,1.2455074787139893,0.9583336645489527
p257_388.wav,RNNoise v0.2,26937,6b0eb051b03b10ead50a1ac7008774615ce4b7f71c83c165937ce0a4e09057ff,478c8cd677ef59eafefe8d8ade3babed8dd1cf763851c267e884bbc0ab511dca,16.666369370902668,2.655129909515381,0.9343950038100352
p257_388.wav,GTCRN,26937,6b0eb051b03b10ead50a1ac7008774615ce4b7f71c83c165937ce0a4e09057ff,478c8cd677ef59eafefe8d8ade3babed8dd1cf763851c267e884bbc0ab511dca,21.179747846296948,2.7559921741485596,0.9744941539448791
p257_389.wav,Noisy,53758,51f21d2c14875ad072a724a98b968965f4fcfb40446527b27bc0a81388b659ba,f5608a5a3b53b7c818153d4479d92f2318449fbe3806a32a411ebb5846fd7171,11.866382333917215,1.5469772815704346,0.943173113406671
p257_389.wav,RNNoise v0.2,53758,51f21d2c14875ad072a724a98b968965f4fcfb40446527b27bc0a81388b659ba,f5608a5a3b53b7c818153d4479d92f2318449fbe3806a32a411ebb5846fd7171,13.879171231870234,1.8553109169006348,0.9127183752801664
p257_389.wav,GTCRN,53758,51f21d2c14875ad072a724a98b968965f4fcfb40446527b27bc0a81388b659ba,f5608a5a3b53b7c818153d4479d92f2318449fbe3806a32a411ebb5846fd7171,17.869688543786133,2.7992236614227295,0.9528302101161601
p257_390.wav,Noisy,24596,e9220cdcf70384d69a361f420ae77e931b10a0335ad700e4ea0dc0d3be8cd2c2,5c1012087e4c0904160461c4453fe9417fbfd04ff5a75dad287e1588de0ea5c8,5.9704604840370195,1.24271559715271,0.8882860388494406
p257_390.wav,RNNoise v0.2,24596,e9220cdcf70384d69a361f420ae77e931b10a0335ad700e4ea0dc0d3be8cd2c2,5c1012087e4c0904160461c4453fe9417fbfd04ff5a75dad287e1588de0ea5c8,12.025751517697929,1.3284437656402588,0.7694345709382696
p257_390.wav,GTCRN,24596,e9220cdcf70384d69a361f420ae77e931b10a0335ad700e4ea0dc0d3be8cd2c2,5c1012087e4c0904160461c4453fe9417fbfd04ff5a75dad287e1588de0ea5c8,14.959849950535984,1.8244549036026,0.7967938142354076
p257_391.wav,Noisy,36918,902e7be5e275e30b03d400494669eea50660a992d8fd5f34b485099eefa76d82,5a6b90fa2eb98395abb46c7e5fdb30dda9089aeea45ecfa7042e152ef5647572,1.500422385948086,1.184352993965149,0.8412543387201074
p257_391.wav,RNNoise v0.2,36918,902e7be5e275e30b03d400494669eea50660a992d8fd5f34b485099eefa76d82,5a6b90fa2eb98395abb46c7e5fdb30dda9089aeea45ecfa7042e152ef5647572,11.312927510683629,1.500791311264038,0.8507151623481861
p257_391.wav,GTCRN,36918,902e7be5e275e30b03d400494669eea50660a992d8fd5f34b485099eefa76d82,5a6b90fa2eb98395abb46c7e5fdb30dda9089aeea45ecfa7042e152ef5647572,13.844338958608535,1.9053623676300049,0.8832593435157747
p257_392.wav,Noisy,38992,293f914ff5a8a1e10d19f9f89cde7de7b04e0cd434e395b389b26ca0c9d53305,29a9981fcb26041c4b6a1b39a7b05c37489aba68bfef08ef271ad9989521d2dd,16.834871215180847,2.4473414421081543,0.9848044987566817
p257_392.wav,RNNoise v0.2,38992,293f914ff5a8a1e10d19f9f89cde7de7b04e0cd434e395b389b26ca0c9d53305,29a9981fcb26041c4b6a1b39a7b05c37489aba68bfef08ef271ad9989521d2dd,15.471594403193427,2.925156831741333,0.9770437313236964
p257_392.wav,GTCRN,38992,293f914ff5a8a1e10d19f9f89cde7de7b04e0cd434e395b389b26ca0c9d53305,29a9981fcb26041c4b6a1b39a7b05c37489aba68bfef08ef271ad9989521d2dd,20.002173131482998,3.556274652481079,0.9875036647673802
p257_393.wav,Noisy,37569,0d44ddd114239e36cd2df40c988683e4cc33e66968ac44ab9e2f2eb0d4080935,ca4b8a0571e7866127a5058c4820040eb07ae3ad79b8133f221c671ec49dc8c4,11.106287224927904,1.5842649936676025,0.9450747427654944
p257_393.wav,RNNoise v0.2,37569,0d44ddd114239e36cd2df40c988683e4cc33e66968ac44ab9e2f2eb0d4080935,ca4b8a0571e7866127a5058c4820040eb07ae3ad79b8133f221c671ec49dc8c4,13.695509420034707,2.44085431098938,0.9574830929985743
p257_393.wav,GTCRN,37569,0d44ddd114239e36cd2df40c988683e4cc33e66968ac44ab9e2f2eb0d4080935,ca4b8a0571e7866127a5058c4820040eb07ae3ad79b8133f221c671ec49dc8c4,16.879098683110062,3.0782597064971924,0.9571452164882908
p257_394.wav,Noisy,46124,ebe5b616868a90f98a434e2f459d3703a945a701b3887dd8225c14e08be37c8f,f84d466e37cebd3759d98cad1dbaf93e88bbb439669b47c402480c021c8f9061,6.4217876999011825,1.4570965766906738,0.9618419348953425
p257_394.wav,RNNoise v0.2,46124,ebe5b616868a90f98a434e2f459d3703a945a701b3887dd8225c14e08be37c8f,f84d466e37cebd3759d98cad1dbaf93e88bbb439669b47c402480c021c8f9061,15.120343516344539,2.2453715801239014,0.944624465225381
p257_394.wav,GTCRN,46124,ebe5b616868a90f98a434e2f459d3703a945a701b3887dd8225c14e08be37c8f,f84d466e37cebd3759d98cad1dbaf93e88bbb439669b47c402480c021c8f9061,18.083987122073413,2.8788886070251465,0.972474871390389
p257_395.wav,Noisy,37548,32f2d0c6d94ea8d9367f46f6a487ec186325f124d502c3c8739e89ec1b59f4d3,1678b36cb8382e0152f692c368ab9ebe600821266e328c2695eae973cd9b0431,1.1216210891394267,1.172690749168396,0.8833136401183653
p257_395.wav,RNNoise v0.2,37548,32f2d0c6d94ea8d9367f46f6a487ec186325f124d502c3c8739e89ec1b59f4d3,1678b36cb8382e0152f692c368ab9ebe600821266e328c2695eae973cd9b0431,8.925593387713489,1.4674012660980225,0.9105298569506595
p257_395.wav,GTCRN,37548,32f2d0c6d94ea8d9367f46f6a487ec186325f124d502c3c8739e89ec1b59f4d3,1678b36cb8382e0152f692c368ab9ebe600821266e328c2695eae973cd9b0431,12.893038862811036,1.865328073501587,0.9263071316594725
p257_396.wav,Noisy,27582,da592a9c1024a626683f15a46b7ac3ca51154bafb5a6117fa87ec08bb89b6e65,b69ea0c24eb534ea077365a85829ee30ee0f9104c186c8c005301d728bce1b41,15.760779890079899,3.2951507568359375,0.9947467161309709
p257_396.wav,RNNoise v0.2,27582,da592a9c1024a626683f15a46b7ac3ca51154bafb5a6117fa87ec08bb89b6e65,b69ea0c24eb534ea077365a85829ee30ee0f9104c186c8c005301d728bce1b41,16.008488573086385,3.62570858001709,0.9927926099441883
p257_396.wav,GTCRN,27582,da592a9c1024a626683f15a46b7ac3ca51154bafb5a6117fa87ec08bb89b6e65,b69ea0c24eb534ea077365a85829ee30ee0f9104c186c8c005301d728bce1b41,21.43984904034295,3.90096378326416,0.9842812073753431
p257_397.wav,Noisy,30076,b14612855f1f0fc589fc37ee35e4bbbe8757cdd78c26065fbc826f8fdb6e463b,28b6b2035a6e83ae34567e94ab643a7358f5074daede089c05868b5eb1ad951f,10.365085032692518,3.0056824684143066,0.9943933543651668
p257_397.wav,RNNoise v0.2,30076,b14612855f1f0fc589fc37ee35e4bbbe8757cdd78c26065fbc826f8fdb6e463b,28b6b2035a6e83ae34567e94ab643a7358f5074daede089c05868b5eb1ad951f,15.138766549270542,3.389211654663086,0.9633699170910731
p257_397.wav,GTCRN,30076,b14612855f1f0fc589fc37ee35e4bbbe8757cdd78c26065fbc826f8fdb6e463b,28b6b2035a6e83ae34567e94ab643a7358f5074daede089c05868b5eb1ad951f,21.12645037879076,3.863436698913574,0.9951156851998001
p257_398.wav,Noisy,25282,9d2f23c802bfefa7f74092d03b36fa539799634a7bd1d3ff9c2709b41d3742e4,d3e6f558839fa3cc539574c24c05cb136cf8d7e4a6a78fefc76e8023355e1d59,5.439572653598999,1.2118909358978271,0.8737877950586418
p257_398.wav,RNNoise v0.2,25282,9d2f23c802bfefa7f74092d03b36fa539799634a7bd1d3ff9c2709b41d3742e4,d3e6f558839fa3cc539574c24c05cb136cf8d7e4a6a78fefc76e8023355e1d59,14.851574977311223,2.979525566101074,0.8397688319621407
p257_398.wav,GTCRN,25282,9d2f23c802bfefa7f74092d03b36fa539799634a7bd1d3ff9c2709b41d3742e4,d3e6f558839fa3cc539574c24c05cb136cf8d7e4a6a78fefc76e8023355e1d59,20.614716333488595,2.5478515625,0.8983242859323731
p257_399.wav,Noisy,44559,67ff4a3b4ef7a1e0b58962f2d6ccc221b798d337bd36185368db3dffe5e78161,1e3ba8d1a99175682f31142c4c6d347c09f871d3b9539fb8a3828996ee2aaf50,1.764732539602936,1.7953135967254639,0.9833522294708222
p257_399.wav,RNNoise v0.2,44559,67ff4a3b4ef7a1e0b58962f2d6ccc221b798d337bd36185368db3dffe5e78161,1e3ba8d1a99175682f31142c4c6d347c09f871d3b9539fb8a3828996ee2aaf50,14.516450779138953,2.596627950668335,0.9595254692931421
p257_399.wav,GTCRN,44559,67ff4a3b4ef7a1e0b58962f2d6ccc221b798d337bd36185368db3dffe5e78161,1e3ba8d1a99175682f31142c4c6d347c09f871d3b9539fb8a3828996ee2aaf50,18.694148564487666,3.244795560836792,0.9865873409802118
p257_400.wav,Noisy,30473,db34f82eb64c5d6cf8d12516699eb83e722179cae434245fb1ae365be7f94732,fced9d6f5ef364e16614d90b446af97fa278e26f46b1cae490444cef572fbacd,15.662254638336817,1.889772891998291,0.9101983900785433
p257_400.wav,RNNoise v0.2,30473,db34f82eb64c5d6cf8d12516699eb83e722179cae434245fb1ae365be7f94732,fced9d6f5ef364e16614d90b446af97fa278e26f46b1cae490444cef572fbacd,15.598987703980121,2.7953951358795166,0.8874564610482991
p257_400.wav,GTCRN,30473,db34f82eb64c5d6cf8d12516699eb83e722179cae434245fb1ae365be7f94732,fced9d6f5ef364e16614d90b446af97fa278e26f46b1cae490444cef572fbacd,21.914571596487672,2.7959609031677246,0.9086595075432012
p257_401.wav,Noisy,28384,e523c9f12ef6071e59dfb586d467132ffca3b0d2a654cbe25c008c516a6a6c6f,415fce28e7ac8d5386bc5591296a59e1d55297bffbe824296e11f300a17ed21f,10.251435112134839,1.1460015773773193,0.9169040376402812
p257_401.wav,RNNoise v0.2,28384,e523c9f12ef6071e59dfb586d467132ffca3b0d2a654cbe25c008c516a6a6c6f,415fce28e7ac8d5386bc5591296a59e1d55297bffbe824296e11f300a17ed21f,15.551812374970362,2.1374690532684326,0.8987546805650454
p257_401.wav,GTCRN,28384,e523c9f12ef6071e59dfb586d467132ffca3b0d2a654cbe25c008c516a6a6c6f,415fce28e7ac8d5386bc5591296a59e1d55297bffbe824296e11f300a17ed21f,18.16897528358798,2.557037830352783,0.9412423530873936
p257_402.wav,Noisy,48022,2d9a592a059640b93b4e98c306e9c90ef9b7cafe60bf72cff3dbcd04f48a64fd,a83349225bc100f3a3869b2d3ead720b8e631c5f977b7d5c57e4ef77e2c66ac4,6.356047624249154,1.290747880935669,0.9592073313678405
p257_402.wav,RNNoise v0.2,48022,2d9a592a059640b93b4e98c306e9c90ef9b7cafe60bf72cff3dbcd04f48a64fd,a83349225bc100f3a3869b2d3ead720b8e631c5f977b7d5c57e4ef77e2c66ac4,15.138530565491086,2.353821039199829,0.9769936229366106
p257_402.wav,GTCRN,48022,2d9a592a059640b93b4e98c306e9c90ef9b7cafe60bf72cff3dbcd04f48a64fd,a83349225bc100f3a3869b2d3ead720b8e631c5f977b7d5c57e4ef77e2c66ac4,19.36099527313039,2.9479870796203613,0.9794173006025457
p257_403.wav,Noisy,33952,e61787aa5a0c57b6799d5617689105b896c5fa321f04e86501b48c1a4cf13517,1970861d6970db5828e204786f089ba641f3aaf76ea5c22b769d22f7417b17a5,1.0837390010619887,1.2747063636779785,0.9254299968183869
p257_403.wav,RNNoise v0.2,33952,e61787aa5a0c57b6799d5617689105b896c5fa321f04e86501b48c1a4cf13517,1970861d6970db5828e204786f089ba641f3aaf76ea5c22b769d22f7417b17a5,13.86436846817077,2.306774854660034,0.929783961200691
p257_403.wav,GTCRN,33952,e61787aa5a0c57b6799d5617689105b896c5fa321f04e86501b48c1a4cf13517,1970861d6970db5828e204786f089ba641f3aaf76ea5c22b769d22f7417b17a5,17.595235111305975,2.4880566596984863,0.9306019713015848
p257_404.wav,Noisy,38560,e55b056fb413f16d4b719bd52e79412b8b0bfba3086d3bdd4827d7230f7b8308,94ce0678b95a5307414a0e47723ca09f65feb783fd56329bb132df83ac46c1e1,15.225197584490823,3.589606285095215,0.9216204771015544
p257_404.wav,RNNoise v0.2,38560,e55b056fb413f16d4b719bd52e79412b8b0bfba3086d3bdd4827d7230f7b8308,94ce0678b95a5307414a0e47723ca09f65feb783fd56329bb132df83ac46c1e1,15.128405008855703,3.368960380554199,0.9031081818537807
p257_404.wav,GTCRN,38560,e55b056fb413f16d4b719bd52e79412b8b0bfba3086d3bdd4827d7230f7b8308,94ce0678b95a5307414a0e47723ca09f65feb783fd56329bb132df83ac46c1e1,19.956418997700872,3.88720703125,0.9189819677830476
p257_405.wav,Noisy,32843,402e07b5489430ad29d30d09ef55df2ca9814f9e191664005662ae838a4ca69f,97d39550318e07fc918fbf0c9cdf0870ccef04317565cfb90f2ea43b1c1e1e6f,10.597500642964397,2.089357852935791,0.8987857603966871
p257_405.wav,RNNoise v0.2,32843,402e07b5489430ad29d30d09ef55df2ca9814f9e191664005662ae838a4ca69f,97d39550318e07fc918fbf0c9cdf0870ccef04317565cfb90f2ea43b1c1e1e6f,14.631473289946646,2.6582672595977783,0.893830258978402
p257_405.wav,GTCRN,32843,402e07b5489430ad29d30d09ef55df2ca9814f9e191664005662ae838a4ca69f,97d39550318e07fc918fbf0c9cdf0870ccef04317565cfb90f2ea43b1c1e1e6f,19.00550076784032,2.5433549880981445,0.8974342624719687
p257_406.wav,Noisy,44803,d3d6bf19e2976bfe6864240399106fcc2018d7e41e08779eb802356371662793,f6f6fa3dc94c61a6fea2b2b33e17ce899a5e55f11aaa8c9ad7fd52882684b610,6.50632984574481,3.2715706825256348,0.9826223089539092
p257_406.wav,RNNoise v0.2,44803,d3d6bf19e2976bfe6864240399106fcc2018d7e41e08779eb802356371662793,f6f6fa3dc94c61a6fea2b2b33e17ce899a5e55f11aaa8c9ad7fd52882684b610,15.227122558856772,3.4874753952026367,0.9845216957935519
p257_406.wav,GTCRN,44803,d3d6bf19e2976bfe6864240399106fcc2018d7e41e08779eb802356371662793,f6f6fa3dc94c61a6fea2b2b33e17ce899a5e55f11aaa8c9ad7fd52882684b610,19.40070966463598,3.9619274139404297,0.9906260311863342
p257_407.wav,Noisy,40298,98b8609cba3e143e385e62c53d14f66acb6594583e452eef9d63617b19eff9f6,04c25c15ef7237bf4c773d7f06d6ffb868c1ab13c6c8db651fa53d7252d3b7d9,1.2779612321288683,1.4095487594604492,0.9738194856888015
p257_407.wav,RNNoise v0.2,40298,98b8609cba3e143e385e62c53d14f66acb6594583e452eef9d63617b19eff9f6,04c25c15ef7237bf4c773d7f06d6ffb868c1ab13c6c8db651fa53d7252d3b7d9,13.516765785689742,1.6672000885009766,0.9556756752219894
p257_407.wav,GTCRN,40298,98b8609cba3e143e385e62c53d14f66acb6594583e452eef9d63617b19eff9f6,04c25c15ef7237bf4c773d7f06d6ffb868c1ab13c6c8db651fa53d7252d3b7d9,18.9856205216959,2.8599467277526855,0.9556526827105347
p257_408.wav,Noisy,38075,0a8560d1f26e7b1f779346a779e362f10796a1855ee4f64d97f7ab7a1613f6ff,a4fbd378de4bd80edd3c5ad1518f2e2554b82f8e13b071ffce1ad24b710aea32,16.154390749703573,1.7974534034729004,0.9359177463997986
p257_408.wav,RNNoise v0.2,38075,0a8560d1f26e7b1f779346a779e362f10796a1855ee4f64d97f7ab7a1613f6ff,a4fbd378de4bd80edd3c5ad1518f2e2554b82f8e13b071ffce1ad24b710aea32,14.733560597069406,1.6941418647766113,0.8673092279449002
p257_408.wav,GTCRN,38075,0a8560d1f26e7b1f779346a779e362f10796a1855ee4f64d97f7ab7a1613f6ff,a4fbd378de4bd80edd3c5ad1518f2e2554b82f8e13b071ffce1ad24b710aea32,19.68700284460987,2.421349048614502,0.939377978202303
p257_409.wav,Noisy,30109,e0a444f61a5eca72673e04fe4ecf646c729d36c93edf9e1a375404c721a64037,47e894abc2068f321c34de8acbb4783d712c1582521e7663845e995571ef8edf,10.074470140464234,1.1235010623931885,0.9115307618842379
p257_409.wav,RNNoise v0.2,30109,e0a444f61a5eca72673e04fe4ecf646c729d36c93edf9e1a375404c721a64037,47e894abc2068f321c34de8acbb4783d712c1582521e7663845e995571ef8edf,14.960491933578288,1.8706382513046265,0.9114378545770996
p257_409.wav,GTCRN,30109,e0a444f61a5eca72673e04fe4ecf646c729d36c93edf9e1a375404c721a64037,47e894abc2068f321c34de8acbb4783d712c1582521e7663845e995571ef8edf,19.233485209855992,2.242239475250244,0.9379765725926368
p257_410.wav,Noisy,57299,8d19294f23b8bdad527eef80bb43900fcee8a30cd0a783fdcf3bf9f930546dc2,c16279c8ad57f61e8205bb102a91dced454f15a7f0b0623b2f60a12d2587ea7f,6.613387460975524,1.1836094856262207,0.9353614590727006
p257_410.wav,RNNoise v0.2,57299,8d19294f23b8bdad527eef80bb43900fcee8a30cd0a783fdcf3bf9f930546dc2,c16279c8ad57f61e8205bb102a91dced454f15a7f0b0623b2f60a12d2587ea7f,14.19630321110828,1.994759202003479,0.9346375361244562
p257_410.wav,GTCRN,57299,8d19294f23b8bdad527eef80bb43900fcee8a30cd0a783fdcf3bf9f930546dc2,c16279c8ad57f61e8205bb102a91dced454f15a7f0b0623b2f60a12d2587ea7f,18.40803939569595,2.9013776779174805,0.9551295809144457
p257_411.wav,Noisy,50735,560e9715aaccfacb93964632c8c297da1b5bf5c520e3021f457cf307ba203742,2526dee5e1434af0540f722ba5933711ce213658c0c1240a61c66b0d1b0fd229,1.8458391866547197,1.0814870595932007,0.892484305033239
p257_411.wav,RNNoise v0.2,50735,560e9715aaccfacb93964632c8c297da1b5bf5c520e3021f457cf307ba203742,2526dee5e1434af0540f722ba5933711ce213658c0c1240a61c66b0d1b0fd229,11.34877320254663,1.5622313022613525,0.8558662409879714
p257_411.wav,GTCRN,50735,560e9715aaccfacb93964632c8c297da1b5bf5c520e3021f457cf307ba203742,2526dee5e1434af0540f722ba5933711ce213658c0c1240a61c66b0d1b0fd229,13.819751347220663,2.03533935546875,0.931745229792755
p257_412.wav,Noisy,30505,bf1f8e1d7a9fba30cd542881b6161d5fcaf953b08deefa5f23e4a7cb502a9960,f406073955c16b338162e0ee8013a6b6f095b2f0987a73d47e575fe9bc03371f,15.298607641321906,2.4655961990356445,0.9802777259029113
p257_412.wav,RNNoise v0.2,30505,bf1f8e1d7a9fba30cd542881b6161d5fcaf953b08deefa5f23e4a7cb502a9960,f406073955c16b338162e0ee8013a6b6f095b2f0987a73d47e575fe9bc03371f,16.688775219984183,3.350615978240967,0.9833749357063742
p257_412.wav,GTCRN,30505,bf1f8e1d7a9fba30cd542881b6161d5fcaf953b08deefa5f23e4a7cb502a9960,f406073955c16b338162e0ee8013a6b6f095b2f0987a73d47e575fe9bc03371f,21.5478890873357,3.1361329555511475,0.9563498967216054
p257_413.wav,Noisy,32574,3c86541a611a2afd31491bf977e6f1172e22b0bdfb60fe0fe56e32d637a83180,95ba2a9fa51c38fee8b3a48c051497a4c57993ead7268b7366baafd208f7576f,10.948884420912997,1.3989596366882324,0.9333083886196605
p257_413.wav,RNNoise v0.2,32574,3c86541a611a2afd31491bf977e6f1172e22b0bdfb60fe0fe56e32d637a83180,95ba2a9fa51c38fee8b3a48c051497a4c57993ead7268b7366baafd208f7576f,14.486157532947834,2.172057867050171,0.8585587514380771
p257_413.wav,GTCRN,32574,3c86541a611a2afd31491bf977e6f1172e22b0bdfb60fe0fe56e32d637a83180,95ba2a9fa51c38fee8b3a48c051497a4c57993ead7268b7366baafd208f7576f,17.444866889201677,2.4779365062713623,0.9393501645917025
p257_414.wav,Noisy,29551,ea89b9ee04bc1469f1a6ae50545e2748713322cbec9a864575ffa216f9ca07d1,1f2a7ff6e4371f230a4dd859bc495f01233285e585a9d54a08f45e8b8d15989e,6.519011522506096,1.5932766199111938,0.9045078650650327
p257_414.wav,RNNoise v0.2,29551,ea89b9ee04bc1469f1a6ae50545e2748713322cbec9a864575ffa216f9ca07d1,1f2a7ff6e4371f230a4dd859bc495f01233285e585a9d54a08f45e8b8d15989e,13.449742641793275,2.158874034881592,0.9245634349298744
p257_414.wav,GTCRN,29551,ea89b9ee04bc1469f1a6ae50545e2748713322cbec9a864575ffa216f9ca07d1,1f2a7ff6e4371f230a4dd859bc495f01233285e585a9d54a08f45e8b8d15989e,15.96520771921413,2.63820743560791,0.9516484963229318
p257_415.wav,Noisy,31637,af661f4c9b2cbb8729734211545868524a2c15cbb5d7be8c1be62e464e13abb1,9c3c94bab70e601f7bc84e0dfe42de1172cdc98434bdbfa7d15af75a0d83eb40,0.5815658682200866,1.1070548295974731,0.8451844286239201
p257_415.wav,RNNoise v0.2,31637,af661f4c9b2cbb8729734211545868524a2c15cbb5d7be8c1be62e464e13abb1,9c3c94bab70e601f7bc84e0dfe42de1172cdc98434bdbfa7d15af75a0d83eb40,11.551735472578644,1.243869423866272,0.8412230358925025
p257_415.wav,GTCRN,31637,af661f4c9b2cbb8729734211545868524a2c15cbb5d7be8c1be62e464e13abb1,9c3c94bab70e601f7bc84e0dfe42de1172cdc98434bdbfa7d15af75a0d83eb40,13.061619008031597,1.9357634782791138,0.8936615668919248
p257_416.wav,Noisy,34918,0b05b94463e81a98d8be556029c32d924b95b3a67ba67d37786aa8c4b0ffc349,93e84311fa4a697a826e93f95de39f50e646d141007f9e39d5836a8b922d4e67,16.014031921446634,3.346499443054199,0.9964050308164042
p257_416.wav,RNNoise v0.2,34918,0b05b94463e81a98d8be556029c32d924b95b3a67ba67d37786aa8c4b0ffc349,93e84311fa4a697a826e93f95de39f50e646d141007f9e39d5836a8b922d4e67,17.52263941894953,3.6768980026245117,0.9893895617241638
p257_416.wav,GTCRN,34918,0b05b94463e81a98d8be556029c32d924b95b3a67ba67d37786aa8c4b0ffc349,93e84311fa4a697a826e93f95de39f50e646d141007f9e39d5836a8b922d4e67,23.7665701942824,3.8451473712921143,0.9953379334760231
p257_417.wav,Noisy,26572,56b6aac570ef648373c3da99f4e540f5d601b3577cdac4eb8e787451d219e1dd,6d657bca07b7cd3c2850563577a30d10917fa787a3e319e8b685f7a91ceec04f,10.369449847118036,2.692310333251953,0.9893040288851267
p257_417.wav,RNNoise v0.2,26572,56b6aac570ef648373c3da99f4e540f5d601b3577cdac4eb8e787451d219e1dd,6d657bca07b7cd3c2850563577a30d10917fa787a3e319e8b685f7a91ceec04f,18.074433399357666,3.032418727874756,0.9791120991428403
p257_417.wav,GTCRN,26572,56b6aac570ef648373c3da99f4e540f5d601b3577cdac4eb8e787451d219e1dd,6d657bca07b7cd3c2850563577a30d10917fa787a3e319e8b685f7a91ceec04f,24.53160108836944,3.5196332931518555,0.986090573128854
p257_418.wav,Noisy,42995,d29d265821a6485c765dad19ff62549579f0d7a032329fdfe5c85e4626874d2c,a18c20f04fc743c70e4239234fd2ae44ed8e6a528eabb8fdc28ad384531a28b9,6.2817737654815655,1.825692892074585,0.9504762858432929
p257_418.wav,RNNoise v0.2,42995,d29d265821a6485c765dad19ff62549579f0d7a032329fdfe5c85e4626874d2c,a18c20f04fc743c70e4239234fd2ae44ed8e6a528eabb8fdc28ad384531a28b9,15.401825938741474,2.3719449043273926,0.9016282290625874
p257_418.wav,GTCRN,42995,d29d265821a6485c765dad19ff62549579f0d7a032329fdfe5c85e4626874d2c,a18c20f04fc743c70e4239234fd2ae44ed8e6a528eabb8fdc28ad384531a28b9,21.200574850187127,2.4966559410095215,0.9515004011329649
p257_419.wav,Noisy,36857,b0d97223d5b1673f17af474143a4d8b3ade54420476da51d5ac14bdcee69d980,ce6772c70d155477b18c2b0f75950c6c35737d0828766ae6184d031720b76d25,1.0472103142305387,1.8500218391418457,0.9632311911470817
p257_419.wav,RNNoise v0.2,36857,b0d97223d5b1673f17af474143a4d8b3ade54420476da51d5ac14bdcee69d980,ce6772c70d155477b18c2b0f75950c6c35737d0828766ae6184d031720b76d25,14.152024031732642,2.6650280952453613,0.9376506637122276
p257_419.wav,GTCRN,36857,b0d97223d5b1673f17af474143a4d8b3ade54420476da51d5ac14bdcee69d980,ce6772c70d155477b18c2b0f75950c6c35737d0828766ae6184d031720b76d25,18.585592212571935,3.2338812351226807,0.9612502635255852
p257_420.wav,Noisy,25780,6ef046d1363dbc1705158ecee24bffe4301b8223145c65b4f41142c5fab27a64,2482e79fcfe1897f161aba9821bbc52e3a7723fbf0c98ea485f9fc07ff899cd2,15.121330308624382,2.3106484413146973,0.9764939147806747
p257_420.wav,RNNoise v0.2,25780,6ef046d1363dbc1705158ecee24bffe4301b8223145c65b4f41142c5fab27a64,2482e79fcfe1897f161aba9821bbc52e3a7723fbf0c98ea485f9fc07ff899cd2,16.027136715331057,2.4856553077697754,0.9474444293496608
p257_420.wav,GTCRN,25780,6ef046d1363dbc1705158ecee24bffe4301b8223145c65b4f41142c5fab27a64,2482e79fcfe1897f161aba9821bbc52e3a7723fbf0c98ea485f9fc07ff899cd2,20.512198173122158,3.279357671737671,0.9711659195751822
p257_421.wav,Noisy,25369,5708e81b533973ef6108936724a5bb1c13740e1e62455e03544bca8f38946191,d696e5da5f01bab13424f69b4024dbcef7d007dcca147cb34f2b862b1bf727c1,10.312129064123127,1.953235387802124,0.8570491922065983
p257_421.wav,RNNoise v0.2,25369,5708e81b533973ef6108936724a5bb1c13740e1e62455e03544bca8f38946191,d696e5da5f01bab13424f69b4024dbcef7d007dcca147cb34f2b862b1bf727c1,13.963911406340824,2.540825128555298,0.8506626749914774
p257_421.wav,GTCRN,25369,5708e81b533973ef6108936724a5bb1c13740e1e62455e03544bca8f38946191,d696e5da5f01bab13424f69b4024dbcef7d007dcca147cb34f2b862b1bf727c1,19.20011791295537,3.0989649295806885,0.874346108214467
p257_422.wav,Noisy,49089,5f8c78f422e39cb8f496a7aca38aa39feadfd7d35e62a656e27d7607f1491bf2,28c9a606591058e07581275465f755887ddf86abe6aa2dc5547e592e644b1758,6.438215659409102,1.2186741828918457,0.8534448392567141
p257_422.wav,RNNoise v0.2,49089,5f8c78f422e39cb8f496a7aca38aa39feadfd7d35e62a656e27d7607f1491bf2,28c9a606591058e07581275465f755887ddf86abe6aa2dc5547e592e644b1758,11.567319803514293,1.7039718627929688,0.915911963203169
p257_422.wav,GTCRN,49089,5f8c78f422e39cb8f496a7aca38aa39feadfd7d35e62a656e27d7607f1491bf2,28c9a606591058e07581275465f755887ddf86abe6aa2dc5547e592e644b1758,14.77520499671863,2.211137056350708,0.8846843975149
p257_423.wav,Noisy,31244,eb260960530fc85d5834c76ce258a919152241ae3b423b208b3493f31edb8077,339593e321a3eee6bf59be158cb4358a57c105cfabd66c136a1be4633632e086,0.37798733420370567,1.0897451639175415,0.9102770065099823
p257_423.wav,RNNoise v0.2,31244,eb260960530fc85d5834c76ce258a919152241ae3b423b208b3493f31edb8077,339593e321a3eee6bf59be158cb4358a57c105cfabd66c136a1be4633632e086,14.34871640986708,1.188752293586731,0.8866315107439121
p257_423.wav,GTCRN,31244,eb260960530fc85d5834c76ce258a919152241ae3b423b208b3493f31edb8077,339593e321a3eee6bf59be158cb4358a57c105cfabd66c136a1be4633632e086,17.470766639846364,2.050846576690674,0.9160424187884082
p257_424.wav,Noisy,54966,3a2e342e4c1f9de6b9cb7ab2f8d5ae50f2056c3a3697af4d4243dedc832af4f9,ce96347fb9b783918a258423ab2418ebc053b70087420f9dae30eee459e63fd9,16.59314220124562,1.646429181098938,0.980121412715325
p257_424.wav,RNNoise v0.2,54966,3a2e342e4c1f9de6b9cb7ab2f8d5ae50f2056c3a3697af4d4243dedc832af4f9,ce96347fb9b783918a258423ab2418ebc053b70087420f9dae30eee459e63fd9,16.79651994044439,3.043959856033325,0.9699397024031955
p257_424.wav,GTCRN,54966,3a2e342e4c1f9de6b9cb7ab2f8d5ae50f2056c3a3697af4d4243dedc832af4f9,ce96347fb9b783918a258423ab2418ebc053b70087420f9dae30eee459e63fd9,22.804587096959203,3.620600461959839,0.9904044048665241
p257_425.wav,Noisy,25981,df493bccc861a36d145f8bd3a07f6a91ba2e3d22ef177886da321f5483df415e,b20fef4e4b3cb5053428f234cfe38599d3e9fa9db8826fd1d1fe27255efc4e77,4.729455389402999,2.2625560760498047,0.8890039124637625
p257_425.wav,RNNoise v0.2,25981,df493bccc861a36d145f8bd3a07f6a91ba2e3d22ef177886da321f5483df415e,b20fef4e4b3cb5053428f234cfe38599d3e9fa9db8826fd1d1fe27255efc4e77,13.24224221831523,2.7824981212615967,0.9264126304953609
p257_425.wav,GTCRN,25981,df493bccc861a36d145f8bd3a07f6a91ba2e3d22ef177886da321f5483df415e,b20fef4e4b3cb5053428f234cfe38599d3e9fa9db8826fd1d1fe27255efc4e77,16.118193804046165,3.1938068866729736,0.9258552433435938
p257_426.wav,Noisy,36770,268c5e0b61cb9c9e142c17851d07d7a89e47877e706e726c08d6acc20a8705fa,c2461d5a3c74a34218f27adf633012f28f6eca9c8ec4ca865f5b9747e617720b,1.1837701593644259,1.124180793762207,0.8411062778934619
p257_426.wav,RNNoise v0.2,36770,268c5e0b61cb9c9e142c17851d07d7a89e47877e706e726c08d6acc20a8705fa,c2461d5a3c74a34218f27adf633012f28f6eca9c8ec4ca865f5b9747e617720b,11.23428657556298,1.2884676456451416,0.8525343516021558
p257_426.wav,GTCRN,36770,268c5e0b61cb9c9e142c17851d07d7a89e47877e706e726c08d6acc20a8705fa,c2461d5a3c74a34218f27adf633012f28f6eca9c8ec4ca865f5b9747e617720b,13.012240302340771,1.8257615566253662,0.8920361501455584
p257_427.wav,Noisy,30793,fd30af4a2f449ebc29f7d6ed3d106989c573aaeb1a981d517c1d075f93697415,c420601e29c123f46684dbd7e84789850b6944ed7c708fe6a91c8b151aaf4d07,1.0309255682798215,1.036867380142212,0.7096967708601333
p257_427.wav,RNNoise v0.2,30793,fd30af4a2f449ebc29f7d6ed3d106989c573aaeb1a981d517c1d075f93697415,c420601e29c123f46684dbd7e84789850b6944ed7c708fe6a91c8b151aaf4d07,7.400590212249679,1.225216031074524,0.7099506442250237
p257_427.wav,GTCRN,30793,fd30af4a2f449ebc29f7d6ed3d106989c573aaeb1a981d517c1d075f93697415,c420601e29c123f46684dbd7e84789850b6944ed7c708fe6a91c8b151aaf4d07,10.26784056177279,1.2814691066741943,0.7593782343277523
p257_428.wav,Noisy,38873,9adda03aac04567733b9394357e5b8224ce3610d84fe5c56a4c2ff2add497672,bb476e26e066d86ff90cd3c28eefe09e19abba098ca38f43af8adc6774790496,11.187531840100533,2.5865328311920166,0.9719608813858936
p257_428.wav,RNNoise v0.2,38873,9adda03aac04567733b9394357e5b8224ce3610d84fe5c56a4c2ff2add497672,bb476e26e066d86ff90cd3c28eefe09e19abba098ca38f43af8adc6774790496,14.26546391881218,3.3310694694519043,0.9688951309774511
p257_428.wav,GTCRN,38873,9adda03aac04567733b9394357e5b8224ce3610d84fe5c56a4c2ff2add497672,bb476e26e066d86ff90cd3c28eefe09e19abba098ca38f43af8adc6774790496,19.191965033116055,3.3163154125213623,0.9727061389550136
p257_429.wav,Noisy,22249,94ef6e64209abd60a4a2656f4c8c64b8ce7b8afdcb087ff709eb2623c2f7300a,2ef66223cf9904540b3ef5dbe99ac8c8850ef242b54ca1b6f99f7383cb394e59,9.973948393305458,1.4410789012908936,0.8503927775628906
p257_429.wav,RNNoise v0.2,22249,94ef6e64209abd60a4a2656f4c8c64b8ce7b8afdcb087ff709eb2623c2f7300a,2ef66223cf9904540b3ef5dbe99ac8c8850ef242b54ca1b6f99f7383cb394e59,13.033534264533484,1.9887003898620605,0.9149053909928487
p257_429.wav,GTCRN,22249,94ef6e64209abd60a4a2656f4c8c64b8ce7b8afdcb087ff709eb2623c2f7300a,2ef66223cf9904540b3ef5dbe99ac8c8850ef242b54ca1b6f99f7383cb394e59,15.986208401101171,2.1529154777526855,0.9309797468021737
p257_430.wav,Noisy,54644,ada802b5fc2edefe33f2f9e8fa767ceb83ba480843d9aff001bc06880521d7a6,4d0c767faad35b7d528a598076c4ae6182852b67890f32f371e649d4d9f3002d,6.661925095979463,1.3256032466888428,0.873728460717788
p257_430.wav,RNNoise v0.2,54644,ada802b5fc2edefe33f2f9e8fa767ceb83ba480843d9aff001bc06880521d7a6,4d0c767faad35b7d528a598076c4ae6182852b67890f32f371e649d4d9f3002d,11.128429041820674,1.7242662906646729,0.8659884925070716
p257_430.wav,GTCRN,54644,ada802b5fc2edefe33f2f9e8fa767ceb83ba480843d9aff001bc06880521d7a6,4d0c767faad35b7d528a598076c4ae6182852b67890f32f371e649d4d9f3002d,14.699813682601818,2.4204325675964355,0.9199300780277819
p257_431.wav,Noisy,38593,19d2f1b5cdb28f43d65b4c9a788d317fee97f0d5ba1232781b7e68e83487d4c0,ba4f82ba3113b0ac9f25bed8f39314f4eca927acd5f5140edd3a92475abeedde,6.2879813383660865,1.11909818649292,0.9129335778415804
p257_431.wav,RNNoise v0.2,38593,19d2f1b5cdb28f43d65b4c9a788d317fee97f0d5ba1232781b7e68e83487d4c0,ba4f82ba3113b0ac9f25bed8f39314f4eca927acd5f5140edd3a92475abeedde,12.520422836028743,1.4822778701782227,0.8848184607436113
p257_431.wav,GTCRN,38593,19d2f1b5cdb28f43d65b4c9a788d317fee97f0d5ba1232781b7e68e83487d4c0,ba4f82ba3113b0ac9f25bed8f39314f4eca927acd5f5140edd3a92475abeedde,15.774788075789274,2.2542643547058105,0.9267065047779809
p257_432.wav,Noisy,35360,c9acf732a875dbf3ddf0d4c8d1c35e965bce26b4ad4753ae795eb4ab6e640781,001c8ef118356063eb5e0c223241b62738103e035c675884a550cfcf99184744,9.943626817972605,1.0707651376724243,0.7558713447420831
p257_432.wav,RNNoise v0.2,35360,c9acf732a875dbf3ddf0d4c8d1c35e965bce26b4ad4753ae795eb4ab6e640781,001c8ef118356063eb5e0c223241b62738103e035c675884a550cfcf99184744,14.164802740887765,2.182375907897949,0.7979234478438004
p257_432.wav,GTCRN,35360,c9acf732a875dbf3ddf0d4c8d1c35e965bce26b4ad4753ae795eb4ab6e640781,001c8ef118356063eb5e0c223241b62738103e035c675884a550cfcf99184744,17.70682542204208,2.54241681098938,0.781240249392148
p257_433.wav,Noisy,36976,0c22ac5db6b751d153c8b6aa86aa48989f17050d90db8c00ba3cd1c210b4a1dd,8011f19c18a650aa1c0affc63cd448816fe02f081a2c0cba63203d6a4651b985,10.279484107229841,2.495192289352417,0.9694407738562593
p257_433.wav,RNNoise v0.2,36976,0c22ac5db6b751d153c8b6aa86aa48989f17050d90db8c00ba3cd1c210b4a1dd,8011f19c18a650aa1c0affc63cd448816fe02f081a2c0cba63203d6a4651b985,16.43420260016233,3.1312105655670166,0.9776989383053478
p257_433.wav,GTCRN,36976,0c22ac5db6b751d153c8b6aa86aa48989f17050d90db8c00ba3cd1c210b4a1dd,8011f19c18a650aa1c0affc63cd448816fe02f081a2c0cba63203d6a4651b985,21.426429661839776,3.2913336753845215,0.9774529971849528
p257_434.wav,Noisy,33342,94c3867828a8302618f903dc258a2792189182b509c78f187f0f28e22a31c84a,f3e84261b11ea0c339281e84cf6f2119efa0eb594198ad7cf043f437466a585d,0.28246511226469406,1.97029447555542,0.8845117383798234
p257_434.wav,RNNoise v0.2,33342,94c3867828a8302618f903dc258a2792189182b509c78f187f0f28e22a31c84a,f3e84261b11ea0c339281e84cf6f2119efa0eb594198ad7cf043f437466a585d,14.273062086817172,2.7417685985565186,0.9383549131377541
p257_434.wav,GTCRN,33342,94c3867828a8302618f903dc258a2792189182b509c78f187f0f28e22a31c84a,f3e84261b11ea0c339281e84cf6f2119efa0eb594198ad7cf043f437466a585d,19.206301446777932,3.1120052337646484,0.9059588350496286
